ISO-10303-21;
HEADER;
FILE_DESCRIPTION(('Designed by EasyEDA Pro'),'2;1');
FILE_NAME('Open CASCADE Shape Model','2026-09-26T17:16:07',('Author'),(
    'Open CASCADE'),'Open CASCADE STEP processor 7.8','Open CASCADE 7.8'
  ,'Unknown');
FILE_SCHEMA(('AUTOMOTIVE_DESIGN { 1 0 10303 214 1 1 1 1 }'));
ENDSEC;
DATA;

#1 = APPLICATION_PROTOCOL_DEFINITION('international standard',  'automotive_design',2000,#2);
#2 = APPLICATION_CONTEXT(  'core data for automotive mechanical design processes');
#3 = SHAPE_DEFINITION_REPRESENTATION(#4,#10);
#4 = PRODUCT_DEFINITION_SHAPE('','',#5);
#5 = PRODUCT_DEFINITION('design','',#6,#9);
#6 = PRODUCT_DEFINITION_FORMATION('','',#7);
#7 = PRODUCT('EasyEDA PCB Model~8QTj','EasyEDA PCB Model~8QTj','',(#8));
#8 = PRODUCT_CONTEXT('',#2,'mechanical');
#9 = PRODUCT_DEFINITION_CONTEXT('part definition',#2,'design');
#10=SHAPE_REPRESENTATION('',(#11,#15,#19,#23,#27,#31),#35);
#11 = AXIS2_PLACEMENT_3D('',#12,#13,#14);
#12 = CARTESIAN_POINT('',(0.,0.,0.));
#13 = DIRECTION('',(0.,0.,1.));
#14 = DIRECTION('',(1.,0.,-0.));
#15 = AXIS2_PLACEMENT_3D('',#16,#17,#18);
#16 = CARTESIAN_POINT('',(0.,0.,0.));
#17 = DIRECTION('',(0.,0.,1.));
#18 = DIRECTION('',(1.,0.,-0.));
#19 = AXIS2_PLACEMENT_3D('',#20,#21,#22);
#20 = CARTESIAN_POINT('',(0.,0.,1.548354076708));
#21 = DIRECTION('',(0.,0.,1.));
#22 = DIRECTION('',(1.,0.,-0.));
#23 = AXIS2_PLACEMENT_3D('',#24,#25,#26);
#24 = CARTESIAN_POINT('',(0.,0.,-1.E-02));
#25 = DIRECTION('',(0.,0.,1.));
#26 = DIRECTION('',(1.,0.,-0.));
#27 = AXIS2_PLACEMENT_3D('',#28,#29,#30);
#28 = CARTESIAN_POINT('',(0.,0.,0.));
#29 = DIRECTION('',(0.,0.,1.));
#30 = DIRECTION('',(1.,0.,-0.));
#31 = AXIS2_PLACEMENT_3D('',#32,#33,#34);
#32 = CARTESIAN_POINT('',(0.,0.,0.));
#33 = DIRECTION('',(0.,0.,1.));
#34 = DIRECTION('',(1.,0.,-0.));
#35 = ( GEOMETRIC_REPRESENTATION_CONTEXT(3) GLOBAL_UNCERTAINTY_ASSIGNED_CONTEXT((#39)) GLOBAL_UNIT_ASSIGNED_CONTEXT((#36,#37,#38)) REPRESENTATION_CONTEXT('Context #1',  '3D Context with UNIT and UNCERTAINTY') );
#36 = ( LENGTH_UNIT() NAMED_UNIT(*) SI_UNIT(.MILLI.,.METRE.) );
#37 = ( NAMED_UNIT(*) PLANE_ANGLE_UNIT() SI_UNIT($,.RADIAN.) );
#38 = ( NAMED_UNIT(*) SI_UNIT($,.STERADIAN.) SOLID_ANGLE_UNIT() );
#39 = UNCERTAINTY_MEASURE_WITH_UNIT(LENGTH_MEASURE(1.E-07),#36,  'distance_accuracy_value','confusion accuracy');
#40 = PRODUCT_RELATED_PRODUCT_CATEGORY('part',$,(#7));
#41 = SHAPE_DEFINITION_REPRESENTATION(#42,#48);
#42 = PRODUCT_DEFINITION_SHAPE('','',#43);
#43 = PRODUCT_DEFINITION('design','',#44,#47);
#44 = PRODUCT_DEFINITION_FORMATION('','',#45);
#45 = PRODUCT('Board~8QTj','Board~8QTj','',(#46));
#46 = PRODUCT_CONTEXT('',#2,'mechanical');
#47 = PRODUCT_DEFINITION_CONTEXT('part definition',#2,'design');
#48 = ADVANCED_BREP_SHAPE_REPRESENTATION('',(#11,#49),#3515);
#49 = MANIFOLD_SOLID_BREP('',#50);
#50 = CLOSED_SHELL('',(#51,#91,#122,#153,#175,#217,#241,#283,#307,#349,    #373,#415,#439,#481,#505,#547,#571,#613,#637,#679,#703,#745,#769,    #811,#835,#875,#908,#939,#963,#1005,#1029,#1071,#1095,#1137,#1161,    #1201,#1234,#1265,#1289,#1329,#1362,#1393,#1417,#1459,#1483,#1525,    #1549,#1591,#1615,#1655,#1688,#1719,#1743,#1783,#1816,#1847,#1871,    #1911,#1944,#1975,#1999,#2041,#2065,#2107,#2131,#2173,#2204,#2237,    #2259,#2299,#2332,#2363,#2387,#2427,#2460,#2491,#2515,#2557,#2581,    #2623,#2647,#2689,#2713,#2755,#2779,#2821,#2845,#2887,#2911,#2951,    #2984,#3015,#3039,#3079,#3112,#3143,#3167,#3341));
#51 = ADVANCED_FACE('',(#52),#86,.T.);
#52 = FACE_BOUND('',#53,.T.);
#53 = EDGE_LOOP('',(#54,#64,#72,#80));
#54 = ORIENTED_EDGE('',*,*,#55,.T.);
#55 = EDGE_CURVE('',#56,#58,#60,.T.);
#56 = VERTEX_POINT('',#57);
#57 = CARTESIAN_POINT('',(1.270002540005E-02,-1.270002540005E-02,0.));
#58 = VERTEX_POINT('',#59);
#59 = CARTESIAN_POINT('',(1.270002540005E-02,-1.270002540005E-02,    1.538354076708));
#60 = LINE('',#61,#62);
#61 = CARTESIAN_POINT('',(1.270002540005E-02,-1.270002540005E-02,0.));
#62 = VECTOR('',#63,1.);
#63 = DIRECTION('',(0.,0.,1.));
#64 = ORIENTED_EDGE('',*,*,#65,.T.);
#65 = EDGE_CURVE('',#58,#66,#68,.T.);
#66 = VERTEX_POINT('',#67);
#67 = CARTESIAN_POINT('',(59.987419354839,-1.270002540005E-02,    1.538354076708));
#68 = LINE('',#69,#70);
#69 = CARTESIAN_POINT('',(1.270002540005E-02,-1.270002540005E-02,    1.538354076708));
#70 = VECTOR('',#71,1.);
#71 = DIRECTION('',(1.,0.,0.));
#72 = ORIENTED_EDGE('',*,*,#73,.F.);
#73 = EDGE_CURVE('',#74,#66,#76,.T.);
#74 = VERTEX_POINT('',#75);
#75 = CARTESIAN_POINT('',(59.987419354839,-1.270002540005E-02,0.));
#76 = LINE('',#77,#78);
#77 = CARTESIAN_POINT('',(59.987419354839,-1.270002540005E-02,0.));
#78 = VECTOR('',#79,1.);
#79 = DIRECTION('',(0.,0.,1.));
#80 = ORIENTED_EDGE('',*,*,#81,.F.);
#81 = EDGE_CURVE('',#56,#74,#82,.T.);
#82 = LINE('',#83,#84);
#83 = CARTESIAN_POINT('',(1.270002540005E-02,-1.270002540005E-02,0.));
#84 = VECTOR('',#85,1.);
#85 = DIRECTION('',(1.,0.,0.));
#86 = PLANE('',#87);
#87 = AXIS2_PLACEMENT_3D('',#88,#89,#90);
#88 = CARTESIAN_POINT('',(1.270002540005E-02,-1.270002540005E-02,0.));
#89 = DIRECTION('',(0.,1.,0.));
#90 = DIRECTION('',(1.,0.,0.));
#91 = ADVANCED_FACE('',(#92),#117,.T.);
#92 = FACE_BOUND('',#93,.T.);
#93 = EDGE_LOOP('',(#94,#95,#103,#111));
#94 = ORIENTED_EDGE('',*,*,#73,.T.);
#95 = ORIENTED_EDGE('',*,*,#96,.T.);
#96 = EDGE_CURVE('',#66,#97,#99,.T.);
#97 = VERTEX_POINT('',#98);
#98 = CARTESIAN_POINT('',(59.987419354839,-59.98741935483,1.538354076708    ));
#99 = LINE('',#100,#101);
#100 = CARTESIAN_POINT('',(59.987419354839,-1.270002540005E-02,    1.538354076708));
#101 = VECTOR('',#102,1.);
#102 = DIRECTION('',(0.,-1.,0.));
#103 = ORIENTED_EDGE('',*,*,#104,.F.);
#104 = EDGE_CURVE('',#105,#97,#107,.T.);
#105 = VERTEX_POINT('',#106);
#106 = CARTESIAN_POINT('',(59.987419354839,-59.98741935483,0.));
#107 = LINE('',#108,#109);
#108 = CARTESIAN_POINT('',(59.987419354839,-59.98741935483,0.));
#109 = VECTOR('',#110,1.);
#110 = DIRECTION('',(0.,0.,1.));
#111 = ORIENTED_EDGE('',*,*,#112,.F.);
#112 = EDGE_CURVE('',#74,#105,#113,.T.);
#113 = LINE('',#114,#115);
#114 = CARTESIAN_POINT('',(59.987419354839,-1.270002540005E-02,0.));
#115 = VECTOR('',#116,1.);
#116 = DIRECTION('',(0.,-1.,0.));
#117 = PLANE('',#118);
#118 = AXIS2_PLACEMENT_3D('',#119,#120,#121);
#119 = CARTESIAN_POINT('',(59.987419354839,-1.270002540005E-02,0.));
#120 = DIRECTION('',(1.,0.,-0.));
#121 = DIRECTION('',(0.,-1.,0.));
#122 = ADVANCED_FACE('',(#123),#148,.T.);
#123 = FACE_BOUND('',#124,.T.);
#124 = EDGE_LOOP('',(#125,#126,#134,#142));
#125 = ORIENTED_EDGE('',*,*,#104,.T.);
#126 = ORIENTED_EDGE('',*,*,#127,.T.);
#127 = EDGE_CURVE('',#97,#128,#130,.T.);
#128 = VERTEX_POINT('',#129);
#129 = CARTESIAN_POINT('',(1.270002540005E-02,-59.98741935483,    1.538354076708));
#130 = LINE('',#131,#132);
#131 = CARTESIAN_POINT('',(59.987419354839,-59.98741935483,    1.538354076708));
#132 = VECTOR('',#133,1.);
#133 = DIRECTION('',(-1.,0.,0.));
#134 = ORIENTED_EDGE('',*,*,#135,.F.);
#135 = EDGE_CURVE('',#136,#128,#138,.T.);
#136 = VERTEX_POINT('',#137);
#137 = CARTESIAN_POINT('',(1.270002540005E-02,-59.98741935483,0.));
#138 = LINE('',#139,#140);
#139 = CARTESIAN_POINT('',(1.270002540005E-02,-59.98741935483,0.));
#140 = VECTOR('',#141,1.);
#141 = DIRECTION('',(0.,0.,1.));
#142 = ORIENTED_EDGE('',*,*,#143,.F.);
#143 = EDGE_CURVE('',#105,#136,#144,.T.);
#144 = LINE('',#145,#146);
#145 = CARTESIAN_POINT('',(59.987419354839,-59.98741935483,0.));
#146 = VECTOR('',#147,1.);
#147 = DIRECTION('',(-1.,0.,0.));
#148 = PLANE('',#149);
#149 = AXIS2_PLACEMENT_3D('',#150,#151,#152);
#150 = CARTESIAN_POINT('',(59.987419354839,-59.98741935483,0.));
#151 = DIRECTION('',(0.,-1.,0.));
#152 = DIRECTION('',(-1.,0.,0.));
#153 = ADVANCED_FACE('',(#154),#170,.T.);
#154 = FACE_BOUND('',#155,.T.);
#155 = EDGE_LOOP('',(#156,#157,#163,#164));
#156 = ORIENTED_EDGE('',*,*,#135,.T.);
#157 = ORIENTED_EDGE('',*,*,#158,.T.);
#158 = EDGE_CURVE('',#128,#58,#159,.T.);
#159 = LINE('',#160,#161);
#160 = CARTESIAN_POINT('',(1.270002540005E-02,-59.98741935483,    1.538354076708));
#161 = VECTOR('',#162,1.);
#162 = DIRECTION('',(0.,1.,0.));
#163 = ORIENTED_EDGE('',*,*,#55,.F.);
#164 = ORIENTED_EDGE('',*,*,#165,.F.);
#165 = EDGE_CURVE('',#136,#56,#166,.T.);
#166 = LINE('',#167,#168);
#167 = CARTESIAN_POINT('',(1.270002540005E-02,-59.98741935483,0.));
#168 = VECTOR('',#169,1.);
#169 = DIRECTION('',(0.,1.,0.));
#170 = PLANE('',#171);
#171 = AXIS2_PLACEMENT_3D('',#172,#173,#174);
#172 = CARTESIAN_POINT('',(1.270002540005E-02,-59.98741935483,0.));
#173 = DIRECTION('',(-1.,0.,0.));
#174 = DIRECTION('',(0.,1.,0.));
#175 = ADVANCED_FACE('',(#176),#212,.F.);
#176 = FACE_BOUND('',#177,.T.);
#177 = EDGE_LOOP('',(#178,#188,#197,#205));
#178 = ORIENTED_EDGE('',*,*,#179,.T.);
#179 = EDGE_CURVE('',#180,#182,#184,.T.);
#180 = VERTEX_POINT('',#181);
#181 = CARTESIAN_POINT('',(1.82001524003,-39.49707899415,0.));
#182 = VERTEX_POINT('',#183);
#183 = CARTESIAN_POINT('',(1.82001524003,-39.49707899415,1.538354076708)  );
#184 = LINE('',#185,#186);
#185 = CARTESIAN_POINT('',(1.82001524003,-39.49707899415,0.));
#186 = VECTOR('',#187,1.);
#187 = DIRECTION('',(0.,0.,1.));
#188 = ORIENTED_EDGE('',*,*,#189,.T.);
#189 = EDGE_CURVE('',#182,#190,#192,.T.);
#190 = VERTEX_POINT('',#191);
#191 = CARTESIAN_POINT('',(0.71998983998,-39.49707899415,1.538354076708)  );
#192 = CIRCLE('',#193,0.550012700025);
#193 = AXIS2_PLACEMENT_3D('',#194,#195,#196);
#194 = CARTESIAN_POINT('',(1.270002540005,-39.49707899415,1.538354076708    ));
#195 = DIRECTION('',(0.,0.,1.));
#196 = DIRECTION('',(1.,1.110223024625E-16,-0.));
#197 = ORIENTED_EDGE('',*,*,#198,.F.);
#198 = EDGE_CURVE('',#199,#190,#201,.T.);
#199 = VERTEX_POINT('',#200);
#200 = CARTESIAN_POINT('',(0.71998983998,-39.49707899415,0.));
#201 = LINE('',#202,#203);
#202 = CARTESIAN_POINT('',(0.71998983998,-39.49707899415,0.));
#203 = VECTOR('',#204,1.);
#204 = DIRECTION('',(0.,0.,1.));
#205 = ORIENTED_EDGE('',*,*,#206,.F.);
#206 = EDGE_CURVE('',#180,#199,#207,.T.);
#207 = CIRCLE('',#208,0.550012700025);
#208 = AXIS2_PLACEMENT_3D('',#209,#210,#211);
#209 = CARTESIAN_POINT('',(1.270002540005,-39.49707899415,0.));
#210 = DIRECTION('',(0.,0.,1.));
#211 = DIRECTION('',(1.,1.110223024625E-16,-0.));
#212 = CYLINDRICAL_SURFACE('',#213,0.550012700025);
#213 = AXIS2_PLACEMENT_3D('',#214,#215,#216);
#214 = CARTESIAN_POINT('',(1.270002540005,-39.49707899415,0.));
#215 = DIRECTION('',(-0.,-0.,-1.));
#216 = DIRECTION('',(1.,1.110223024625E-16,-0.));
#217 = ADVANCED_FACE('',(#218),#236,.F.);
#218 = FACE_BOUND('',#219,.T.);
#219 = EDGE_LOOP('',(#220,#221,#228,#229));
#220 = ORIENTED_EDGE('',*,*,#198,.T.);
#221 = ORIENTED_EDGE('',*,*,#222,.T.);
#222 = EDGE_CURVE('',#190,#182,#223,.T.);
#223 = CIRCLE('',#224,0.550012700025);
#224 = AXIS2_PLACEMENT_3D('',#225,#226,#227);
#225 = CARTESIAN_POINT('',(1.270002540005,-39.49707899415,1.538354076708    ));
#226 = DIRECTION('',(0.,0.,1.));
#227 = DIRECTION('',(-1.,-1.110223024625E-16,0.));
#228 = ORIENTED_EDGE('',*,*,#179,.F.);
#229 = ORIENTED_EDGE('',*,*,#230,.F.);
#230 = EDGE_CURVE('',#199,#180,#231,.T.);
#231 = CIRCLE('',#232,0.550012700025);
#232 = AXIS2_PLACEMENT_3D('',#233,#234,#235);
#233 = CARTESIAN_POINT('',(1.270002540005,-39.49707899415,0.));
#234 = DIRECTION('',(0.,0.,1.));
#235 = DIRECTION('',(-1.,-1.110223024625E-16,0.));
#236 = CYLINDRICAL_SURFACE('',#237,0.550012700025);
#237 = AXIS2_PLACEMENT_3D('',#238,#239,#240);
#238 = CARTESIAN_POINT('',(1.270002540005,-39.49707899415,0.));
#239 = DIRECTION('',(-0.,-0.,-1.));
#240 = DIRECTION('',(-1.,-1.110223024625E-16,0.));
#241 = ADVANCED_FACE('',(#242),#278,.F.);
#242 = FACE_BOUND('',#243,.T.);
#243 = EDGE_LOOP('',(#244,#254,#263,#271));
#244 = ORIENTED_EDGE('',*,*,#245,.T.);
#245 = EDGE_CURVE('',#246,#248,#250,.T.);
#246 = VERTEX_POINT('',#247);
#247 = CARTESIAN_POINT('',(1.82001524003,-36.95707391414,0.));
#248 = VERTEX_POINT('',#249);
#249 = CARTESIAN_POINT('',(1.82001524003,-36.95707391414,1.538354076708)  );
#250 = LINE('',#251,#252);
#251 = CARTESIAN_POINT('',(1.82001524003,-36.95707391414,0.));
#252 = VECTOR('',#253,1.);
#253 = DIRECTION('',(0.,0.,1.));
#254 = ORIENTED_EDGE('',*,*,#255,.T.);
#255 = EDGE_CURVE('',#248,#256,#258,.T.);
#256 = VERTEX_POINT('',#257);
#257 = CARTESIAN_POINT('',(0.71998983998,-36.95707391414,1.538354076708)  );
#258 = CIRCLE('',#259,0.550012700025);
#259 = AXIS2_PLACEMENT_3D('',#260,#261,#262);
#260 = CARTESIAN_POINT('',(1.270002540005,-36.95707391414,1.538354076708    ));
#261 = DIRECTION('',(0.,0.,1.));
#262 = DIRECTION('',(1.,1.110223024625E-16,-0.));
#263 = ORIENTED_EDGE('',*,*,#264,.F.);
#264 = EDGE_CURVE('',#265,#256,#267,.T.);
#265 = VERTEX_POINT('',#266);
#266 = CARTESIAN_POINT('',(0.71998983998,-36.95707391414,0.));
#267 = LINE('',#268,#269);
#268 = CARTESIAN_POINT('',(0.71998983998,-36.95707391414,0.));
#269 = VECTOR('',#270,1.);
#270 = DIRECTION('',(0.,0.,1.));
#271 = ORIENTED_EDGE('',*,*,#272,.F.);
#272 = EDGE_CURVE('',#246,#265,#273,.T.);
#273 = CIRCLE('',#274,0.550012700025);
#274 = AXIS2_PLACEMENT_3D('',#275,#276,#277);
#275 = CARTESIAN_POINT('',(1.270002540005,-36.95707391414,0.));
#276 = DIRECTION('',(0.,0.,1.));
#277 = DIRECTION('',(1.,1.110223024625E-16,-0.));
#278 = CYLINDRICAL_SURFACE('',#279,0.550012700025);
#279 = AXIS2_PLACEMENT_3D('',#280,#281,#282);
#280 = CARTESIAN_POINT('',(1.270002540005,-36.95707391414,0.));
#281 = DIRECTION('',(-0.,-0.,-1.));
#282 = DIRECTION('',(1.,1.110223024625E-16,-0.));
#283 = ADVANCED_FACE('',(#284),#302,.F.);
#284 = FACE_BOUND('',#285,.T.);
#285 = EDGE_LOOP('',(#286,#287,#294,#295));
#286 = ORIENTED_EDGE('',*,*,#264,.T.);
#287 = ORIENTED_EDGE('',*,*,#288,.T.);
#288 = EDGE_CURVE('',#256,#248,#289,.T.);
#289 = CIRCLE('',#290,0.550012700025);
#290 = AXIS2_PLACEMENT_3D('',#291,#292,#293);
#291 = CARTESIAN_POINT('',(1.270002540005,-36.95707391414,1.538354076708    ));
#292 = DIRECTION('',(0.,0.,1.));
#293 = DIRECTION('',(-1.,-1.110223024625E-16,0.));
#294 = ORIENTED_EDGE('',*,*,#245,.F.);
#295 = ORIENTED_EDGE('',*,*,#296,.F.);
#296 = EDGE_CURVE('',#265,#246,#297,.T.);
#297 = CIRCLE('',#298,0.550012700025);
#298 = AXIS2_PLACEMENT_3D('',#299,#300,#301);
#299 = CARTESIAN_POINT('',(1.270002540005,-36.95707391414,0.));
#300 = DIRECTION('',(0.,0.,1.));
#301 = DIRECTION('',(-1.,-1.110223024625E-16,0.));
#302 = CYLINDRICAL_SURFACE('',#303,0.550012700025);
#303 = AXIS2_PLACEMENT_3D('',#304,#305,#306);
#304 = CARTESIAN_POINT('',(1.270002540005,-36.95707391414,0.));
#305 = DIRECTION('',(-0.,-0.,-1.));
#306 = DIRECTION('',(-1.,-1.110223024625E-16,0.));
#307 = ADVANCED_FACE('',(#308),#344,.F.);
#308 = FACE_BOUND('',#309,.T.);
#309 = EDGE_LOOP('',(#310,#320,#329,#337));
#310 = ORIENTED_EDGE('',*,*,#311,.T.);
#311 = EDGE_CURVE('',#312,#314,#316,.T.);
#312 = VERTEX_POINT('',#313);
#313 = CARTESIAN_POINT('',(1.82001524003,-34.41706883413,0.));
#314 = VERTEX_POINT('',#315);
#315 = CARTESIAN_POINT('',(1.82001524003,-34.41706883413,1.538354076708)  );
#316 = LINE('',#317,#318);
#317 = CARTESIAN_POINT('',(1.82001524003,-34.41706883413,0.));
#318 = VECTOR('',#319,1.);
#319 = DIRECTION('',(0.,0.,1.));
#320 = ORIENTED_EDGE('',*,*,#321,.T.);
#321 = EDGE_CURVE('',#314,#322,#324,.T.);
#322 = VERTEX_POINT('',#323);
#323 = CARTESIAN_POINT('',(0.71998983998,-34.41706883413,1.538354076708)  );
#324 = CIRCLE('',#325,0.550012700025);
#325 = AXIS2_PLACEMENT_3D('',#326,#327,#328);
#326 = CARTESIAN_POINT('',(1.270002540005,-34.41706883413,1.538354076708    ));
#327 = DIRECTION('',(0.,0.,1.));
#328 = DIRECTION('',(1.,1.110223024625E-16,-0.));
#329 = ORIENTED_EDGE('',*,*,#330,.F.);
#330 = EDGE_CURVE('',#331,#322,#333,.T.);
#331 = VERTEX_POINT('',#332);
#332 = CARTESIAN_POINT('',(0.71998983998,-34.41706883413,0.));
#333 = LINE('',#334,#335);
#334 = CARTESIAN_POINT('',(0.71998983998,-34.41706883413,0.));
#335 = VECTOR('',#336,1.);
#336 = DIRECTION('',(0.,0.,1.));
#337 = ORIENTED_EDGE('',*,*,#338,.F.);
#338 = EDGE_CURVE('',#312,#331,#339,.T.);
#339 = CIRCLE('',#340,0.550012700025);
#340 = AXIS2_PLACEMENT_3D('',#341,#342,#343);
#341 = CARTESIAN_POINT('',(1.270002540005,-34.41706883413,0.));
#342 = DIRECTION('',(0.,0.,1.));
#343 = DIRECTION('',(1.,1.110223024625E-16,-0.));
#344 = CYLINDRICAL_SURFACE('',#345,0.550012700025);
#345 = AXIS2_PLACEMENT_3D('',#346,#347,#348);
#346 = CARTESIAN_POINT('',(1.270002540005,-34.41706883413,0.));
#347 = DIRECTION('',(-0.,-0.,-1.));
#348 = DIRECTION('',(1.,1.110223024625E-16,-0.));
#349 = ADVANCED_FACE('',(#350),#368,.F.);
#350 = FACE_BOUND('',#351,.T.);
#351 = EDGE_LOOP('',(#352,#353,#360,#361));
#352 = ORIENTED_EDGE('',*,*,#330,.T.);
#353 = ORIENTED_EDGE('',*,*,#354,.T.);
#354 = EDGE_CURVE('',#322,#314,#355,.T.);
#355 = CIRCLE('',#356,0.550012700025);
#356 = AXIS2_PLACEMENT_3D('',#357,#358,#359);
#357 = CARTESIAN_POINT('',(1.270002540005,-34.41706883413,1.538354076708    ));
#358 = DIRECTION('',(0.,0.,1.));
#359 = DIRECTION('',(-1.,-1.110223024625E-16,0.));
#360 = ORIENTED_EDGE('',*,*,#311,.F.);
#361 = ORIENTED_EDGE('',*,*,#362,.F.);
#362 = EDGE_CURVE('',#331,#312,#363,.T.);
#363 = CIRCLE('',#364,0.550012700025);
#364 = AXIS2_PLACEMENT_3D('',#365,#366,#367);
#365 = CARTESIAN_POINT('',(1.270002540005,-34.41706883413,0.));
#366 = DIRECTION('',(0.,0.,1.));
#367 = DIRECTION('',(-1.,-1.110223024625E-16,0.));
#368 = CYLINDRICAL_SURFACE('',#369,0.550012700025);
#369 = AXIS2_PLACEMENT_3D('',#370,#371,#372);
#370 = CARTESIAN_POINT('',(1.270002540005,-34.41706883413,0.));
#371 = DIRECTION('',(-0.,-0.,-1.));
#372 = DIRECTION('',(-1.,-1.110223024625E-16,0.));
#373 = ADVANCED_FACE('',(#374),#410,.F.);
#374 = FACE_BOUND('',#375,.T.);
#375 = EDGE_LOOP('',(#376,#386,#395,#403));
#376 = ORIENTED_EDGE('',*,*,#377,.T.);
#377 = EDGE_CURVE('',#378,#380,#382,.T.);
#378 = VERTEX_POINT('',#379);
#379 = CARTESIAN_POINT('',(1.82001524003,-31.87706375412,0.));
#380 = VERTEX_POINT('',#381);
#381 = CARTESIAN_POINT('',(1.82001524003,-31.87706375412,1.538354076708)  );
#382 = LINE('',#383,#384);
#383 = CARTESIAN_POINT('',(1.82001524003,-31.87706375412,0.));
#384 = VECTOR('',#385,1.);
#385 = DIRECTION('',(0.,0.,1.));
#386 = ORIENTED_EDGE('',*,*,#387,.T.);
#387 = EDGE_CURVE('',#380,#388,#390,.T.);
#388 = VERTEX_POINT('',#389);
#389 = CARTESIAN_POINT('',(0.71998983998,-31.87706375412,1.538354076708)  );
#390 = CIRCLE('',#391,0.550012700025);
#391 = AXIS2_PLACEMENT_3D('',#392,#393,#394);
#392 = CARTESIAN_POINT('',(1.270002540005,-31.87706375412,1.538354076708    ));
#393 = DIRECTION('',(0.,0.,1.));
#394 = DIRECTION('',(1.,1.110223024625E-16,-0.));
#395 = ORIENTED_EDGE('',*,*,#396,.F.);
#396 = EDGE_CURVE('',#397,#388,#399,.T.);
#397 = VERTEX_POINT('',#398);
#398 = CARTESIAN_POINT('',(0.71998983998,-31.87706375412,0.));
#399 = LINE('',#400,#401);
#400 = CARTESIAN_POINT('',(0.71998983998,-31.87706375412,0.));
#401 = VECTOR('',#402,1.);
#402 = DIRECTION('',(0.,0.,1.));
#403 = ORIENTED_EDGE('',*,*,#404,.F.);
#404 = EDGE_CURVE('',#378,#397,#405,.T.);
#405 = CIRCLE('',#406,0.550012700025);
#406 = AXIS2_PLACEMENT_3D('',#407,#408,#409);
#407 = CARTESIAN_POINT('',(1.270002540005,-31.87706375412,0.));
#408 = DIRECTION('',(0.,0.,1.));
#409 = DIRECTION('',(1.,1.110223024625E-16,-0.));
#410 = CYLINDRICAL_SURFACE('',#411,0.550012700025);
#411 = AXIS2_PLACEMENT_3D('',#412,#413,#414);
#412 = CARTESIAN_POINT('',(1.270002540005,-31.87706375412,0.));
#413 = DIRECTION('',(-0.,-0.,-1.));
#414 = DIRECTION('',(1.,1.110223024625E-16,-0.));
#415 = ADVANCED_FACE('',(#416),#434,.F.);
#416 = FACE_BOUND('',#417,.T.);
#417 = EDGE_LOOP('',(#418,#419,#426,#427));
#418 = ORIENTED_EDGE('',*,*,#396,.T.);
#419 = ORIENTED_EDGE('',*,*,#420,.T.);
#420 = EDGE_CURVE('',#388,#380,#421,.T.);
#421 = CIRCLE('',#422,0.550012700025);
#422 = AXIS2_PLACEMENT_3D('',#423,#424,#425);
#423 = CARTESIAN_POINT('',(1.270002540005,-31.87706375412,1.538354076708    ));
#424 = DIRECTION('',(0.,0.,1.));
#425 = DIRECTION('',(-1.,-1.110223024625E-16,0.));
#426 = ORIENTED_EDGE('',*,*,#377,.F.);
#427 = ORIENTED_EDGE('',*,*,#428,.F.);
#428 = EDGE_CURVE('',#397,#378,#429,.T.);
#429 = CIRCLE('',#430,0.550012700025);
#430 = AXIS2_PLACEMENT_3D('',#431,#432,#433);
#431 = CARTESIAN_POINT('',(1.270002540005,-31.87706375412,0.));
#432 = DIRECTION('',(0.,0.,1.));
#433 = DIRECTION('',(-1.,-1.110223024625E-16,0.));
#434 = CYLINDRICAL_SURFACE('',#435,0.550012700025);
#435 = AXIS2_PLACEMENT_3D('',#436,#437,#438);
#436 = CARTESIAN_POINT('',(1.270002540005,-31.87706375412,0.));
#437 = DIRECTION('',(-0.,-0.,-1.));
#438 = DIRECTION('',(-1.,-1.110223024625E-16,0.));
#439 = ADVANCED_FACE('',(#440),#476,.F.);
#440 = FACE_BOUND('',#441,.T.);
#441 = EDGE_LOOP('',(#442,#452,#461,#469));
#442 = ORIENTED_EDGE('',*,*,#443,.T.);
#443 = EDGE_CURVE('',#444,#446,#448,.T.);
#444 = VERTEX_POINT('',#445);
#445 = CARTESIAN_POINT('',(5.00001016002,-57.00011430022,0.));
#446 = VERTEX_POINT('',#447);
#447 = CARTESIAN_POINT('',(5.00001016002,-57.00011430022,1.538354076708)  );
#448 = LINE('',#449,#450);
#449 = CARTESIAN_POINT('',(5.00001016002,-57.00011430022,0.));
#450 = VECTOR('',#451,1.);
#451 = DIRECTION('',(0.,0.,1.));
#452 = ORIENTED_EDGE('',*,*,#453,.T.);
#453 = EDGE_CURVE('',#446,#454,#456,.T.);
#454 = VERTEX_POINT('',#455);
#455 = CARTESIAN_POINT('',(1.,-57.00011430022,1.538354076708));
#456 = CIRCLE('',#457,2.00000508001);
#457 = AXIS2_PLACEMENT_3D('',#458,#459,#460);
#458 = CARTESIAN_POINT('',(3.00000508001,-57.00011430022,1.538354076708)  );
#459 = DIRECTION('',(0.,0.,1.));
#460 = DIRECTION('',(1.,1.110223024625E-16,-0.));
#461 = ORIENTED_EDGE('',*,*,#462,.F.);
#462 = EDGE_CURVE('',#463,#454,#465,.T.);
#463 = VERTEX_POINT('',#464);
#464 = CARTESIAN_POINT('',(1.,-57.00011430022,0.));
#465 = LINE('',#466,#467);
#466 = CARTESIAN_POINT('',(1.,-57.00011430022,0.));
#467 = VECTOR('',#468,1.);
#468 = DIRECTION('',(0.,0.,1.));
#469 = ORIENTED_EDGE('',*,*,#470,.F.);
#470 = EDGE_CURVE('',#444,#463,#471,.T.);
#471 = CIRCLE('',#472,2.00000508001);
#472 = AXIS2_PLACEMENT_3D('',#473,#474,#475);
#473 = CARTESIAN_POINT('',(3.00000508001,-57.00011430022,0.));
#474 = DIRECTION('',(0.,0.,1.));
#475 = DIRECTION('',(1.,1.110223024625E-16,-0.));
#476 = CYLINDRICAL_SURFACE('',#477,2.00000508001);
#477 = AXIS2_PLACEMENT_3D('',#478,#479,#480);
#478 = CARTESIAN_POINT('',(3.00000508001,-57.00011430022,0.));
#479 = DIRECTION('',(-0.,-0.,-1.));
#480 = DIRECTION('',(1.,1.110223024625E-16,-0.));
#481 = ADVANCED_FACE('',(#482),#500,.F.);
#482 = FACE_BOUND('',#483,.T.);
#483 = EDGE_LOOP('',(#484,#485,#492,#493));
#484 = ORIENTED_EDGE('',*,*,#462,.T.);
#485 = ORIENTED_EDGE('',*,*,#486,.T.);
#486 = EDGE_CURVE('',#454,#446,#487,.T.);
#487 = CIRCLE('',#488,2.00000508001);
#488 = AXIS2_PLACEMENT_3D('',#489,#490,#491);
#489 = CARTESIAN_POINT('',(3.00000508001,-57.00011430022,1.538354076708)  );
#490 = DIRECTION('',(0.,0.,1.));
#491 = DIRECTION('',(-1.,-1.110223024625E-16,0.));
#492 = ORIENTED_EDGE('',*,*,#443,.F.);
#493 = ORIENTED_EDGE('',*,*,#494,.F.);
#494 = EDGE_CURVE('',#463,#444,#495,.T.);
#495 = CIRCLE('',#496,2.00000508001);
#496 = AXIS2_PLACEMENT_3D('',#497,#498,#499);
#497 = CARTESIAN_POINT('',(3.00000508001,-57.00011430022,0.));
#498 = DIRECTION('',(0.,0.,1.));
#499 = DIRECTION('',(-1.,-1.110223024625E-16,0.));
#500 = CYLINDRICAL_SURFACE('',#501,2.00000508001);
#501 = AXIS2_PLACEMENT_3D('',#502,#503,#504);
#502 = CARTESIAN_POINT('',(3.00000508001,-57.00011430022,0.));
#503 = DIRECTION('',(-0.,-0.,-1.));
#504 = DIRECTION('',(-1.,-1.110223024625E-16,0.));
#505 = ADVANCED_FACE('',(#506),#542,.F.);
#506 = FACE_BOUND('',#507,.T.);
#507 = EDGE_LOOP('',(#508,#518,#527,#535));
#508 = ORIENTED_EDGE('',*,*,#509,.T.);
#509 = EDGE_CURVE('',#510,#512,#514,.T.);
#510 = VERTEX_POINT('',#511);
#511 = CARTESIAN_POINT('',(5.00001016002,-3.00000508001,0.));
#512 = VERTEX_POINT('',#513);
#513 = CARTESIAN_POINT('',(5.00001016002,-3.00000508001,1.538354076708)  );
#514 = LINE('',#515,#516);
#515 = CARTESIAN_POINT('',(5.00001016002,-3.00000508001,0.));
#516 = VECTOR('',#517,1.);
#517 = DIRECTION('',(0.,0.,1.));
#518 = ORIENTED_EDGE('',*,*,#519,.T.);
#519 = EDGE_CURVE('',#512,#520,#522,.T.);
#520 = VERTEX_POINT('',#521);
#521 = CARTESIAN_POINT('',(1.,-3.00000508001,1.538354076708));
#522 = CIRCLE('',#523,2.00000508001);
#523 = AXIS2_PLACEMENT_3D('',#524,#525,#526);
#524 = CARTESIAN_POINT('',(3.00000508001,-3.00000508001,1.538354076708)  );
#525 = DIRECTION('',(0.,0.,1.));
#526 = DIRECTION('',(1.,1.110223024625E-16,-0.));
#527 = ORIENTED_EDGE('',*,*,#528,.F.);
#528 = EDGE_CURVE('',#529,#520,#531,.T.);
#529 = VERTEX_POINT('',#530);
#530 = CARTESIAN_POINT('',(1.,-3.00000508001,0.));
#531 = LINE('',#532,#533);
#532 = CARTESIAN_POINT('',(1.,-3.00000508001,0.));
#533 = VECTOR('',#534,1.);
#534 = DIRECTION('',(0.,0.,1.));
#535 = ORIENTED_EDGE('',*,*,#536,.F.);
#536 = EDGE_CURVE('',#510,#529,#537,.T.);
#537 = CIRCLE('',#538,2.00000508001);
#538 = AXIS2_PLACEMENT_3D('',#539,#540,#541);
#539 = CARTESIAN_POINT('',(3.00000508001,-3.00000508001,0.));
#540 = DIRECTION('',(0.,0.,1.));
#541 = DIRECTION('',(1.,1.110223024625E-16,-0.));
#542 = CYLINDRICAL_SURFACE('',#543,2.00000508001);
#543 = AXIS2_PLACEMENT_3D('',#544,#545,#546);
#544 = CARTESIAN_POINT('',(3.00000508001,-3.00000508001,0.));
#545 = DIRECTION('',(-0.,-0.,-1.));
#546 = DIRECTION('',(1.,1.110223024625E-16,-0.));
#547 = ADVANCED_FACE('',(#548),#566,.F.);
#548 = FACE_BOUND('',#549,.T.);
#549 = EDGE_LOOP('',(#550,#551,#558,#559));
#550 = ORIENTED_EDGE('',*,*,#528,.T.);
#551 = ORIENTED_EDGE('',*,*,#552,.T.);
#552 = EDGE_CURVE('',#520,#512,#553,.T.);
#553 = CIRCLE('',#554,2.00000508001);
#554 = AXIS2_PLACEMENT_3D('',#555,#556,#557);
#555 = CARTESIAN_POINT('',(3.00000508001,-3.00000508001,1.538354076708)  );
#556 = DIRECTION('',(0.,0.,1.));
#557 = DIRECTION('',(-1.,-1.110223024625E-16,0.));
#558 = ORIENTED_EDGE('',*,*,#509,.F.);
#559 = ORIENTED_EDGE('',*,*,#560,.F.);
#560 = EDGE_CURVE('',#529,#510,#561,.T.);
#561 = CIRCLE('',#562,2.00000508001);
#562 = AXIS2_PLACEMENT_3D('',#563,#564,#565);
#563 = CARTESIAN_POINT('',(3.00000508001,-3.00000508001,0.));
#564 = DIRECTION('',(0.,0.,1.));
#565 = DIRECTION('',(-1.,-1.110223024625E-16,0.));
#566 = CYLINDRICAL_SURFACE('',#567,2.00000508001);
#567 = AXIS2_PLACEMENT_3D('',#568,#569,#570);
#568 = CARTESIAN_POINT('',(3.00000508001,-3.00000508001,0.));
#569 = DIRECTION('',(-0.,-0.,-1.));
#570 = DIRECTION('',(-1.,-1.110223024625E-16,0.));
#571 = ADVANCED_FACE('',(#572),#608,.F.);
#572 = FACE_BOUND('',#573,.T.);
#573 = EDGE_LOOP('',(#574,#584,#593,#601));
#574 = ORIENTED_EDGE('',*,*,#575,.T.);
#575 = EDGE_CURVE('',#576,#578,#580,.T.);
#576 = VERTEX_POINT('',#577);
#577 = CARTESIAN_POINT('',(4.360020320041,-31.87706375412,0.));
#578 = VERTEX_POINT('',#579);
#579 = CARTESIAN_POINT('',(4.360020320041,-31.87706375412,1.538354076708    ));
#580 = LINE('',#581,#582);
#581 = CARTESIAN_POINT('',(4.360020320041,-31.87706375412,0.));
#582 = VECTOR('',#583,1.);
#583 = DIRECTION('',(0.,0.,1.));
#584 = ORIENTED_EDGE('',*,*,#585,.T.);
#585 = EDGE_CURVE('',#578,#586,#588,.T.);
#586 = VERTEX_POINT('',#587);
#587 = CARTESIAN_POINT('',(3.25999491999,-31.87706375412,1.538354076708)  );
#588 = CIRCLE('',#589,0.550012700025);
#589 = AXIS2_PLACEMENT_3D('',#590,#591,#592);
#590 = CARTESIAN_POINT('',(3.810007620015,-31.87706375412,1.538354076708    ));
#591 = DIRECTION('',(0.,0.,1.));
#592 = DIRECTION('',(1.,1.110223024625E-16,-0.));
#593 = ORIENTED_EDGE('',*,*,#594,.F.);
#594 = EDGE_CURVE('',#595,#586,#597,.T.);
#595 = VERTEX_POINT('',#596);
#596 = CARTESIAN_POINT('',(3.25999491999,-31.87706375412,0.));
#597 = LINE('',#598,#599);
#598 = CARTESIAN_POINT('',(3.25999491999,-31.87706375412,0.));
#599 = VECTOR('',#600,1.);
#600 = DIRECTION('',(0.,0.,1.));
#601 = ORIENTED_EDGE('',*,*,#602,.F.);
#602 = EDGE_CURVE('',#576,#595,#603,.T.);
#603 = CIRCLE('',#604,0.550012700025);
#604 = AXIS2_PLACEMENT_3D('',#605,#606,#607);
#605 = CARTESIAN_POINT('',(3.810007620015,-31.87706375412,0.));
#606 = DIRECTION('',(0.,0.,1.));
#607 = DIRECTION('',(1.,1.110223024625E-16,-0.));
#608 = CYLINDRICAL_SURFACE('',#609,0.550012700025);
#609 = AXIS2_PLACEMENT_3D('',#610,#611,#612);
#610 = CARTESIAN_POINT('',(3.810007620015,-31.87706375412,0.));
#611 = DIRECTION('',(-0.,-0.,-1.));
#612 = DIRECTION('',(1.,1.110223024625E-16,-0.));
#613 = ADVANCED_FACE('',(#614),#632,.F.);
#614 = FACE_BOUND('',#615,.T.);
#615 = EDGE_LOOP('',(#616,#617,#624,#625));
#616 = ORIENTED_EDGE('',*,*,#594,.T.);
#617 = ORIENTED_EDGE('',*,*,#618,.T.);
#618 = EDGE_CURVE('',#586,#578,#619,.T.);
#619 = CIRCLE('',#620,0.550012700025);
#620 = AXIS2_PLACEMENT_3D('',#621,#622,#623);
#621 = CARTESIAN_POINT('',(3.810007620015,-31.87706375412,1.538354076708    ));
#622 = DIRECTION('',(0.,0.,1.));
#623 = DIRECTION('',(-1.,-1.110223024625E-16,0.));
#624 = ORIENTED_EDGE('',*,*,#575,.F.);
#625 = ORIENTED_EDGE('',*,*,#626,.F.);
#626 = EDGE_CURVE('',#595,#576,#627,.T.);
#627 = CIRCLE('',#628,0.550012700025);
#628 = AXIS2_PLACEMENT_3D('',#629,#630,#631);
#629 = CARTESIAN_POINT('',(3.810007620015,-31.87706375412,0.));
#630 = DIRECTION('',(0.,0.,1.));
#631 = DIRECTION('',(-1.,-1.110223024625E-16,0.));
#632 = CYLINDRICAL_SURFACE('',#633,0.550012700025);
#633 = AXIS2_PLACEMENT_3D('',#634,#635,#636);
#634 = CARTESIAN_POINT('',(3.810007620015,-31.87706375412,0.));
#635 = DIRECTION('',(-0.,-0.,-1.));
#636 = DIRECTION('',(-1.,-1.110223024625E-16,0.));
#637 = ADVANCED_FACE('',(#638),#674,.F.);
#638 = FACE_BOUND('',#639,.T.);
#639 = EDGE_LOOP('',(#640,#650,#659,#667));
#640 = ORIENTED_EDGE('',*,*,#641,.T.);
#641 = EDGE_CURVE('',#642,#644,#646,.T.);
#642 = VERTEX_POINT('',#643);
#643 = CARTESIAN_POINT('',(4.360020320041,-36.95707391414,0.));
#644 = VERTEX_POINT('',#645);
#645 = CARTESIAN_POINT('',(4.360020320041,-36.95707391414,1.538354076708    ));
#646 = LINE('',#647,#648);
#647 = CARTESIAN_POINT('',(4.360020320041,-36.95707391414,0.));
#648 = VECTOR('',#649,1.);
#649 = DIRECTION('',(0.,0.,1.));
#650 = ORIENTED_EDGE('',*,*,#651,.T.);
#651 = EDGE_CURVE('',#644,#652,#654,.T.);
#652 = VERTEX_POINT('',#653);
#653 = CARTESIAN_POINT('',(3.25999491999,-36.95707391414,1.538354076708)  );
#654 = CIRCLE('',#655,0.550012700025);
#655 = AXIS2_PLACEMENT_3D('',#656,#657,#658);
#656 = CARTESIAN_POINT('',(3.810007620015,-36.95707391414,1.538354076708    ));
#657 = DIRECTION('',(0.,0.,1.));
#658 = DIRECTION('',(1.,1.110223024625E-16,-0.));
#659 = ORIENTED_EDGE('',*,*,#660,.F.);
#660 = EDGE_CURVE('',#661,#652,#663,.T.);
#661 = VERTEX_POINT('',#662);
#662 = CARTESIAN_POINT('',(3.25999491999,-36.95707391414,0.));
#663 = LINE('',#664,#665);
#664 = CARTESIAN_POINT('',(3.25999491999,-36.95707391414,0.));
#665 = VECTOR('',#666,1.);
#666 = DIRECTION('',(0.,0.,1.));
#667 = ORIENTED_EDGE('',*,*,#668,.F.);
#668 = EDGE_CURVE('',#642,#661,#669,.T.);
#669 = CIRCLE('',#670,0.550012700025);
#670 = AXIS2_PLACEMENT_3D('',#671,#672,#673);
#671 = CARTESIAN_POINT('',(3.810007620015,-36.95707391414,0.));
#672 = DIRECTION('',(0.,0.,1.));
#673 = DIRECTION('',(1.,1.110223024625E-16,-0.));
#674 = CYLINDRICAL_SURFACE('',#675,0.550012700025);
#675 = AXIS2_PLACEMENT_3D('',#676,#677,#678);
#676 = CARTESIAN_POINT('',(3.810007620015,-36.95707391414,0.));
#677 = DIRECTION('',(-0.,-0.,-1.));
#678 = DIRECTION('',(1.,1.110223024625E-16,-0.));
#679 = ADVANCED_FACE('',(#680),#698,.F.);
#680 = FACE_BOUND('',#681,.T.);
#681 = EDGE_LOOP('',(#682,#683,#690,#691));
#682 = ORIENTED_EDGE('',*,*,#660,.T.);
#683 = ORIENTED_EDGE('',*,*,#684,.T.);
#684 = EDGE_CURVE('',#652,#644,#685,.T.);
#685 = CIRCLE('',#686,0.550012700025);
#686 = AXIS2_PLACEMENT_3D('',#687,#688,#689);
#687 = CARTESIAN_POINT('',(3.810007620015,-36.95707391414,1.538354076708    ));
#688 = DIRECTION('',(0.,0.,1.));
#689 = DIRECTION('',(-1.,-1.110223024625E-16,0.));
#690 = ORIENTED_EDGE('',*,*,#641,.F.);
#691 = ORIENTED_EDGE('',*,*,#692,.F.);
#692 = EDGE_CURVE('',#661,#642,#693,.T.);
#693 = CIRCLE('',#694,0.550012700025);
#694 = AXIS2_PLACEMENT_3D('',#695,#696,#697);
#695 = CARTESIAN_POINT('',(3.810007620015,-36.95707391414,0.));
#696 = DIRECTION('',(0.,0.,1.));
#697 = DIRECTION('',(-1.,-1.110223024625E-16,0.));
#698 = CYLINDRICAL_SURFACE('',#699,0.550012700025);
#699 = AXIS2_PLACEMENT_3D('',#700,#701,#702);
#700 = CARTESIAN_POINT('',(3.810007620015,-36.95707391414,0.));
#701 = DIRECTION('',(-0.,-0.,-1.));
#702 = DIRECTION('',(-1.,-1.110223024625E-16,0.));
#703 = ADVANCED_FACE('',(#704),#740,.F.);
#704 = FACE_BOUND('',#705,.T.);
#705 = EDGE_LOOP('',(#706,#716,#725,#733));
#706 = ORIENTED_EDGE('',*,*,#707,.T.);
#707 = EDGE_CURVE('',#708,#710,#712,.T.);
#708 = VERTEX_POINT('',#709);
#709 = CARTESIAN_POINT('',(4.360020320041,-34.41706883413,0.));
#710 = VERTEX_POINT('',#711);
#711 = CARTESIAN_POINT('',(4.360020320041,-34.41706883413,1.538354076708    ));
#712 = LINE('',#713,#714);
#713 = CARTESIAN_POINT('',(4.360020320041,-34.41706883413,0.));
#714 = VECTOR('',#715,1.);
#715 = DIRECTION('',(0.,0.,1.));
#716 = ORIENTED_EDGE('',*,*,#717,.T.);
#717 = EDGE_CURVE('',#710,#718,#720,.T.);
#718 = VERTEX_POINT('',#719);
#719 = CARTESIAN_POINT('',(3.25999491999,-34.41706883413,1.538354076708)  );
#720 = CIRCLE('',#721,0.550012700025);
#721 = AXIS2_PLACEMENT_3D('',#722,#723,#724);
#722 = CARTESIAN_POINT('',(3.810007620015,-34.41706883413,1.538354076708    ));
#723 = DIRECTION('',(0.,0.,1.));
#724 = DIRECTION('',(1.,1.110223024625E-16,-0.));
#725 = ORIENTED_EDGE('',*,*,#726,.F.);
#726 = EDGE_CURVE('',#727,#718,#729,.T.);
#727 = VERTEX_POINT('',#728);
#728 = CARTESIAN_POINT('',(3.25999491999,-34.41706883413,0.));
#729 = LINE('',#730,#731);
#730 = CARTESIAN_POINT('',(3.25999491999,-34.41706883413,0.));
#731 = VECTOR('',#732,1.);
#732 = DIRECTION('',(0.,0.,1.));
#733 = ORIENTED_EDGE('',*,*,#734,.F.);
#734 = EDGE_CURVE('',#708,#727,#735,.T.);
#735 = CIRCLE('',#736,0.550012700025);
#736 = AXIS2_PLACEMENT_3D('',#737,#738,#739);
#737 = CARTESIAN_POINT('',(3.810007620015,-34.41706883413,0.));
#738 = DIRECTION('',(0.,0.,1.));
#739 = DIRECTION('',(1.,1.110223024625E-16,-0.));
#740 = CYLINDRICAL_SURFACE('',#741,0.550012700025);
#741 = AXIS2_PLACEMENT_3D('',#742,#743,#744);
#742 = CARTESIAN_POINT('',(3.810007620015,-34.41706883413,0.));
#743 = DIRECTION('',(-0.,-0.,-1.));
#744 = DIRECTION('',(1.,1.110223024625E-16,-0.));
#745 = ADVANCED_FACE('',(#746),#764,.F.);
#746 = FACE_BOUND('',#747,.T.);
#747 = EDGE_LOOP('',(#748,#749,#756,#757));
#748 = ORIENTED_EDGE('',*,*,#726,.T.);
#749 = ORIENTED_EDGE('',*,*,#750,.T.);
#750 = EDGE_CURVE('',#718,#710,#751,.T.);
#751 = CIRCLE('',#752,0.550012700025);
#752 = AXIS2_PLACEMENT_3D('',#753,#754,#755);
#753 = CARTESIAN_POINT('',(3.810007620015,-34.41706883413,1.538354076708    ));
#754 = DIRECTION('',(0.,0.,1.));
#755 = DIRECTION('',(-1.,-1.110223024625E-16,0.));
#756 = ORIENTED_EDGE('',*,*,#707,.F.);
#757 = ORIENTED_EDGE('',*,*,#758,.F.);
#758 = EDGE_CURVE('',#727,#708,#759,.T.);
#759 = CIRCLE('',#760,0.550012700025);
#760 = AXIS2_PLACEMENT_3D('',#761,#762,#763);
#761 = CARTESIAN_POINT('',(3.810007620015,-34.41706883413,0.));
#762 = DIRECTION('',(0.,0.,1.));
#763 = DIRECTION('',(-1.,-1.110223024625E-16,0.));
#764 = CYLINDRICAL_SURFACE('',#765,0.550012700025);
#765 = AXIS2_PLACEMENT_3D('',#766,#767,#768);
#766 = CARTESIAN_POINT('',(3.810007620015,-34.41706883413,0.));
#767 = DIRECTION('',(-0.,-0.,-1.));
#768 = DIRECTION('',(-1.,-1.110223024625E-16,0.));
#769 = ADVANCED_FACE('',(#770),#806,.F.);
#770 = FACE_BOUND('',#771,.T.);
#771 = EDGE_LOOP('',(#772,#782,#791,#799));
#772 = ORIENTED_EDGE('',*,*,#773,.T.);
#773 = EDGE_CURVE('',#774,#776,#778,.T.);
#774 = VERTEX_POINT('',#775);
#775 = CARTESIAN_POINT('',(4.360020320041,-39.49707899415,0.));
#776 = VERTEX_POINT('',#777);
#777 = CARTESIAN_POINT('',(4.360020320041,-39.49707899415,1.538354076708    ));
#778 = LINE('',#779,#780);
#779 = CARTESIAN_POINT('',(4.360020320041,-39.49707899415,0.));
#780 = VECTOR('',#781,1.);
#781 = DIRECTION('',(0.,0.,1.));
#782 = ORIENTED_EDGE('',*,*,#783,.T.);
#783 = EDGE_CURVE('',#776,#784,#786,.T.);
#784 = VERTEX_POINT('',#785);
#785 = CARTESIAN_POINT('',(3.25999491999,-39.49707899415,1.538354076708)  );
#786 = CIRCLE('',#787,0.550012700025);
#787 = AXIS2_PLACEMENT_3D('',#788,#789,#790);
#788 = CARTESIAN_POINT('',(3.810007620015,-39.49707899415,1.538354076708    ));
#789 = DIRECTION('',(0.,0.,1.));
#790 = DIRECTION('',(1.,1.110223024625E-16,-0.));
#791 = ORIENTED_EDGE('',*,*,#792,.F.);
#792 = EDGE_CURVE('',#793,#784,#795,.T.);
#793 = VERTEX_POINT('',#794);
#794 = CARTESIAN_POINT('',(3.25999491999,-39.49707899415,0.));
#795 = LINE('',#796,#797);
#796 = CARTESIAN_POINT('',(3.25999491999,-39.49707899415,0.));
#797 = VECTOR('',#798,1.);
#798 = DIRECTION('',(0.,0.,1.));
#799 = ORIENTED_EDGE('',*,*,#800,.F.);
#800 = EDGE_CURVE('',#774,#793,#801,.T.);
#801 = CIRCLE('',#802,0.550012700025);
#802 = AXIS2_PLACEMENT_3D('',#803,#804,#805);
#803 = CARTESIAN_POINT('',(3.810007620015,-39.49707899415,0.));
#804 = DIRECTION('',(0.,0.,1.));
#805 = DIRECTION('',(1.,1.110223024625E-16,-0.));
#806 = CYLINDRICAL_SURFACE('',#807,0.550012700025);
#807 = AXIS2_PLACEMENT_3D('',#808,#809,#810);
#808 = CARTESIAN_POINT('',(3.810007620015,-39.49707899415,0.));
#809 = DIRECTION('',(-0.,-0.,-1.));
#810 = DIRECTION('',(1.,1.110223024625E-16,-0.));
#811 = ADVANCED_FACE('',(#812),#830,.F.);
#812 = FACE_BOUND('',#813,.T.);
#813 = EDGE_LOOP('',(#814,#815,#822,#823));
#814 = ORIENTED_EDGE('',*,*,#792,.T.);
#815 = ORIENTED_EDGE('',*,*,#816,.T.);
#816 = EDGE_CURVE('',#784,#776,#817,.T.);
#817 = CIRCLE('',#818,0.550012700025);
#818 = AXIS2_PLACEMENT_3D('',#819,#820,#821);
#819 = CARTESIAN_POINT('',(3.810007620015,-39.49707899415,1.538354076708    ));
#820 = DIRECTION('',(0.,0.,1.));
#821 = DIRECTION('',(-1.,-1.110223024625E-16,0.));
#822 = ORIENTED_EDGE('',*,*,#773,.F.);
#823 = ORIENTED_EDGE('',*,*,#824,.F.);
#824 = EDGE_CURVE('',#793,#774,#825,.T.);
#825 = CIRCLE('',#826,0.550012700025);
#826 = AXIS2_PLACEMENT_3D('',#827,#828,#829);
#827 = CARTESIAN_POINT('',(3.810007620015,-39.49707899415,0.));
#828 = DIRECTION('',(0.,0.,1.));
#829 = DIRECTION('',(-1.,-1.110223024625E-16,0.));
#830 = CYLINDRICAL_SURFACE('',#831,0.550012700025);
#831 = AXIS2_PLACEMENT_3D('',#832,#833,#834);
#832 = CARTESIAN_POINT('',(3.810007620015,-39.49707899415,0.));
#833 = DIRECTION('',(-0.,-0.,-1.));
#834 = DIRECTION('',(-1.,-1.110223024625E-16,0.));
#835 = ADVANCED_FACE('',(#836),#870,.T.);
#836 = FACE_BOUND('',#837,.T.);
#837 = EDGE_LOOP('',(#838,#848,#856,#864));
#838 = ORIENTED_EDGE('',*,*,#839,.T.);
#839 = EDGE_CURVE('',#840,#842,#844,.T.);
#840 = VERTEX_POINT('',#841);
#841 = CARTESIAN_POINT('',(19.745135890272,-2.94000508001,0.));
#842 = VERTEX_POINT('',#843);
#843 = CARTESIAN_POINT('',(19.745135890272,-2.94000508001,1.538354076708    ));
#844 = LINE('',#845,#846);
#845 = CARTESIAN_POINT('',(19.745135890272,-2.94000508001,0.));
#846 = VECTOR('',#847,1.);
#847 = DIRECTION('',(0.,0.,1.));
#848 = ORIENTED_EDGE('',*,*,#849,.T.);
#849 = EDGE_CURVE('',#842,#850,#852,.T.);
#850 = VERTEX_POINT('',#851);
#851 = CARTESIAN_POINT('',(19.745135890272,-2.14000508001,1.538354076708    ));
#852 = LINE('',#853,#854);
#853 = CARTESIAN_POINT('',(19.745135890272,-2.94000508001,1.538354076708    ));
#854 = VECTOR('',#855,1.);
#855 = DIRECTION('',(0.,1.,0.));
#856 = ORIENTED_EDGE('',*,*,#857,.F.);
#857 = EDGE_CURVE('',#858,#850,#860,.T.);
#858 = VERTEX_POINT('',#859);
#859 = CARTESIAN_POINT('',(19.745135890272,-2.14000508001,0.));
#860 = LINE('',#861,#862);
#861 = CARTESIAN_POINT('',(19.745135890272,-2.14000508001,0.));
#862 = VECTOR('',#863,1.);
#863 = DIRECTION('',(0.,0.,1.));
#864 = ORIENTED_EDGE('',*,*,#865,.F.);
#865 = EDGE_CURVE('',#840,#858,#866,.T.);
#866 = LINE('',#867,#868);
#867 = CARTESIAN_POINT('',(19.745135890272,-2.94000508001,0.));
#868 = VECTOR('',#869,1.);
#869 = DIRECTION('',(0.,1.,0.));
#870 = PLANE('',#871);
#871 = AXIS2_PLACEMENT_3D('',#872,#873,#874);
#872 = CARTESIAN_POINT('',(19.745135890272,-2.94000508001,0.));
#873 = DIRECTION('',(-1.,0.,0.));
#874 = DIRECTION('',(0.,1.,0.));
#875 = ADVANCED_FACE('',(#876),#903,.F.);
#876 = FACE_BOUND('',#877,.T.);
#877 = EDGE_LOOP('',(#878,#879,#888,#896));
#878 = ORIENTED_EDGE('',*,*,#857,.T.);
#879 = ORIENTED_EDGE('',*,*,#880,.T.);
#880 = EDGE_CURVE('',#850,#881,#883,.T.);
#881 = VERTEX_POINT('',#882);
#882 = CARTESIAN_POINT('',(18.945135890272,-2.14000508001,1.538354076708    ));
#883 = CIRCLE('',#884,0.4);
#884 = AXIS2_PLACEMENT_3D('',#885,#886,#887);
#885 = CARTESIAN_POINT('',(19.345135890272,-2.14000508001,1.538354076708    ));
#886 = DIRECTION('',(0.,0.,1.));
#887 = DIRECTION('',(1.,1.110223024625E-16,-0.));
#888 = ORIENTED_EDGE('',*,*,#889,.F.);
#889 = EDGE_CURVE('',#890,#881,#892,.T.);
#890 = VERTEX_POINT('',#891);
#891 = CARTESIAN_POINT('',(18.945135890272,-2.14000508001,0.));
#892 = LINE('',#893,#894);
#893 = CARTESIAN_POINT('',(18.945135890272,-2.14000508001,0.));
#894 = VECTOR('',#895,1.);
#895 = DIRECTION('',(0.,0.,1.));
#896 = ORIENTED_EDGE('',*,*,#897,.F.);
#897 = EDGE_CURVE('',#858,#890,#898,.T.);
#898 = CIRCLE('',#899,0.4);
#899 = AXIS2_PLACEMENT_3D('',#900,#901,#902);
#900 = CARTESIAN_POINT('',(19.345135890272,-2.14000508001,0.));
#901 = DIRECTION('',(0.,0.,1.));
#902 = DIRECTION('',(1.,1.110223024625E-16,-0.));
#903 = CYLINDRICAL_SURFACE('',#904,0.4);
#904 = AXIS2_PLACEMENT_3D('',#905,#906,#907);
#905 = CARTESIAN_POINT('',(19.345135890272,-2.14000508001,0.));
#906 = DIRECTION('',(-0.,-0.,-1.));
#907 = DIRECTION('',(1.,1.110223024625E-16,-0.));
#908 = ADVANCED_FACE('',(#909),#934,.T.);
#909 = FACE_BOUND('',#910,.T.);
#910 = EDGE_LOOP('',(#911,#912,#920,#928));
#911 = ORIENTED_EDGE('',*,*,#889,.T.);
#912 = ORIENTED_EDGE('',*,*,#913,.T.);
#913 = EDGE_CURVE('',#881,#914,#916,.T.);
#914 = VERTEX_POINT('',#915);
#915 = CARTESIAN_POINT('',(18.945135890272,-2.94000508001,1.538354076708    ));
#916 = LINE('',#917,#918);
#917 = CARTESIAN_POINT('',(18.945135890272,-2.14000508001,1.538354076708    ));
#918 = VECTOR('',#919,1.);
#919 = DIRECTION('',(0.,-1.,0.));
#920 = ORIENTED_EDGE('',*,*,#921,.F.);
#921 = EDGE_CURVE('',#922,#914,#924,.T.);
#922 = VERTEX_POINT('',#923);
#923 = CARTESIAN_POINT('',(18.945135890272,-2.94000508001,0.));
#924 = LINE('',#925,#926);
#925 = CARTESIAN_POINT('',(18.945135890272,-2.94000508001,0.));
#926 = VECTOR('',#927,1.);
#927 = DIRECTION('',(0.,0.,1.));
#928 = ORIENTED_EDGE('',*,*,#929,.F.);
#929 = EDGE_CURVE('',#890,#922,#930,.T.);
#930 = LINE('',#931,#932);
#931 = CARTESIAN_POINT('',(18.945135890272,-2.14000508001,0.));
#932 = VECTOR('',#933,1.);
#933 = DIRECTION('',(0.,-1.,0.));
#934 = PLANE('',#935);
#935 = AXIS2_PLACEMENT_3D('',#936,#937,#938);
#936 = CARTESIAN_POINT('',(18.945135890272,-2.14000508001,0.));
#937 = DIRECTION('',(1.,0.,-0.));
#938 = DIRECTION('',(0.,-1.,0.));
#939 = ADVANCED_FACE('',(#940),#958,.F.);
#940 = FACE_BOUND('',#941,.T.);
#941 = EDGE_LOOP('',(#942,#943,#950,#951));
#942 = ORIENTED_EDGE('',*,*,#921,.T.);
#943 = ORIENTED_EDGE('',*,*,#944,.T.);
#944 = EDGE_CURVE('',#914,#842,#945,.T.);
#945 = CIRCLE('',#946,0.4);
#946 = AXIS2_PLACEMENT_3D('',#947,#948,#949);
#947 = CARTESIAN_POINT('',(19.345135890272,-2.94000508001,1.538354076708    ));
#948 = DIRECTION('',(0.,0.,1.));
#949 = DIRECTION('',(-1.,-1.110223024625E-16,0.));
#950 = ORIENTED_EDGE('',*,*,#839,.F.);
#951 = ORIENTED_EDGE('',*,*,#952,.F.);
#952 = EDGE_CURVE('',#922,#840,#953,.T.);
#953 = CIRCLE('',#954,0.4);
#954 = AXIS2_PLACEMENT_3D('',#955,#956,#957);
#955 = CARTESIAN_POINT('',(19.345135890272,-2.94000508001,0.));
#956 = DIRECTION('',(0.,0.,1.));
#957 = DIRECTION('',(-1.,-1.110223024625E-16,0.));
#958 = CYLINDRICAL_SURFACE('',#959,0.4);
#959 = AXIS2_PLACEMENT_3D('',#960,#961,#962);
#960 = CARTESIAN_POINT('',(19.345135890272,-2.94000508001,0.));
#961 = DIRECTION('',(-0.,-0.,-1.));
#962 = DIRECTION('',(-1.,-1.110223024625E-16,0.));
#963 = ADVANCED_FACE('',(#964),#1000,.F.);
#964 = FACE_BOUND('',#965,.T.);
#965 = EDGE_LOOP('',(#966,#976,#985,#993));
#966 = ORIENTED_EDGE('',*,*,#967,.T.);
#967 = EDGE_CURVE('',#968,#970,#972,.T.);
#968 = VERTEX_POINT('',#969);
#969 = CARTESIAN_POINT('',(21.952247904496,-2.54000508001,0.));
#970 = VERTEX_POINT('',#971);
#971 = CARTESIAN_POINT('',(21.952247904496,-2.54000508001,1.538354076708    ));
#972 = LINE('',#973,#974);
#973 = CARTESIAN_POINT('',(21.952247904496,-2.54000508001,0.));
#974 = VECTOR('',#975,1.);
#975 = DIRECTION('',(0.,0.,1.));
#976 = ORIENTED_EDGE('',*,*,#977,.T.);
#977 = EDGE_CURVE('',#970,#978,#980,.T.);
#978 = VERTEX_POINT('',#979);
#979 = CARTESIAN_POINT('',(21.037846075692,-2.54000508001,1.538354076708    ));
#980 = CIRCLE('',#981,0.457200914402);
#981 = AXIS2_PLACEMENT_3D('',#982,#983,#984);
#982 = CARTESIAN_POINT('',(21.495046990094,-2.54000508001,1.538354076708    ));
#983 = DIRECTION('',(0.,0.,1.));
#984 = DIRECTION('',(1.,1.110223024625E-16,-0.));
#985 = ORIENTED_EDGE('',*,*,#986,.F.);
#986 = EDGE_CURVE('',#987,#978,#989,.T.);
#987 = VERTEX_POINT('',#988);
#988 = CARTESIAN_POINT('',(21.037846075692,-2.54000508001,0.));
#989 = LINE('',#990,#991);
#990 = CARTESIAN_POINT('',(21.037846075692,-2.54000508001,0.));
#991 = VECTOR('',#992,1.);
#992 = DIRECTION('',(0.,0.,1.));
#993 = ORIENTED_EDGE('',*,*,#994,.F.);
#994 = EDGE_CURVE('',#968,#987,#995,.T.);
#995 = CIRCLE('',#996,0.457200914402);
#996 = AXIS2_PLACEMENT_3D('',#997,#998,#999);
#997 = CARTESIAN_POINT('',(21.495046990094,-2.54000508001,0.));
#998 = DIRECTION('',(0.,0.,1.));
#999 = DIRECTION('',(1.,1.110223024625E-16,-0.));
#1000 = CYLINDRICAL_SURFACE('',#1001,0.457200914402);
#1001 = AXIS2_PLACEMENT_3D('',#1002,#1003,#1004);
#1002 = CARTESIAN_POINT('',(21.495046990094,-2.54000508001,0.));
#1003 = DIRECTION('',(-0.,-0.,-1.));
#1004 = DIRECTION('',(1.,1.110223024625E-16,-0.));
#1005 = ADVANCED_FACE('',(#1006),#1024,.F.);
#1006 = FACE_BOUND('',#1007,.T.);
#1007 = EDGE_LOOP('',(#1008,#1009,#1016,#1017));
#1008 = ORIENTED_EDGE('',*,*,#986,.T.);
#1009 = ORIENTED_EDGE('',*,*,#1010,.T.);
#1010 = EDGE_CURVE('',#978,#970,#1011,.T.);
#1011 = CIRCLE('',#1012,0.457200914402);
#1012 = AXIS2_PLACEMENT_3D('',#1013,#1014,#1015);
#1013 = CARTESIAN_POINT('',(21.495046990094,-2.54000508001,    1.538354076708));
#1014 = DIRECTION('',(0.,0.,1.));
#1015 = DIRECTION('',(-1.,-1.110223024625E-16,0.));
#1016 = ORIENTED_EDGE('',*,*,#967,.F.);
#1017 = ORIENTED_EDGE('',*,*,#1018,.F.);
#1018 = EDGE_CURVE('',#987,#968,#1019,.T.);
#1019 = CIRCLE('',#1020,0.457200914402);
#1020 = AXIS2_PLACEMENT_3D('',#1021,#1022,#1023);
#1021 = CARTESIAN_POINT('',(21.495046990094,-2.54000508001,0.));
#1022 = DIRECTION('',(0.,0.,1.));
#1023 = DIRECTION('',(-1.,-1.110223024625E-16,0.));
#1024 = CYLINDRICAL_SURFACE('',#1025,0.457200914402);
#1025 = AXIS2_PLACEMENT_3D('',#1026,#1027,#1028);
#1026 = CARTESIAN_POINT('',(21.495046990094,-2.54000508001,0.));
#1027 = DIRECTION('',(-0.,-0.,-1.));
#1028 = DIRECTION('',(-1.,-1.110223024625E-16,0.));
#1029 = ADVANCED_FACE('',(#1030),#1066,.F.);
#1030 = FACE_BOUND('',#1031,.T.);
#1031 = EDGE_LOOP('',(#1032,#1042,#1051,#1059));
#1032 = ORIENTED_EDGE('',*,*,#1033,.T.);
#1033 = EDGE_CURVE('',#1034,#1036,#1038,.T.);
#1034 = VERTEX_POINT('',#1035);
#1035 = CARTESIAN_POINT('',(23.952247904496,-2.54000508001,0.));
#1036 = VERTEX_POINT('',#1037);
#1037 = CARTESIAN_POINT('',(23.952247904496,-2.54000508001,    1.538354076708));
#1038 = LINE('',#1039,#1040);
#1039 = CARTESIAN_POINT('',(23.952247904496,-2.54000508001,0.));
#1040 = VECTOR('',#1041,1.);
#1041 = DIRECTION('',(0.,0.,1.));
#1042 = ORIENTED_EDGE('',*,*,#1043,.T.);
#1043 = EDGE_CURVE('',#1036,#1044,#1046,.T.);
#1044 = VERTEX_POINT('',#1045);
#1045 = CARTESIAN_POINT('',(23.037846075692,-2.54000508001,    1.538354076708));
#1046 = CIRCLE('',#1047,0.457200914402);
#1047 = AXIS2_PLACEMENT_3D('',#1048,#1049,#1050);
#1048 = CARTESIAN_POINT('',(23.495046990094,-2.54000508001,    1.538354076708));
#1049 = DIRECTION('',(0.,0.,1.));
#1050 = DIRECTION('',(1.,1.110223024625E-16,-0.));
#1051 = ORIENTED_EDGE('',*,*,#1052,.F.);
#1052 = EDGE_CURVE('',#1053,#1044,#1055,.T.);
#1053 = VERTEX_POINT('',#1054);
#1054 = CARTESIAN_POINT('',(23.037846075692,-2.54000508001,0.));
#1055 = LINE('',#1056,#1057);
#1056 = CARTESIAN_POINT('',(23.037846075692,-2.54000508001,0.));
#1057 = VECTOR('',#1058,1.);
#1058 = DIRECTION('',(0.,0.,1.));
#1059 = ORIENTED_EDGE('',*,*,#1060,.F.);
#1060 = EDGE_CURVE('',#1034,#1053,#1061,.T.);
#1061 = CIRCLE('',#1062,0.457200914402);
#1062 = AXIS2_PLACEMENT_3D('',#1063,#1064,#1065);
#1063 = CARTESIAN_POINT('',(23.495046990094,-2.54000508001,0.));
#1064 = DIRECTION('',(0.,0.,1.));
#1065 = DIRECTION('',(1.,1.110223024625E-16,-0.));
#1066 = CYLINDRICAL_SURFACE('',#1067,0.457200914402);
#1067 = AXIS2_PLACEMENT_3D('',#1068,#1069,#1070);
#1068 = CARTESIAN_POINT('',(23.495046990094,-2.54000508001,0.));
#1069 = DIRECTION('',(-0.,-0.,-1.));
#1070 = DIRECTION('',(1.,1.110223024625E-16,-0.));
#1071 = ADVANCED_FACE('',(#1072),#1090,.F.);
#1072 = FACE_BOUND('',#1073,.T.);
#1073 = EDGE_LOOP('',(#1074,#1075,#1082,#1083));
#1074 = ORIENTED_EDGE('',*,*,#1052,.T.);
#1075 = ORIENTED_EDGE('',*,*,#1076,.T.);
#1076 = EDGE_CURVE('',#1044,#1036,#1077,.T.);
#1077 = CIRCLE('',#1078,0.457200914402);
#1078 = AXIS2_PLACEMENT_3D('',#1079,#1080,#1081);
#1079 = CARTESIAN_POINT('',(23.495046990094,-2.54000508001,    1.538354076708));
#1080 = DIRECTION('',(0.,0.,1.));
#1081 = DIRECTION('',(-1.,-1.110223024625E-16,0.));
#1082 = ORIENTED_EDGE('',*,*,#1033,.F.);
#1083 = ORIENTED_EDGE('',*,*,#1084,.F.);
#1084 = EDGE_CURVE('',#1053,#1034,#1085,.T.);
#1085 = CIRCLE('',#1086,0.457200914402);
#1086 = AXIS2_PLACEMENT_3D('',#1087,#1088,#1089);
#1087 = CARTESIAN_POINT('',(23.495046990094,-2.54000508001,0.));
#1088 = DIRECTION('',(0.,0.,1.));
#1089 = DIRECTION('',(-1.,-1.110223024625E-16,0.));
#1090 = CYLINDRICAL_SURFACE('',#1091,0.457200914402);
#1091 = AXIS2_PLACEMENT_3D('',#1092,#1093,#1094);
#1092 = CARTESIAN_POINT('',(23.495046990094,-2.54000508001,0.));
#1093 = DIRECTION('',(-0.,-0.,-1.));
#1094 = DIRECTION('',(-1.,-1.110223024625E-16,0.));
#1095 = ADVANCED_FACE('',(#1096),#1132,.F.);
#1096 = FACE_BOUND('',#1097,.T.);
#1097 = EDGE_LOOP('',(#1098,#1108,#1117,#1125));
#1098 = ORIENTED_EDGE('',*,*,#1099,.T.);
#1099 = EDGE_CURVE('',#1100,#1102,#1104,.T.);
#1100 = VERTEX_POINT('',#1101);
#1101 = CARTESIAN_POINT('',(25.952247904496,-2.54000508001,0.));
#1102 = VERTEX_POINT('',#1103);
#1103 = CARTESIAN_POINT('',(25.952247904496,-2.54000508001,    1.538354076708));
#1104 = LINE('',#1105,#1106);
#1105 = CARTESIAN_POINT('',(25.952247904496,-2.54000508001,0.));
#1106 = VECTOR('',#1107,1.);
#1107 = DIRECTION('',(0.,0.,1.));
#1108 = ORIENTED_EDGE('',*,*,#1109,.T.);
#1109 = EDGE_CURVE('',#1102,#1110,#1112,.T.);
#1110 = VERTEX_POINT('',#1111);
#1111 = CARTESIAN_POINT('',(25.037846075692,-2.54000508001,    1.538354076708));
#1112 = CIRCLE('',#1113,0.457200914402);
#1113 = AXIS2_PLACEMENT_3D('',#1114,#1115,#1116);
#1114 = CARTESIAN_POINT('',(25.495046990094,-2.54000508001,    1.538354076708));
#1115 = DIRECTION('',(0.,0.,1.));
#1116 = DIRECTION('',(1.,1.110223024625E-16,-0.));
#1117 = ORIENTED_EDGE('',*,*,#1118,.F.);
#1118 = EDGE_CURVE('',#1119,#1110,#1121,.T.);
#1119 = VERTEX_POINT('',#1120);
#1120 = CARTESIAN_POINT('',(25.037846075692,-2.54000508001,0.));
#1121 = LINE('',#1122,#1123);
#1122 = CARTESIAN_POINT('',(25.037846075692,-2.54000508001,0.));
#1123 = VECTOR('',#1124,1.);
#1124 = DIRECTION('',(0.,0.,1.));
#1125 = ORIENTED_EDGE('',*,*,#1126,.F.);
#1126 = EDGE_CURVE('',#1100,#1119,#1127,.T.);
#1127 = CIRCLE('',#1128,0.457200914402);
#1128 = AXIS2_PLACEMENT_3D('',#1129,#1130,#1131);
#1129 = CARTESIAN_POINT('',(25.495046990094,-2.54000508001,0.));
#1130 = DIRECTION('',(0.,0.,1.));
#1131 = DIRECTION('',(1.,1.110223024625E-16,-0.));
#1132 = CYLINDRICAL_SURFACE('',#1133,0.457200914402);
#1133 = AXIS2_PLACEMENT_3D('',#1134,#1135,#1136);
#1134 = CARTESIAN_POINT('',(25.495046990094,-2.54000508001,0.));
#1135 = DIRECTION('',(-0.,-0.,-1.));
#1136 = DIRECTION('',(1.,1.110223024625E-16,-0.));
#1137 = ADVANCED_FACE('',(#1138),#1156,.F.);
#1138 = FACE_BOUND('',#1139,.T.);
#1139 = EDGE_LOOP('',(#1140,#1141,#1148,#1149));
#1140 = ORIENTED_EDGE('',*,*,#1118,.T.);
#1141 = ORIENTED_EDGE('',*,*,#1142,.T.);
#1142 = EDGE_CURVE('',#1110,#1102,#1143,.T.);
#1143 = CIRCLE('',#1144,0.457200914402);
#1144 = AXIS2_PLACEMENT_3D('',#1145,#1146,#1147);
#1145 = CARTESIAN_POINT('',(25.495046990094,-2.54000508001,    1.538354076708));
#1146 = DIRECTION('',(0.,0.,1.));
#1147 = DIRECTION('',(-1.,-1.110223024625E-16,0.));
#1148 = ORIENTED_EDGE('',*,*,#1099,.F.);
#1149 = ORIENTED_EDGE('',*,*,#1150,.F.);
#1150 = EDGE_CURVE('',#1119,#1100,#1151,.T.);
#1151 = CIRCLE('',#1152,0.457200914402);
#1152 = AXIS2_PLACEMENT_3D('',#1153,#1154,#1155);
#1153 = CARTESIAN_POINT('',(25.495046990094,-2.54000508001,0.));
#1154 = DIRECTION('',(0.,0.,1.));
#1155 = DIRECTION('',(-1.,-1.110223024625E-16,0.));
#1156 = CYLINDRICAL_SURFACE('',#1157,0.457200914402);
#1157 = AXIS2_PLACEMENT_3D('',#1158,#1159,#1160);
#1158 = CARTESIAN_POINT('',(25.495046990094,-2.54000508001,0.));
#1159 = DIRECTION('',(-0.,-0.,-1.));
#1160 = DIRECTION('',(-1.,-1.110223024625E-16,0.));
#1161 = ADVANCED_FACE('',(#1162),#1196,.T.);
#1162 = FACE_BOUND('',#1163,.T.);
#1163 = EDGE_LOOP('',(#1164,#1174,#1182,#1190));
#1164 = ORIENTED_EDGE('',*,*,#1165,.T.);
#1165 = EDGE_CURVE('',#1166,#1168,#1170,.T.);
#1166 = VERTEX_POINT('',#1167);
#1167 = CARTESIAN_POINT('',(28.045161290323,-2.94000508001,0.));
#1168 = VERTEX_POINT('',#1169);
#1169 = CARTESIAN_POINT('',(28.045161290323,-2.94000508001,    1.538354076708));
#1170 = LINE('',#1171,#1172);
#1171 = CARTESIAN_POINT('',(28.045161290323,-2.94000508001,0.));
#1172 = VECTOR('',#1173,1.);
#1173 = DIRECTION('',(0.,0.,1.));
#1174 = ORIENTED_EDGE('',*,*,#1175,.T.);
#1175 = EDGE_CURVE('',#1168,#1176,#1178,.T.);
#1176 = VERTEX_POINT('',#1177);
#1177 = CARTESIAN_POINT('',(28.045161290323,-2.14000508001,    1.538354076708));
#1178 = LINE('',#1179,#1180);
#1179 = CARTESIAN_POINT('',(28.045161290323,-2.94000508001,    1.538354076708));
#1180 = VECTOR('',#1181,1.);
#1181 = DIRECTION('',(0.,1.,0.));
#1182 = ORIENTED_EDGE('',*,*,#1183,.F.);
#1183 = EDGE_CURVE('',#1184,#1176,#1186,.T.);
#1184 = VERTEX_POINT('',#1185);
#1185 = CARTESIAN_POINT('',(28.045161290323,-2.14000508001,0.));
#1186 = LINE('',#1187,#1188);
#1187 = CARTESIAN_POINT('',(28.045161290323,-2.14000508001,0.));
#1188 = VECTOR('',#1189,1.);
#1189 = DIRECTION('',(0.,0.,1.));
#1190 = ORIENTED_EDGE('',*,*,#1191,.F.);
#1191 = EDGE_CURVE('',#1166,#1184,#1192,.T.);
#1192 = LINE('',#1193,#1194);
#1193 = CARTESIAN_POINT('',(28.045161290323,-2.94000508001,0.));
#1194 = VECTOR('',#1195,1.);
#1195 = DIRECTION('',(0.,1.,0.));
#1196 = PLANE('',#1197);
#1197 = AXIS2_PLACEMENT_3D('',#1198,#1199,#1200);
#1198 = CARTESIAN_POINT('',(28.045161290323,-2.94000508001,0.));
#1199 = DIRECTION('',(-1.,0.,0.));
#1200 = DIRECTION('',(0.,1.,0.));
#1201 = ADVANCED_FACE('',(#1202),#1229,.F.);
#1202 = FACE_BOUND('',#1203,.T.);
#1203 = EDGE_LOOP('',(#1204,#1205,#1214,#1222));
#1204 = ORIENTED_EDGE('',*,*,#1183,.T.);
#1205 = ORIENTED_EDGE('',*,*,#1206,.T.);
#1206 = EDGE_CURVE('',#1176,#1207,#1209,.T.);
#1207 = VERTEX_POINT('',#1208);
#1208 = CARTESIAN_POINT('',(27.245161290323,-2.14000508001,    1.538354076708));
#1209 = CIRCLE('',#1210,0.4);
#1210 = AXIS2_PLACEMENT_3D('',#1211,#1212,#1213);
#1211 = CARTESIAN_POINT('',(27.645161290323,-2.14000508001,    1.538354076708));
#1212 = DIRECTION('',(0.,0.,1.));
#1213 = DIRECTION('',(1.,1.110223024625E-16,-0.));
#1214 = ORIENTED_EDGE('',*,*,#1215,.F.);
#1215 = EDGE_CURVE('',#1216,#1207,#1218,.T.);
#1216 = VERTEX_POINT('',#1217);
#1217 = CARTESIAN_POINT('',(27.245161290323,-2.14000508001,0.));
#1218 = LINE('',#1219,#1220);
#1219 = CARTESIAN_POINT('',(27.245161290323,-2.14000508001,0.));
#1220 = VECTOR('',#1221,1.);
#1221 = DIRECTION('',(0.,0.,1.));
#1222 = ORIENTED_EDGE('',*,*,#1223,.F.);
#1223 = EDGE_CURVE('',#1184,#1216,#1224,.T.);
#1224 = CIRCLE('',#1225,0.4);
#1225 = AXIS2_PLACEMENT_3D('',#1226,#1227,#1228);
#1226 = CARTESIAN_POINT('',(27.645161290323,-2.14000508001,0.));
#1227 = DIRECTION('',(0.,0.,1.));
#1228 = DIRECTION('',(1.,1.110223024625E-16,-0.));
#1229 = CYLINDRICAL_SURFACE('',#1230,0.4);
#1230 = AXIS2_PLACEMENT_3D('',#1231,#1232,#1233);
#1231 = CARTESIAN_POINT('',(27.645161290323,-2.14000508001,0.));
#1232 = DIRECTION('',(-0.,-0.,-1.));
#1233 = DIRECTION('',(1.,1.110223024625E-16,-0.));
#1234 = ADVANCED_FACE('',(#1235),#1260,.T.);
#1235 = FACE_BOUND('',#1236,.T.);
#1236 = EDGE_LOOP('',(#1237,#1238,#1246,#1254));
#1237 = ORIENTED_EDGE('',*,*,#1215,.T.);
#1238 = ORIENTED_EDGE('',*,*,#1239,.T.);
#1239 = EDGE_CURVE('',#1207,#1240,#1242,.T.);
#1240 = VERTEX_POINT('',#1241);
#1241 = CARTESIAN_POINT('',(27.245161290323,-2.94000508001,    1.538354076708));
#1242 = LINE('',#1243,#1244);
#1243 = CARTESIAN_POINT('',(27.245161290323,-2.14000508001,    1.538354076708));
#1244 = VECTOR('',#1245,1.);
#1245 = DIRECTION('',(0.,-1.,0.));
#1246 = ORIENTED_EDGE('',*,*,#1247,.F.);
#1247 = EDGE_CURVE('',#1248,#1240,#1250,.T.);
#1248 = VERTEX_POINT('',#1249);
#1249 = CARTESIAN_POINT('',(27.245161290323,-2.94000508001,0.));
#1250 = LINE('',#1251,#1252);
#1251 = CARTESIAN_POINT('',(27.245161290323,-2.94000508001,0.));
#1252 = VECTOR('',#1253,1.);
#1253 = DIRECTION('',(0.,0.,1.));
#1254 = ORIENTED_EDGE('',*,*,#1255,.F.);
#1255 = EDGE_CURVE('',#1216,#1248,#1256,.T.);
#1256 = LINE('',#1257,#1258);
#1257 = CARTESIAN_POINT('',(27.245161290323,-2.14000508001,0.));
#1258 = VECTOR('',#1259,1.);
#1259 = DIRECTION('',(0.,-1.,0.));
#1260 = PLANE('',#1261);
#1261 = AXIS2_PLACEMENT_3D('',#1262,#1263,#1264);
#1262 = CARTESIAN_POINT('',(27.245161290323,-2.14000508001,0.));
#1263 = DIRECTION('',(1.,0.,-0.));
#1264 = DIRECTION('',(0.,-1.,0.));
#1265 = ADVANCED_FACE('',(#1266),#1284,.F.);
#1266 = FACE_BOUND('',#1267,.T.);
#1267 = EDGE_LOOP('',(#1268,#1269,#1276,#1277));
#1268 = ORIENTED_EDGE('',*,*,#1247,.T.);
#1269 = ORIENTED_EDGE('',*,*,#1270,.T.);
#1270 = EDGE_CURVE('',#1240,#1168,#1271,.T.);
#1271 = CIRCLE('',#1272,0.4);
#1272 = AXIS2_PLACEMENT_3D('',#1273,#1274,#1275);
#1273 = CARTESIAN_POINT('',(27.645161290323,-2.94000508001,    1.538354076708));
#1274 = DIRECTION('',(0.,0.,1.));
#1275 = DIRECTION('',(-1.,-1.110223024625E-16,0.));
#1276 = ORIENTED_EDGE('',*,*,#1165,.F.);
#1277 = ORIENTED_EDGE('',*,*,#1278,.F.);
#1278 = EDGE_CURVE('',#1248,#1166,#1279,.T.);
#1279 = CIRCLE('',#1280,0.4);
#1280 = AXIS2_PLACEMENT_3D('',#1281,#1282,#1283);
#1281 = CARTESIAN_POINT('',(27.645161290323,-2.94000508001,0.));
#1282 = DIRECTION('',(0.,0.,1.));
#1283 = DIRECTION('',(-1.,-1.110223024625E-16,0.));
#1284 = CYLINDRICAL_SURFACE('',#1285,0.4);
#1285 = AXIS2_PLACEMENT_3D('',#1286,#1287,#1288);
#1286 = CARTESIAN_POINT('',(27.645161290323,-2.94000508001,0.));
#1287 = DIRECTION('',(-0.,-0.,-1.));
#1288 = DIRECTION('',(-1.,-1.110223024625E-16,0.));
#1289 = ADVANCED_FACE('',(#1290),#1324,.T.);
#1290 = FACE_BOUND('',#1291,.T.);
#1291 = EDGE_LOOP('',(#1292,#1302,#1310,#1318));
#1292 = ORIENTED_EDGE('',*,*,#1293,.T.);
#1293 = EDGE_CURVE('',#1294,#1296,#1298,.T.);
#1294 = VERTEX_POINT('',#1295);
#1295 = CARTESIAN_POINT('',(31.175158750318,-2.81300482601,0.));
#1296 = VERTEX_POINT('',#1297);
#1297 = CARTESIAN_POINT('',(31.175158750318,-2.81300482601,    1.538354076708));
#1298 = LINE('',#1299,#1300);
#1299 = CARTESIAN_POINT('',(31.175158750318,-2.81300482601,0.));
#1300 = VECTOR('',#1301,1.);
#1301 = DIRECTION('',(0.,0.,1.));
#1302 = ORIENTED_EDGE('',*,*,#1303,.T.);
#1303 = EDGE_CURVE('',#1296,#1304,#1306,.T.);
#1304 = VERTEX_POINT('',#1305);
#1305 = CARTESIAN_POINT('',(31.175158750318,-2.01300482601,    1.538354076708));
#1306 = LINE('',#1307,#1308);
#1307 = CARTESIAN_POINT('',(31.175158750318,-2.81300482601,    1.538354076708));
#1308 = VECTOR('',#1309,1.);
#1309 = DIRECTION('',(0.,1.,0.));
#1310 = ORIENTED_EDGE('',*,*,#1311,.F.);
#1311 = EDGE_CURVE('',#1312,#1304,#1314,.T.);
#1312 = VERTEX_POINT('',#1313);
#1313 = CARTESIAN_POINT('',(31.175158750318,-2.01300482601,0.));
#1314 = LINE('',#1315,#1316);
#1315 = CARTESIAN_POINT('',(31.175158750318,-2.01300482601,0.));
#1316 = VECTOR('',#1317,1.);
#1317 = DIRECTION('',(0.,0.,1.));
#1318 = ORIENTED_EDGE('',*,*,#1319,.F.);
#1319 = EDGE_CURVE('',#1294,#1312,#1320,.T.);
#1320 = LINE('',#1321,#1322);
#1321 = CARTESIAN_POINT('',(31.175158750318,-2.81300482601,0.));
#1322 = VECTOR('',#1323,1.);
#1323 = DIRECTION('',(0.,1.,0.));
#1324 = PLANE('',#1325);
#1325 = AXIS2_PLACEMENT_3D('',#1326,#1327,#1328);
#1326 = CARTESIAN_POINT('',(31.175158750318,-2.81300482601,0.));
#1327 = DIRECTION('',(-1.,0.,0.));
#1328 = DIRECTION('',(0.,1.,0.));
#1329 = ADVANCED_FACE('',(#1330),#1357,.F.);
#1330 = FACE_BOUND('',#1331,.T.);
#1331 = EDGE_LOOP('',(#1332,#1333,#1342,#1350));
#1332 = ORIENTED_EDGE('',*,*,#1311,.T.);
#1333 = ORIENTED_EDGE('',*,*,#1334,.T.);
#1334 = EDGE_CURVE('',#1304,#1335,#1337,.T.);
#1335 = VERTEX_POINT('',#1336);
#1336 = CARTESIAN_POINT('',(30.375158750317,-2.01300482601,    1.538354076708));
#1337 = CIRCLE('',#1338,0.4);
#1338 = AXIS2_PLACEMENT_3D('',#1339,#1340,#1341);
#1339 = CARTESIAN_POINT('',(30.775158750318,-2.01300482601,    1.538354076708));
#1340 = DIRECTION('',(0.,0.,1.));
#1341 = DIRECTION('',(1.,1.110223024625E-16,-0.));
#1342 = ORIENTED_EDGE('',*,*,#1343,.F.);
#1343 = EDGE_CURVE('',#1344,#1335,#1346,.T.);
#1344 = VERTEX_POINT('',#1345);
#1345 = CARTESIAN_POINT('',(30.375158750317,-2.01300482601,0.));
#1346 = LINE('',#1347,#1348);
#1347 = CARTESIAN_POINT('',(30.375158750317,-2.01300482601,0.));
#1348 = VECTOR('',#1349,1.);
#1349 = DIRECTION('',(0.,0.,1.));
#1350 = ORIENTED_EDGE('',*,*,#1351,.F.);
#1351 = EDGE_CURVE('',#1312,#1344,#1352,.T.);
#1352 = CIRCLE('',#1353,0.4);
#1353 = AXIS2_PLACEMENT_3D('',#1354,#1355,#1356);
#1354 = CARTESIAN_POINT('',(30.775158750318,-2.01300482601,0.));
#1355 = DIRECTION('',(0.,0.,1.));
#1356 = DIRECTION('',(1.,1.110223024625E-16,-0.));
#1357 = CYLINDRICAL_SURFACE('',#1358,0.4);
#1358 = AXIS2_PLACEMENT_3D('',#1359,#1360,#1361);
#1359 = CARTESIAN_POINT('',(30.775158750318,-2.01300482601,0.));
#1360 = DIRECTION('',(-0.,-0.,-1.));
#1361 = DIRECTION('',(1.,1.110223024625E-16,-0.));
#1362 = ADVANCED_FACE('',(#1363),#1388,.T.);
#1363 = FACE_BOUND('',#1364,.T.);
#1364 = EDGE_LOOP('',(#1365,#1366,#1374,#1382));
#1365 = ORIENTED_EDGE('',*,*,#1343,.T.);
#1366 = ORIENTED_EDGE('',*,*,#1367,.T.);
#1367 = EDGE_CURVE('',#1335,#1368,#1370,.T.);
#1368 = VERTEX_POINT('',#1369);
#1369 = CARTESIAN_POINT('',(30.375158750318,-2.81300482601,    1.538354076708));
#1370 = LINE('',#1371,#1372);
#1371 = CARTESIAN_POINT('',(30.375158750317,-2.01300482601,    1.538354076708));
#1372 = VECTOR('',#1373,1.);
#1373 = DIRECTION('',(4.440892098501E-15,-1.,0.));
#1374 = ORIENTED_EDGE('',*,*,#1375,.F.);
#1375 = EDGE_CURVE('',#1376,#1368,#1378,.T.);
#1376 = VERTEX_POINT('',#1377);
#1377 = CARTESIAN_POINT('',(30.375158750318,-2.81300482601,0.));
#1378 = LINE('',#1379,#1380);
#1379 = CARTESIAN_POINT('',(30.375158750318,-2.81300482601,0.));
#1380 = VECTOR('',#1381,1.);
#1381 = DIRECTION('',(0.,0.,1.));
#1382 = ORIENTED_EDGE('',*,*,#1383,.F.);
#1383 = EDGE_CURVE('',#1344,#1376,#1384,.T.);
#1384 = LINE('',#1385,#1386);
#1385 = CARTESIAN_POINT('',(30.375158750317,-2.01300482601,0.));
#1386 = VECTOR('',#1387,1.);
#1387 = DIRECTION('',(4.440892098501E-15,-1.,0.));
#1388 = PLANE('',#1389);
#1389 = AXIS2_PLACEMENT_3D('',#1390,#1391,#1392);
#1390 = CARTESIAN_POINT('',(30.375158750317,-2.01300482601,0.));
#1391 = DIRECTION('',(1.,4.440892098501E-15,-0.));
#1392 = DIRECTION('',(4.440892098501E-15,-1.,0.));
#1393 = ADVANCED_FACE('',(#1394),#1412,.F.);
#1394 = FACE_BOUND('',#1395,.T.);
#1395 = EDGE_LOOP('',(#1396,#1397,#1404,#1405));
#1396 = ORIENTED_EDGE('',*,*,#1375,.T.);
#1397 = ORIENTED_EDGE('',*,*,#1398,.T.);
#1398 = EDGE_CURVE('',#1368,#1296,#1399,.T.);
#1399 = CIRCLE('',#1400,0.4);
#1400 = AXIS2_PLACEMENT_3D('',#1401,#1402,#1403);
#1401 = CARTESIAN_POINT('',(30.775158750318,-2.81300482601,    1.538354076708));
#1402 = DIRECTION('',(0.,0.,1.));
#1403 = DIRECTION('',(-1.,-1.110223024625E-16,0.));
#1404 = ORIENTED_EDGE('',*,*,#1293,.F.);
#1405 = ORIENTED_EDGE('',*,*,#1406,.F.);
#1406 = EDGE_CURVE('',#1376,#1294,#1407,.T.);
#1407 = CIRCLE('',#1408,0.4);
#1408 = AXIS2_PLACEMENT_3D('',#1409,#1410,#1411);
#1409 = CARTESIAN_POINT('',(30.775158750318,-2.81300482601,0.));
#1410 = DIRECTION('',(0.,0.,1.));
#1411 = DIRECTION('',(-1.,-1.110223024625E-16,0.));
#1412 = CYLINDRICAL_SURFACE('',#1413,0.4);
#1413 = AXIS2_PLACEMENT_3D('',#1414,#1415,#1416);
#1414 = CARTESIAN_POINT('',(30.775158750318,-2.81300482601,0.));
#1415 = DIRECTION('',(-0.,-0.,-1.));
#1416 = DIRECTION('',(-1.,-1.110223024625E-16,0.));
#1417 = ADVANCED_FACE('',(#1418),#1454,.F.);
#1418 = FACE_BOUND('',#1419,.T.);
#1419 = EDGE_LOOP('',(#1420,#1430,#1439,#1447));
#1420 = ORIENTED_EDGE('',*,*,#1421,.T.);
#1421 = EDGE_CURVE('',#1422,#1424,#1426,.T.);
#1422 = VERTEX_POINT('',#1423);
#1423 = CARTESIAN_POINT('',(33.382270764542,-2.41300482601,0.));
#1424 = VERTEX_POINT('',#1425);
#1425 = CARTESIAN_POINT('',(33.382270764542,-2.41300482601,    1.538354076708));
#1426 = LINE('',#1427,#1428);
#1427 = CARTESIAN_POINT('',(33.382270764542,-2.41300482601,0.));
#1428 = VECTOR('',#1429,1.);
#1429 = DIRECTION('',(0.,0.,1.));
#1430 = ORIENTED_EDGE('',*,*,#1431,.T.);
#1431 = EDGE_CURVE('',#1424,#1432,#1434,.T.);
#1432 = VERTEX_POINT('',#1433);
#1433 = CARTESIAN_POINT('',(32.467868935738,-2.41300482601,    1.538354076708));
#1434 = CIRCLE('',#1435,0.457200914402);
#1435 = AXIS2_PLACEMENT_3D('',#1436,#1437,#1438);
#1436 = CARTESIAN_POINT('',(32.92506985014,-2.41300482601,1.538354076708    ));
#1437 = DIRECTION('',(0.,0.,1.));
#1438 = DIRECTION('',(1.,1.110223024625E-16,-0.));
#1439 = ORIENTED_EDGE('',*,*,#1440,.F.);
#1440 = EDGE_CURVE('',#1441,#1432,#1443,.T.);
#1441 = VERTEX_POINT('',#1442);
#1442 = CARTESIAN_POINT('',(32.467868935738,-2.41300482601,0.));
#1443 = LINE('',#1444,#1445);
#1444 = CARTESIAN_POINT('',(32.467868935738,-2.41300482601,0.));
#1445 = VECTOR('',#1446,1.);
#1446 = DIRECTION('',(0.,0.,1.));
#1447 = ORIENTED_EDGE('',*,*,#1448,.F.);
#1448 = EDGE_CURVE('',#1422,#1441,#1449,.T.);
#1449 = CIRCLE('',#1450,0.457200914402);
#1450 = AXIS2_PLACEMENT_3D('',#1451,#1452,#1453);
#1451 = CARTESIAN_POINT('',(32.92506985014,-2.41300482601,0.));
#1452 = DIRECTION('',(0.,0.,1.));
#1453 = DIRECTION('',(1.,1.110223024625E-16,-0.));
#1454 = CYLINDRICAL_SURFACE('',#1455,0.457200914402);
#1455 = AXIS2_PLACEMENT_3D('',#1456,#1457,#1458);
#1456 = CARTESIAN_POINT('',(32.92506985014,-2.41300482601,0.));
#1457 = DIRECTION('',(-0.,-0.,-1.));
#1458 = DIRECTION('',(1.,1.110223024625E-16,-0.));
#1459 = ADVANCED_FACE('',(#1460),#1478,.F.);
#1460 = FACE_BOUND('',#1461,.T.);
#1461 = EDGE_LOOP('',(#1462,#1463,#1470,#1471));
#1462 = ORIENTED_EDGE('',*,*,#1440,.T.);
#1463 = ORIENTED_EDGE('',*,*,#1464,.T.);
#1464 = EDGE_CURVE('',#1432,#1424,#1465,.T.);
#1465 = CIRCLE('',#1466,0.457200914402);
#1466 = AXIS2_PLACEMENT_3D('',#1467,#1468,#1469);
#1467 = CARTESIAN_POINT('',(32.92506985014,-2.41300482601,1.538354076708    ));
#1468 = DIRECTION('',(0.,0.,1.));
#1469 = DIRECTION('',(-1.,-1.110223024625E-16,0.));
#1470 = ORIENTED_EDGE('',*,*,#1421,.F.);
#1471 = ORIENTED_EDGE('',*,*,#1472,.F.);
#1472 = EDGE_CURVE('',#1441,#1422,#1473,.T.);
#1473 = CIRCLE('',#1474,0.457200914402);
#1474 = AXIS2_PLACEMENT_3D('',#1475,#1476,#1477);
#1475 = CARTESIAN_POINT('',(32.92506985014,-2.41300482601,0.));
#1476 = DIRECTION('',(0.,0.,1.));
#1477 = DIRECTION('',(-1.,-1.110223024625E-16,0.));
#1478 = CYLINDRICAL_SURFACE('',#1479,0.457200914402);
#1479 = AXIS2_PLACEMENT_3D('',#1480,#1481,#1482);
#1480 = CARTESIAN_POINT('',(32.92506985014,-2.41300482601,0.));
#1481 = DIRECTION('',(-0.,-0.,-1.));
#1482 = DIRECTION('',(-1.,-1.110223024625E-16,0.));
#1483 = ADVANCED_FACE('',(#1484),#1520,.F.);
#1484 = FACE_BOUND('',#1485,.T.);
#1485 = EDGE_LOOP('',(#1486,#1496,#1505,#1513));
#1486 = ORIENTED_EDGE('',*,*,#1487,.T.);
#1487 = EDGE_CURVE('',#1488,#1490,#1492,.T.);
#1488 = VERTEX_POINT('',#1489);
#1489 = CARTESIAN_POINT('',(35.382270764542,-2.41300482601,0.));
#1490 = VERTEX_POINT('',#1491);
#1491 = CARTESIAN_POINT('',(35.382270764542,-2.41300482601,    1.538354076708));
#1492 = LINE('',#1493,#1494);
#1493 = CARTESIAN_POINT('',(35.382270764542,-2.41300482601,0.));
#1494 = VECTOR('',#1495,1.);
#1495 = DIRECTION('',(0.,0.,1.));
#1496 = ORIENTED_EDGE('',*,*,#1497,.T.);
#1497 = EDGE_CURVE('',#1490,#1498,#1500,.T.);
#1498 = VERTEX_POINT('',#1499);
#1499 = CARTESIAN_POINT('',(34.467868935738,-2.41300482601,    1.538354076708));
#1500 = CIRCLE('',#1501,0.457200914402);
#1501 = AXIS2_PLACEMENT_3D('',#1502,#1503,#1504);
#1502 = CARTESIAN_POINT('',(34.92506985014,-2.41300482601,1.538354076708    ));
#1503 = DIRECTION('',(0.,0.,1.));
#1504 = DIRECTION('',(1.,1.110223024625E-16,-0.));
#1505 = ORIENTED_EDGE('',*,*,#1506,.F.);
#1506 = EDGE_CURVE('',#1507,#1498,#1509,.T.);
#1507 = VERTEX_POINT('',#1508);
#1508 = CARTESIAN_POINT('',(34.467868935738,-2.41300482601,0.));
#1509 = LINE('',#1510,#1511);
#1510 = CARTESIAN_POINT('',(34.467868935738,-2.41300482601,0.));
#1511 = VECTOR('',#1512,1.);
#1512 = DIRECTION('',(0.,0.,1.));
#1513 = ORIENTED_EDGE('',*,*,#1514,.F.);
#1514 = EDGE_CURVE('',#1488,#1507,#1515,.T.);
#1515 = CIRCLE('',#1516,0.457200914402);
#1516 = AXIS2_PLACEMENT_3D('',#1517,#1518,#1519);
#1517 = CARTESIAN_POINT('',(34.92506985014,-2.41300482601,0.));
#1518 = DIRECTION('',(0.,0.,1.));
#1519 = DIRECTION('',(1.,1.110223024625E-16,-0.));
#1520 = CYLINDRICAL_SURFACE('',#1521,0.457200914402);
#1521 = AXIS2_PLACEMENT_3D('',#1522,#1523,#1524);
#1522 = CARTESIAN_POINT('',(34.92506985014,-2.41300482601,0.));
#1523 = DIRECTION('',(-0.,-0.,-1.));
#1524 = DIRECTION('',(1.,1.110223024625E-16,-0.));
#1525 = ADVANCED_FACE('',(#1526),#1544,.F.);
#1526 = FACE_BOUND('',#1527,.T.);
#1527 = EDGE_LOOP('',(#1528,#1529,#1536,#1537));
#1528 = ORIENTED_EDGE('',*,*,#1506,.T.);
#1529 = ORIENTED_EDGE('',*,*,#1530,.T.);
#1530 = EDGE_CURVE('',#1498,#1490,#1531,.T.);
#1531 = CIRCLE('',#1532,0.457200914402);
#1532 = AXIS2_PLACEMENT_3D('',#1533,#1534,#1535);
#1533 = CARTESIAN_POINT('',(34.92506985014,-2.41300482601,1.538354076708    ));
#1534 = DIRECTION('',(0.,0.,1.));
#1535 = DIRECTION('',(-1.,-1.110223024625E-16,0.));
#1536 = ORIENTED_EDGE('',*,*,#1487,.F.);
#1537 = ORIENTED_EDGE('',*,*,#1538,.F.);
#1538 = EDGE_CURVE('',#1507,#1488,#1539,.T.);
#1539 = CIRCLE('',#1540,0.457200914402);
#1540 = AXIS2_PLACEMENT_3D('',#1541,#1542,#1543);
#1541 = CARTESIAN_POINT('',(34.92506985014,-2.41300482601,0.));
#1542 = DIRECTION('',(0.,0.,1.));
#1543 = DIRECTION('',(-1.,-1.110223024625E-16,0.));
#1544 = CYLINDRICAL_SURFACE('',#1545,0.457200914402);
#1545 = AXIS2_PLACEMENT_3D('',#1546,#1547,#1548);
#1546 = CARTESIAN_POINT('',(34.92506985014,-2.41300482601,0.));
#1547 = DIRECTION('',(-0.,-0.,-1.));
#1548 = DIRECTION('',(-1.,-1.110223024625E-16,0.));
#1549 = ADVANCED_FACE('',(#1550),#1586,.F.);
#1550 = FACE_BOUND('',#1551,.T.);
#1551 = EDGE_LOOP('',(#1552,#1562,#1571,#1579));
#1552 = ORIENTED_EDGE('',*,*,#1553,.T.);
#1553 = EDGE_CURVE('',#1554,#1556,#1558,.T.);
#1554 = VERTEX_POINT('',#1555);
#1555 = CARTESIAN_POINT('',(37.382270764542,-2.41300482601,0.));
#1556 = VERTEX_POINT('',#1557);
#1557 = CARTESIAN_POINT('',(37.382270764542,-2.41300482601,    1.538354076708));
#1558 = LINE('',#1559,#1560);
#1559 = CARTESIAN_POINT('',(37.382270764542,-2.41300482601,0.));
#1560 = VECTOR('',#1561,1.);
#1561 = DIRECTION('',(0.,0.,1.));
#1562 = ORIENTED_EDGE('',*,*,#1563,.T.);
#1563 = EDGE_CURVE('',#1556,#1564,#1566,.T.);
#1564 = VERTEX_POINT('',#1565);
#1565 = CARTESIAN_POINT('',(36.467868935738,-2.41300482601,    1.538354076708));
#1566 = CIRCLE('',#1567,0.457200914402);
#1567 = AXIS2_PLACEMENT_3D('',#1568,#1569,#1570);
#1568 = CARTESIAN_POINT('',(36.92506985014,-2.41300482601,1.538354076708    ));
#1569 = DIRECTION('',(0.,0.,1.));
#1570 = DIRECTION('',(1.,1.110223024625E-16,-0.));
#1571 = ORIENTED_EDGE('',*,*,#1572,.F.);
#1572 = EDGE_CURVE('',#1573,#1564,#1575,.T.);
#1573 = VERTEX_POINT('',#1574);
#1574 = CARTESIAN_POINT('',(36.467868935738,-2.41300482601,0.));
#1575 = LINE('',#1576,#1577);
#1576 = CARTESIAN_POINT('',(36.467868935738,-2.41300482601,0.));
#1577 = VECTOR('',#1578,1.);
#1578 = DIRECTION('',(0.,0.,1.));
#1579 = ORIENTED_EDGE('',*,*,#1580,.F.);
#1580 = EDGE_CURVE('',#1554,#1573,#1581,.T.);
#1581 = CIRCLE('',#1582,0.457200914402);
#1582 = AXIS2_PLACEMENT_3D('',#1583,#1584,#1585);
#1583 = CARTESIAN_POINT('',(36.92506985014,-2.41300482601,0.));
#1584 = DIRECTION('',(0.,0.,1.));
#1585 = DIRECTION('',(1.,1.110223024625E-16,-0.));
#1586 = CYLINDRICAL_SURFACE('',#1587,0.457200914402);
#1587 = AXIS2_PLACEMENT_3D('',#1588,#1589,#1590);
#1588 = CARTESIAN_POINT('',(36.92506985014,-2.41300482601,0.));
#1589 = DIRECTION('',(-0.,-0.,-1.));
#1590 = DIRECTION('',(1.,1.110223024625E-16,-0.));
#1591 = ADVANCED_FACE('',(#1592),#1610,.F.);
#1592 = FACE_BOUND('',#1593,.T.);
#1593 = EDGE_LOOP('',(#1594,#1595,#1602,#1603));
#1594 = ORIENTED_EDGE('',*,*,#1572,.T.);
#1595 = ORIENTED_EDGE('',*,*,#1596,.T.);
#1596 = EDGE_CURVE('',#1564,#1556,#1597,.T.);
#1597 = CIRCLE('',#1598,0.457200914402);
#1598 = AXIS2_PLACEMENT_3D('',#1599,#1600,#1601);
#1599 = CARTESIAN_POINT('',(36.92506985014,-2.41300482601,1.538354076708    ));
#1600 = DIRECTION('',(0.,0.,1.));
#1601 = DIRECTION('',(-1.,-1.110223024625E-16,0.));
#1602 = ORIENTED_EDGE('',*,*,#1553,.F.);
#1603 = ORIENTED_EDGE('',*,*,#1604,.F.);
#1604 = EDGE_CURVE('',#1573,#1554,#1605,.T.);
#1605 = CIRCLE('',#1606,0.457200914402);
#1606 = AXIS2_PLACEMENT_3D('',#1607,#1608,#1609);
#1607 = CARTESIAN_POINT('',(36.92506985014,-2.41300482601,0.));
#1608 = DIRECTION('',(0.,0.,1.));
#1609 = DIRECTION('',(-1.,-1.110223024625E-16,0.));
#1610 = CYLINDRICAL_SURFACE('',#1611,0.457200914402);
#1611 = AXIS2_PLACEMENT_3D('',#1612,#1613,#1614);
#1612 = CARTESIAN_POINT('',(36.92506985014,-2.41300482601,0.));
#1613 = DIRECTION('',(-0.,-0.,-1.));
#1614 = DIRECTION('',(-1.,-1.110223024625E-16,0.));
#1615 = ADVANCED_FACE('',(#1616),#1650,.T.);
#1616 = FACE_BOUND('',#1617,.T.);
#1617 = EDGE_LOOP('',(#1618,#1628,#1636,#1644));
#1618 = ORIENTED_EDGE('',*,*,#1619,.T.);
#1619 = EDGE_CURVE('',#1620,#1622,#1624,.T.);
#1620 = VERTEX_POINT('',#1621);
#1621 = CARTESIAN_POINT('',(39.475184150368,-2.81300482601,0.));
#1622 = VERTEX_POINT('',#1623);
#1623 = CARTESIAN_POINT('',(39.475184150368,-2.81300482601,    1.538354076708));
#1624 = LINE('',#1625,#1626);
#1625 = CARTESIAN_POINT('',(39.475184150368,-2.81300482601,0.));
#1626 = VECTOR('',#1627,1.);
#1627 = DIRECTION('',(0.,0.,1.));
#1628 = ORIENTED_EDGE('',*,*,#1629,.T.);
#1629 = EDGE_CURVE('',#1622,#1630,#1632,.T.);
#1630 = VERTEX_POINT('',#1631);
#1631 = CARTESIAN_POINT('',(39.475184150368,-2.01300482601,    1.538354076708));
#1632 = LINE('',#1633,#1634);
#1633 = CARTESIAN_POINT('',(39.475184150368,-2.81300482601,    1.538354076708));
#1634 = VECTOR('',#1635,1.);
#1635 = DIRECTION('',(0.,1.,0.));
#1636 = ORIENTED_EDGE('',*,*,#1637,.F.);
#1637 = EDGE_CURVE('',#1638,#1630,#1640,.T.);
#1638 = VERTEX_POINT('',#1639);
#1639 = CARTESIAN_POINT('',(39.475184150368,-2.01300482601,0.));
#1640 = LINE('',#1641,#1642);
#1641 = CARTESIAN_POINT('',(39.475184150368,-2.01300482601,0.));
#1642 = VECTOR('',#1643,1.);
#1643 = DIRECTION('',(0.,0.,1.));
#1644 = ORIENTED_EDGE('',*,*,#1645,.F.);
#1645 = EDGE_CURVE('',#1620,#1638,#1646,.T.);
#1646 = LINE('',#1647,#1648);
#1647 = CARTESIAN_POINT('',(39.475184150368,-2.81300482601,0.));
#1648 = VECTOR('',#1649,1.);
#1649 = DIRECTION('',(0.,1.,0.));
#1650 = PLANE('',#1651);
#1651 = AXIS2_PLACEMENT_3D('',#1652,#1653,#1654);
#1652 = CARTESIAN_POINT('',(39.475184150368,-2.81300482601,0.));
#1653 = DIRECTION('',(-1.,0.,0.));
#1654 = DIRECTION('',(0.,1.,0.));
#1655 = ADVANCED_FACE('',(#1656),#1683,.F.);
#1656 = FACE_BOUND('',#1657,.T.);
#1657 = EDGE_LOOP('',(#1658,#1659,#1668,#1676));
#1658 = ORIENTED_EDGE('',*,*,#1637,.T.);
#1659 = ORIENTED_EDGE('',*,*,#1660,.T.);
#1660 = EDGE_CURVE('',#1630,#1661,#1663,.T.);
#1661 = VERTEX_POINT('',#1662);
#1662 = CARTESIAN_POINT('',(38.675184150368,-2.01300482601,    1.538354076708));
#1663 = CIRCLE('',#1664,0.4);
#1664 = AXIS2_PLACEMENT_3D('',#1665,#1666,#1667);
#1665 = CARTESIAN_POINT('',(39.075184150368,-2.01300482601,    1.538354076708));
#1666 = DIRECTION('',(0.,0.,1.));
#1667 = DIRECTION('',(1.,1.110223024625E-16,-0.));
#1668 = ORIENTED_EDGE('',*,*,#1669,.F.);
#1669 = EDGE_CURVE('',#1670,#1661,#1672,.T.);
#1670 = VERTEX_POINT('',#1671);
#1671 = CARTESIAN_POINT('',(38.675184150368,-2.01300482601,0.));
#1672 = LINE('',#1673,#1674);
#1673 = CARTESIAN_POINT('',(38.675184150368,-2.01300482601,0.));
#1674 = VECTOR('',#1675,1.);
#1675 = DIRECTION('',(0.,0.,1.));
#1676 = ORIENTED_EDGE('',*,*,#1677,.F.);
#1677 = EDGE_CURVE('',#1638,#1670,#1678,.T.);
#1678 = CIRCLE('',#1679,0.4);
#1679 = AXIS2_PLACEMENT_3D('',#1680,#1681,#1682);
#1680 = CARTESIAN_POINT('',(39.075184150368,-2.01300482601,0.));
#1681 = DIRECTION('',(0.,0.,1.));
#1682 = DIRECTION('',(1.,1.110223024625E-16,-0.));
#1683 = CYLINDRICAL_SURFACE('',#1684,0.4);
#1684 = AXIS2_PLACEMENT_3D('',#1685,#1686,#1687);
#1685 = CARTESIAN_POINT('',(39.075184150368,-2.01300482601,0.));
#1686 = DIRECTION('',(-0.,-0.,-1.));
#1687 = DIRECTION('',(1.,1.110223024625E-16,-0.));
#1688 = ADVANCED_FACE('',(#1689),#1714,.T.);
#1689 = FACE_BOUND('',#1690,.T.);
#1690 = EDGE_LOOP('',(#1691,#1692,#1700,#1708));
#1691 = ORIENTED_EDGE('',*,*,#1669,.T.);
#1692 = ORIENTED_EDGE('',*,*,#1693,.T.);
#1693 = EDGE_CURVE('',#1661,#1694,#1696,.T.);
#1694 = VERTEX_POINT('',#1695);
#1695 = CARTESIAN_POINT('',(38.675184150368,-2.81300482601,    1.538354076708));
#1696 = LINE('',#1697,#1698);
#1697 = CARTESIAN_POINT('',(38.675184150368,-2.01300482601,    1.538354076708));
#1698 = VECTOR('',#1699,1.);
#1699 = DIRECTION('',(0.,-1.,0.));
#1700 = ORIENTED_EDGE('',*,*,#1701,.F.);
#1701 = EDGE_CURVE('',#1702,#1694,#1704,.T.);
#1702 = VERTEX_POINT('',#1703);
#1703 = CARTESIAN_POINT('',(38.675184150368,-2.81300482601,0.));
#1704 = LINE('',#1705,#1706);
#1705 = CARTESIAN_POINT('',(38.675184150368,-2.81300482601,0.));
#1706 = VECTOR('',#1707,1.);
#1707 = DIRECTION('',(0.,0.,1.));
#1708 = ORIENTED_EDGE('',*,*,#1709,.F.);
#1709 = EDGE_CURVE('',#1670,#1702,#1710,.T.);
#1710 = LINE('',#1711,#1712);
#1711 = CARTESIAN_POINT('',(38.675184150368,-2.01300482601,0.));
#1712 = VECTOR('',#1713,1.);
#1713 = DIRECTION('',(0.,-1.,0.));
#1714 = PLANE('',#1715);
#1715 = AXIS2_PLACEMENT_3D('',#1716,#1717,#1718);
#1716 = CARTESIAN_POINT('',(38.675184150368,-2.01300482601,0.));
#1717 = DIRECTION('',(1.,0.,-0.));
#1718 = DIRECTION('',(0.,-1.,0.));
#1719 = ADVANCED_FACE('',(#1720),#1738,.F.);
#1720 = FACE_BOUND('',#1721,.T.);
#1721 = EDGE_LOOP('',(#1722,#1723,#1730,#1731));
#1722 = ORIENTED_EDGE('',*,*,#1701,.T.);
#1723 = ORIENTED_EDGE('',*,*,#1724,.T.);
#1724 = EDGE_CURVE('',#1694,#1622,#1725,.T.);
#1725 = CIRCLE('',#1726,0.4);
#1726 = AXIS2_PLACEMENT_3D('',#1727,#1728,#1729);
#1727 = CARTESIAN_POINT('',(39.075184150368,-2.81300482601,    1.538354076708));
#1728 = DIRECTION('',(0.,0.,1.));
#1729 = DIRECTION('',(-1.,-1.110223024625E-16,0.));
#1730 = ORIENTED_EDGE('',*,*,#1619,.F.);
#1731 = ORIENTED_EDGE('',*,*,#1732,.F.);
#1732 = EDGE_CURVE('',#1702,#1620,#1733,.T.);
#1733 = CIRCLE('',#1734,0.4);
#1734 = AXIS2_PLACEMENT_3D('',#1735,#1736,#1737);
#1735 = CARTESIAN_POINT('',(39.075184150368,-2.81300482601,0.));
#1736 = DIRECTION('',(0.,0.,1.));
#1737 = DIRECTION('',(-1.,-1.110223024625E-16,0.));
#1738 = CYLINDRICAL_SURFACE('',#1739,0.4);
#1739 = AXIS2_PLACEMENT_3D('',#1740,#1741,#1742);
#1740 = CARTESIAN_POINT('',(39.075184150368,-2.81300482601,0.));
#1741 = DIRECTION('',(-0.,-0.,-1.));
#1742 = DIRECTION('',(-1.,-1.110223024625E-16,0.));
#1743 = ADVANCED_FACE('',(#1744),#1778,.T.);
#1744 = FACE_BOUND('',#1745,.T.);
#1745 = EDGE_LOOP('',(#1746,#1756,#1764,#1772));
#1746 = ORIENTED_EDGE('',*,*,#1747,.T.);
#1747 = EDGE_CURVE('',#1748,#1750,#1752,.T.);
#1748 = VERTEX_POINT('',#1749);
#1749 = CARTESIAN_POINT('',(41.640106680213,-2.95601981204,0.));
#1750 = VERTEX_POINT('',#1751);
#1751 = CARTESIAN_POINT('',(41.640106680213,-2.95601981204,    1.538354076708));
#1752 = LINE('',#1753,#1754);
#1753 = CARTESIAN_POINT('',(41.640106680213,-2.95601981204,0.));
#1754 = VECTOR('',#1755,1.);
#1755 = DIRECTION('',(0.,0.,1.));
#1756 = ORIENTED_EDGE('',*,*,#1757,.T.);
#1757 = EDGE_CURVE('',#1750,#1758,#1760,.T.);
#1758 = VERTEX_POINT('',#1759);
#1759 = CARTESIAN_POINT('',(41.640106680213,-4.155994411989,    1.538354076708));
#1760 = LINE('',#1761,#1762);
#1761 = CARTESIAN_POINT('',(41.640106680213,-2.95601981204,    1.538354076708));
#1762 = VECTOR('',#1763,1.);
#1763 = DIRECTION('',(0.,-1.,0.));
#1764 = ORIENTED_EDGE('',*,*,#1765,.F.);
#1765 = EDGE_CURVE('',#1766,#1758,#1768,.T.);
#1766 = VERTEX_POINT('',#1767);
#1767 = CARTESIAN_POINT('',(41.640106680213,-4.155994411989,0.));
#1768 = LINE('',#1769,#1770);
#1769 = CARTESIAN_POINT('',(41.640106680213,-4.155994411989,0.));
#1770 = VECTOR('',#1771,1.);
#1771 = DIRECTION('',(0.,0.,1.));
#1772 = ORIENTED_EDGE('',*,*,#1773,.F.);
#1773 = EDGE_CURVE('',#1748,#1766,#1774,.T.);
#1774 = LINE('',#1775,#1776);
#1775 = CARTESIAN_POINT('',(41.640106680213,-2.95601981204,0.));
#1776 = VECTOR('',#1777,1.);
#1777 = DIRECTION('',(0.,-1.,0.));
#1778 = PLANE('',#1779);
#1779 = AXIS2_PLACEMENT_3D('',#1780,#1781,#1782);
#1780 = CARTESIAN_POINT('',(41.640106680213,-2.95601981204,0.));
#1781 = DIRECTION('',(1.,0.,-0.));
#1782 = DIRECTION('',(0.,-1.,0.));
#1783 = ADVANCED_FACE('',(#1784),#1811,.F.);
#1784 = FACE_BOUND('',#1785,.T.);
#1785 = EDGE_LOOP('',(#1786,#1787,#1796,#1804));
#1786 = ORIENTED_EDGE('',*,*,#1765,.T.);
#1787 = ORIENTED_EDGE('',*,*,#1788,.T.);
#1788 = EDGE_CURVE('',#1758,#1789,#1791,.T.);
#1789 = VERTEX_POINT('',#1790);
#1790 = CARTESIAN_POINT('',(42.740132080264,-4.155994411989,    1.538354076708));
#1791 = CIRCLE('',#1792,0.550012700025);
#1792 = AXIS2_PLACEMENT_3D('',#1793,#1794,#1795);
#1793 = CARTESIAN_POINT('',(42.190119380239,-4.155994411989,    1.538354076708));
#1794 = DIRECTION('',(0.,0.,1.));
#1795 = DIRECTION('',(-1.,-1.110223024625E-16,0.));
#1796 = ORIENTED_EDGE('',*,*,#1797,.F.);
#1797 = EDGE_CURVE('',#1798,#1789,#1800,.T.);
#1798 = VERTEX_POINT('',#1799);
#1799 = CARTESIAN_POINT('',(42.740132080264,-4.155994411989,0.));
#1800 = LINE('',#1801,#1802);
#1801 = CARTESIAN_POINT('',(42.740132080264,-4.155994411989,0.));
#1802 = VECTOR('',#1803,1.);
#1803 = DIRECTION('',(0.,0.,1.));
#1804 = ORIENTED_EDGE('',*,*,#1805,.F.);
#1805 = EDGE_CURVE('',#1766,#1798,#1806,.T.);
#1806 = CIRCLE('',#1807,0.550012700025);
#1807 = AXIS2_PLACEMENT_3D('',#1808,#1809,#1810);
#1808 = CARTESIAN_POINT('',(42.190119380239,-4.155994411989,0.));
#1809 = DIRECTION('',(0.,0.,1.));
#1810 = DIRECTION('',(-1.,-1.110223024625E-16,0.));
#1811 = CYLINDRICAL_SURFACE('',#1812,0.550012700025);
#1812 = AXIS2_PLACEMENT_3D('',#1813,#1814,#1815);
#1813 = CARTESIAN_POINT('',(42.190119380239,-4.155994411989,0.));
#1814 = DIRECTION('',(-0.,-0.,-1.));
#1815 = DIRECTION('',(-1.,-1.110223024625E-16,0.));
#1816 = ADVANCED_FACE('',(#1817),#1842,.T.);
#1817 = FACE_BOUND('',#1818,.T.);
#1818 = EDGE_LOOP('',(#1819,#1820,#1828,#1836));
#1819 = ORIENTED_EDGE('',*,*,#1797,.T.);
#1820 = ORIENTED_EDGE('',*,*,#1821,.T.);
#1821 = EDGE_CURVE('',#1789,#1822,#1824,.T.);
#1822 = VERTEX_POINT('',#1823);
#1823 = CARTESIAN_POINT('',(42.740132080264,-2.95601981204,    1.538354076708));
#1824 = LINE('',#1825,#1826);
#1825 = CARTESIAN_POINT('',(42.740132080264,-4.155994411989,    1.538354076708));
#1826 = VECTOR('',#1827,1.);
#1827 = DIRECTION('',(0.,1.,0.));
#1828 = ORIENTED_EDGE('',*,*,#1829,.F.);
#1829 = EDGE_CURVE('',#1830,#1822,#1832,.T.);
#1830 = VERTEX_POINT('',#1831);
#1831 = CARTESIAN_POINT('',(42.740132080264,-2.95601981204,0.));
#1832 = LINE('',#1833,#1834);
#1833 = CARTESIAN_POINT('',(42.740132080264,-2.95601981204,0.));
#1834 = VECTOR('',#1835,1.);
#1835 = DIRECTION('',(0.,0.,1.));
#1836 = ORIENTED_EDGE('',*,*,#1837,.F.);
#1837 = EDGE_CURVE('',#1798,#1830,#1838,.T.);
#1838 = LINE('',#1839,#1840);
#1839 = CARTESIAN_POINT('',(42.740132080264,-4.155994411989,0.));
#1840 = VECTOR('',#1841,1.);
#1841 = DIRECTION('',(0.,1.,0.));
#1842 = PLANE('',#1843);
#1843 = AXIS2_PLACEMENT_3D('',#1844,#1845,#1846);
#1844 = CARTESIAN_POINT('',(42.740132080264,-4.155994411989,0.));
#1845 = DIRECTION('',(-1.,0.,0.));
#1846 = DIRECTION('',(0.,1.,0.));
#1847 = ADVANCED_FACE('',(#1848),#1866,.F.);
#1848 = FACE_BOUND('',#1849,.T.);
#1849 = EDGE_LOOP('',(#1850,#1851,#1858,#1859));
#1850 = ORIENTED_EDGE('',*,*,#1829,.T.);
#1851 = ORIENTED_EDGE('',*,*,#1852,.T.);
#1852 = EDGE_CURVE('',#1822,#1750,#1853,.T.);
#1853 = CIRCLE('',#1854,0.550012700025);
#1854 = AXIS2_PLACEMENT_3D('',#1855,#1856,#1857);
#1855 = CARTESIAN_POINT('',(42.190119380239,-2.95601981204,    1.538354076708));
#1856 = DIRECTION('',(0.,0.,1.));
#1857 = DIRECTION('',(1.,1.110223024625E-16,-0.));
#1858 = ORIENTED_EDGE('',*,*,#1747,.F.);
#1859 = ORIENTED_EDGE('',*,*,#1860,.F.);
#1860 = EDGE_CURVE('',#1830,#1748,#1861,.T.);
#1861 = CIRCLE('',#1862,0.550012700025);
#1862 = AXIS2_PLACEMENT_3D('',#1863,#1864,#1865);
#1863 = CARTESIAN_POINT('',(42.190119380239,-2.95601981204,0.));
#1864 = DIRECTION('',(0.,0.,1.));
#1865 = DIRECTION('',(1.,1.110223024625E-16,-0.));
#1866 = CYLINDRICAL_SURFACE('',#1867,0.550012700025);
#1867 = AXIS2_PLACEMENT_3D('',#1868,#1869,#1870);
#1868 = CARTESIAN_POINT('',(42.190119380239,-2.95601981204,0.));
#1869 = DIRECTION('',(-0.,-0.,-1.));
#1870 = DIRECTION('',(1.,1.110223024625E-16,-0.));
#1871 = ADVANCED_FACE('',(#1872),#1906,.T.);
#1872 = FACE_BOUND('',#1873,.T.);
#1873 = EDGE_LOOP('',(#1874,#1884,#1892,#1900));
#1874 = ORIENTED_EDGE('',*,*,#1875,.T.);
#1875 = EDGE_CURVE('',#1876,#1878,#1880,.T.);
#1876 = VERTEX_POINT('',#1877);
#1877 = CARTESIAN_POINT('',(46.440208280417,-2.95601981204,0.));
#1878 = VERTEX_POINT('',#1879);
#1879 = CARTESIAN_POINT('',(46.440208280417,-2.95601981204,    1.538354076708));
#1880 = LINE('',#1881,#1882);
#1881 = CARTESIAN_POINT('',(46.440208280417,-2.95601981204,0.));
#1882 = VECTOR('',#1883,1.);
#1883 = DIRECTION('',(0.,0.,1.));
#1884 = ORIENTED_EDGE('',*,*,#1885,.T.);
#1885 = EDGE_CURVE('',#1878,#1886,#1888,.T.);
#1886 = VERTEX_POINT('',#1887);
#1887 = CARTESIAN_POINT('',(46.440208280417,-4.155994411989,    1.538354076708));
#1888 = LINE('',#1889,#1890);
#1889 = CARTESIAN_POINT('',(46.440208280417,-2.95601981204,    1.538354076708));
#1890 = VECTOR('',#1891,1.);
#1891 = DIRECTION('',(0.,-1.,0.));
#1892 = ORIENTED_EDGE('',*,*,#1893,.F.);
#1893 = EDGE_CURVE('',#1894,#1886,#1896,.T.);
#1894 = VERTEX_POINT('',#1895);
#1895 = CARTESIAN_POINT('',(46.440208280417,-4.155994411989,0.));
#1896 = LINE('',#1897,#1898);
#1897 = CARTESIAN_POINT('',(46.440208280417,-4.155994411989,0.));
#1898 = VECTOR('',#1899,1.);
#1899 = DIRECTION('',(0.,0.,1.));
#1900 = ORIENTED_EDGE('',*,*,#1901,.F.);
#1901 = EDGE_CURVE('',#1876,#1894,#1902,.T.);
#1902 = LINE('',#1903,#1904);
#1903 = CARTESIAN_POINT('',(46.440208280417,-2.95601981204,0.));
#1904 = VECTOR('',#1905,1.);
#1905 = DIRECTION('',(0.,-1.,0.));
#1906 = PLANE('',#1907);
#1907 = AXIS2_PLACEMENT_3D('',#1908,#1909,#1910);
#1908 = CARTESIAN_POINT('',(46.440208280417,-2.95601981204,0.));
#1909 = DIRECTION('',(1.,0.,-0.));
#1910 = DIRECTION('',(0.,-1.,0.));
#1911 = ADVANCED_FACE('',(#1912),#1939,.F.);
#1912 = FACE_BOUND('',#1913,.T.);
#1913 = EDGE_LOOP('',(#1914,#1915,#1924,#1932));
#1914 = ORIENTED_EDGE('',*,*,#1893,.T.);
#1915 = ORIENTED_EDGE('',*,*,#1916,.T.);
#1916 = EDGE_CURVE('',#1886,#1917,#1919,.T.);
#1917 = VERTEX_POINT('',#1918);
#1918 = CARTESIAN_POINT('',(47.540233680467,-4.155994411989,    1.538354076708));
#1919 = CIRCLE('',#1920,0.550012700025);
#1920 = AXIS2_PLACEMENT_3D('',#1921,#1922,#1923);
#1921 = CARTESIAN_POINT('',(46.990220980442,-4.155994411989,    1.538354076708));
#1922 = DIRECTION('',(0.,0.,1.));
#1923 = DIRECTION('',(-1.,-1.110223024625E-16,0.));
#1924 = ORIENTED_EDGE('',*,*,#1925,.F.);
#1925 = EDGE_CURVE('',#1926,#1917,#1928,.T.);
#1926 = VERTEX_POINT('',#1927);
#1927 = CARTESIAN_POINT('',(47.540233680467,-4.155994411989,0.));
#1928 = LINE('',#1929,#1930);
#1929 = CARTESIAN_POINT('',(47.540233680467,-4.155994411989,0.));
#1930 = VECTOR('',#1931,1.);
#1931 = DIRECTION('',(0.,0.,1.));
#1932 = ORIENTED_EDGE('',*,*,#1933,.F.);
#1933 = EDGE_CURVE('',#1894,#1926,#1934,.T.);
#1934 = CIRCLE('',#1935,0.550012700025);
#1935 = AXIS2_PLACEMENT_3D('',#1936,#1937,#1938);
#1936 = CARTESIAN_POINT('',(46.990220980442,-4.155994411989,0.));
#1937 = DIRECTION('',(0.,0.,1.));
#1938 = DIRECTION('',(-1.,-1.110223024625E-16,0.));
#1939 = CYLINDRICAL_SURFACE('',#1940,0.550012700025);
#1940 = AXIS2_PLACEMENT_3D('',#1941,#1942,#1943);
#1941 = CARTESIAN_POINT('',(46.990220980442,-4.155994411989,0.));
#1942 = DIRECTION('',(-0.,-0.,-1.));
#1943 = DIRECTION('',(-1.,-1.110223024625E-16,0.));
#1944 = ADVANCED_FACE('',(#1945),#1970,.T.);
#1945 = FACE_BOUND('',#1946,.T.);
#1946 = EDGE_LOOP('',(#1947,#1948,#1956,#1964));
#1947 = ORIENTED_EDGE('',*,*,#1925,.T.);
#1948 = ORIENTED_EDGE('',*,*,#1949,.T.);
#1949 = EDGE_CURVE('',#1917,#1950,#1952,.T.);
#1950 = VERTEX_POINT('',#1951);
#1951 = CARTESIAN_POINT('',(47.540233680467,-2.95601981204,    1.538354076708));
#1952 = LINE('',#1953,#1954);
#1953 = CARTESIAN_POINT('',(47.540233680467,-4.155994411989,    1.538354076708));
#1954 = VECTOR('',#1955,1.);
#1955 = DIRECTION('',(5.921314799415E-15,1.,0.));
#1956 = ORIENTED_EDGE('',*,*,#1957,.F.);
#1957 = EDGE_CURVE('',#1958,#1950,#1960,.T.);
#1958 = VERTEX_POINT('',#1959);
#1959 = CARTESIAN_POINT('',(47.540233680467,-2.95601981204,0.));
#1960 = LINE('',#1961,#1962);
#1961 = CARTESIAN_POINT('',(47.540233680467,-2.95601981204,0.));
#1962 = VECTOR('',#1963,1.);
#1963 = DIRECTION('',(0.,0.,1.));
#1964 = ORIENTED_EDGE('',*,*,#1965,.F.);
#1965 = EDGE_CURVE('',#1926,#1958,#1966,.T.);
#1966 = LINE('',#1967,#1968);
#1967 = CARTESIAN_POINT('',(47.540233680467,-4.155994411989,0.));
#1968 = VECTOR('',#1969,1.);
#1969 = DIRECTION('',(5.921314799415E-15,1.,0.));
#1970 = PLANE('',#1971);
#1971 = AXIS2_PLACEMENT_3D('',#1972,#1973,#1974);
#1972 = CARTESIAN_POINT('',(47.540233680467,-4.155994411989,0.));
#1973 = DIRECTION('',(-1.,5.921314799415E-15,0.));
#1974 = DIRECTION('',(5.921314799415E-15,1.,0.));
#1975 = ADVANCED_FACE('',(#1976),#1994,.F.);
#1976 = FACE_BOUND('',#1977,.T.);
#1977 = EDGE_LOOP('',(#1978,#1979,#1986,#1987));
#1978 = ORIENTED_EDGE('',*,*,#1957,.T.);
#1979 = ORIENTED_EDGE('',*,*,#1980,.T.);
#1980 = EDGE_CURVE('',#1950,#1878,#1981,.T.);
#1981 = CIRCLE('',#1982,0.550012700025);
#1982 = AXIS2_PLACEMENT_3D('',#1983,#1984,#1985);
#1983 = CARTESIAN_POINT('',(46.990220980442,-2.95601981204,    1.538354076708));
#1984 = DIRECTION('',(0.,0.,1.));
#1985 = DIRECTION('',(1.,1.110223024625E-16,-0.));
#1986 = ORIENTED_EDGE('',*,*,#1875,.F.);
#1987 = ORIENTED_EDGE('',*,*,#1988,.F.);
#1988 = EDGE_CURVE('',#1958,#1876,#1989,.T.);
#1989 = CIRCLE('',#1990,0.550012700025);
#1990 = AXIS2_PLACEMENT_3D('',#1991,#1992,#1993);
#1991 = CARTESIAN_POINT('',(46.990220980442,-2.95601981204,0.));
#1992 = DIRECTION('',(0.,0.,1.));
#1993 = DIRECTION('',(1.,1.110223024625E-16,-0.));
#1994 = CYLINDRICAL_SURFACE('',#1995,0.550012700025);
#1995 = AXIS2_PLACEMENT_3D('',#1996,#1997,#1998);
#1996 = CARTESIAN_POINT('',(46.990220980442,-2.95601981204,0.));
#1997 = DIRECTION('',(-0.,-0.,-1.));
#1998 = DIRECTION('',(1.,1.110223024625E-16,-0.));
#1999 = ADVANCED_FACE('',(#2000),#2036,.F.);
#2000 = FACE_BOUND('',#2001,.T.);
#2001 = EDGE_LOOP('',(#2002,#2012,#2021,#2029));
#2002 = ORIENTED_EDGE('',*,*,#2003,.T.);
#2003 = EDGE_CURVE('',#2004,#2006,#2008,.T.);
#2004 = VERTEX_POINT('',#2005);
#2005 = CARTESIAN_POINT('',(48.859105918212,-15.3271526543,0.));
#2006 = VERTEX_POINT('',#2007);
#2007 = CARTESIAN_POINT('',(48.859105918212,-15.3271526543,    1.538354076708));
#2008 = LINE('',#2009,#2010);
#2009 = CARTESIAN_POINT('',(48.859105918212,-15.3271526543,0.));
#2010 = VECTOR('',#2011,1.);
#2011 = DIRECTION('',(0.,0.,1.));
#2012 = ORIENTED_EDGE('',*,*,#2013,.T.);
#2013 = EDGE_CURVE('',#2006,#2014,#2016,.T.);
#2014 = VERTEX_POINT('',#2015);
#2015 = CARTESIAN_POINT('',(47.059105918212,-15.3271526543,    1.538354076708));
#2016 = CIRCLE('',#2017,0.9);
#2017 = AXIS2_PLACEMENT_3D('',#2018,#2019,#2020);
#2018 = CARTESIAN_POINT('',(47.959105918212,-15.3271526543,    1.538354076708));
#2019 = DIRECTION('',(0.,0.,1.));
#2020 = DIRECTION('',(1.,1.110223024625E-16,-0.));
#2021 = ORIENTED_EDGE('',*,*,#2022,.F.);
#2022 = EDGE_CURVE('',#2023,#2014,#2025,.T.);
#2023 = VERTEX_POINT('',#2024);
#2024 = CARTESIAN_POINT('',(47.059105918212,-15.3271526543,0.));
#2025 = LINE('',#2026,#2027);
#2026 = CARTESIAN_POINT('',(47.059105918212,-15.3271526543,0.));
#2027 = VECTOR('',#2028,1.);
#2028 = DIRECTION('',(0.,0.,1.));
#2029 = ORIENTED_EDGE('',*,*,#2030,.F.);
#2030 = EDGE_CURVE('',#2004,#2023,#2031,.T.);
#2031 = CIRCLE('',#2032,0.9);
#2032 = AXIS2_PLACEMENT_3D('',#2033,#2034,#2035);
#2033 = CARTESIAN_POINT('',(47.959105918212,-15.3271526543,0.));
#2034 = DIRECTION('',(0.,0.,1.));
#2035 = DIRECTION('',(1.,1.110223024625E-16,-0.));
#2036 = CYLINDRICAL_SURFACE('',#2037,0.9);
#2037 = AXIS2_PLACEMENT_3D('',#2038,#2039,#2040);
#2038 = CARTESIAN_POINT('',(47.959105918212,-15.3271526543,0.));
#2039 = DIRECTION('',(-0.,-0.,-1.));
#2040 = DIRECTION('',(1.,1.110223024625E-16,-0.));
#2041 = ADVANCED_FACE('',(#2042),#2060,.F.);
#2042 = FACE_BOUND('',#2043,.T.);
#2043 = EDGE_LOOP('',(#2044,#2045,#2052,#2053));
#2044 = ORIENTED_EDGE('',*,*,#2022,.T.);
#2045 = ORIENTED_EDGE('',*,*,#2046,.T.);
#2046 = EDGE_CURVE('',#2014,#2006,#2047,.T.);
#2047 = CIRCLE('',#2048,0.9);
#2048 = AXIS2_PLACEMENT_3D('',#2049,#2050,#2051);
#2049 = CARTESIAN_POINT('',(47.959105918212,-15.3271526543,    1.538354076708));
#2050 = DIRECTION('',(0.,0.,1.));
#2051 = DIRECTION('',(-1.,-1.110223024625E-16,0.));
#2052 = ORIENTED_EDGE('',*,*,#2003,.F.);
#2053 = ORIENTED_EDGE('',*,*,#2054,.F.);
#2054 = EDGE_CURVE('',#2023,#2004,#2055,.T.);
#2055 = CIRCLE('',#2056,0.9);
#2056 = AXIS2_PLACEMENT_3D('',#2057,#2058,#2059);
#2057 = CARTESIAN_POINT('',(47.959105918212,-15.3271526543,0.));
#2058 = DIRECTION('',(0.,0.,1.));
#2059 = DIRECTION('',(-1.,-1.110223024625E-16,0.));
#2060 = CYLINDRICAL_SURFACE('',#2061,0.9);
#2061 = AXIS2_PLACEMENT_3D('',#2062,#2063,#2064);
#2062 = CARTESIAN_POINT('',(47.959105918212,-15.3271526543,0.));
#2063 = DIRECTION('',(-0.,-0.,-1.));
#2064 = DIRECTION('',(-1.,-1.110223024625E-16,0.));
#2065 = ADVANCED_FACE('',(#2066),#2102,.F.);
#2066 = FACE_BOUND('',#2067,.T.);
#2067 = EDGE_LOOP('',(#2068,#2078,#2087,#2095));
#2068 = ORIENTED_EDGE('',*,*,#2069,.T.);
#2069 = EDGE_CURVE('',#2070,#2072,#2074,.T.);
#2070 = VERTEX_POINT('',#2071);
#2071 = CARTESIAN_POINT('',(48.859105918212,-10.3271526543,0.));
#2072 = VERTEX_POINT('',#2073);
#2073 = CARTESIAN_POINT('',(48.859105918212,-10.3271526543,    1.538354076708));
#2074 = LINE('',#2075,#2076);
#2075 = CARTESIAN_POINT('',(48.859105918212,-10.3271526543,0.));
#2076 = VECTOR('',#2077,1.);
#2077 = DIRECTION('',(0.,0.,1.));
#2078 = ORIENTED_EDGE('',*,*,#2079,.T.);
#2079 = EDGE_CURVE('',#2072,#2080,#2082,.T.);
#2080 = VERTEX_POINT('',#2081);
#2081 = CARTESIAN_POINT('',(47.059105918212,-10.3271526543,    1.538354076708));
#2082 = CIRCLE('',#2083,0.9);
#2083 = AXIS2_PLACEMENT_3D('',#2084,#2085,#2086);
#2084 = CARTESIAN_POINT('',(47.959105918212,-10.3271526543,    1.538354076708));
#2085 = DIRECTION('',(0.,0.,1.));
#2086 = DIRECTION('',(1.,1.110223024625E-16,-0.));
#2087 = ORIENTED_EDGE('',*,*,#2088,.F.);
#2088 = EDGE_CURVE('',#2089,#2080,#2091,.T.);
#2089 = VERTEX_POINT('',#2090);
#2090 = CARTESIAN_POINT('',(47.059105918212,-10.3271526543,0.));
#2091 = LINE('',#2092,#2093);
#2092 = CARTESIAN_POINT('',(47.059105918212,-10.3271526543,0.));
#2093 = VECTOR('',#2094,1.);
#2094 = DIRECTION('',(0.,0.,1.));
#2095 = ORIENTED_EDGE('',*,*,#2096,.F.);
#2096 = EDGE_CURVE('',#2070,#2089,#2097,.T.);
#2097 = CIRCLE('',#2098,0.9);
#2098 = AXIS2_PLACEMENT_3D('',#2099,#2100,#2101);
#2099 = CARTESIAN_POINT('',(47.959105918212,-10.3271526543,0.));
#2100 = DIRECTION('',(0.,0.,1.));
#2101 = DIRECTION('',(1.,1.110223024625E-16,-0.));
#2102 = CYLINDRICAL_SURFACE('',#2103,0.9);
#2103 = AXIS2_PLACEMENT_3D('',#2104,#2105,#2106);
#2104 = CARTESIAN_POINT('',(47.959105918212,-10.3271526543,0.));
#2105 = DIRECTION('',(-0.,-0.,-1.));
#2106 = DIRECTION('',(1.,1.110223024625E-16,-0.));
#2107 = ADVANCED_FACE('',(#2108),#2126,.F.);
#2108 = FACE_BOUND('',#2109,.T.);
#2109 = EDGE_LOOP('',(#2110,#2111,#2118,#2119));
#2110 = ORIENTED_EDGE('',*,*,#2088,.T.);
#2111 = ORIENTED_EDGE('',*,*,#2112,.T.);
#2112 = EDGE_CURVE('',#2080,#2072,#2113,.T.);
#2113 = CIRCLE('',#2114,0.9);
#2114 = AXIS2_PLACEMENT_3D('',#2115,#2116,#2117);
#2115 = CARTESIAN_POINT('',(47.959105918212,-10.3271526543,    1.538354076708));
#2116 = DIRECTION('',(0.,0.,1.));
#2117 = DIRECTION('',(-1.,-1.110223024625E-16,0.));
#2118 = ORIENTED_EDGE('',*,*,#2069,.F.);
#2119 = ORIENTED_EDGE('',*,*,#2120,.F.);
#2120 = EDGE_CURVE('',#2089,#2070,#2121,.T.);
#2121 = CIRCLE('',#2122,0.9);
#2122 = AXIS2_PLACEMENT_3D('',#2123,#2124,#2125);
#2123 = CARTESIAN_POINT('',(47.959105918212,-10.3271526543,0.));
#2124 = DIRECTION('',(0.,0.,1.));
#2125 = DIRECTION('',(-1.,-1.110223024625E-16,0.));
#2126 = CYLINDRICAL_SURFACE('',#2127,0.9);
#2127 = AXIS2_PLACEMENT_3D('',#2128,#2129,#2130);
#2128 = CARTESIAN_POINT('',(47.959105918212,-10.3271526543,0.));
#2129 = DIRECTION('',(-0.,-0.,-1.));
#2130 = DIRECTION('',(-1.,-1.110223024625E-16,0.));
#2131 = ADVANCED_FACE('',(#2132),#2168,.F.);
#2132 = FACE_BOUND('',#2133,.T.);
#2133 = EDGE_LOOP('',(#2134,#2144,#2153,#2161));
#2134 = ORIENTED_EDGE('',*,*,#2135,.T.);
#2135 = EDGE_CURVE('',#2136,#2138,#2140,.T.);
#2136 = VERTEX_POINT('',#2137);
#2137 = CARTESIAN_POINT('',(51.240055880112,-4.155994411989,0.));
#2138 = VERTEX_POINT('',#2139);
#2139 = CARTESIAN_POINT('',(51.240055880112,-4.155994411989,    1.538354076708));
#2140 = LINE('',#2141,#2142);
#2141 = CARTESIAN_POINT('',(51.240055880112,-4.155994411989,0.));
#2142 = VECTOR('',#2143,1.);
#2143 = DIRECTION('',(0.,0.,1.));
#2144 = ORIENTED_EDGE('',*,*,#2145,.T.);
#2145 = EDGE_CURVE('',#2138,#2146,#2148,.T.);
#2146 = VERTEX_POINT('',#2147);
#2147 = CARTESIAN_POINT('',(52.340081280163,-4.155994411989,    1.538354076708));
#2148 = CIRCLE('',#2149,0.550012700025);
#2149 = AXIS2_PLACEMENT_3D('',#2150,#2151,#2152);
#2150 = CARTESIAN_POINT('',(51.790068580137,-4.155994411989,    1.538354076708));
#2151 = DIRECTION('',(0.,0.,1.));
#2152 = DIRECTION('',(-1.,-1.110223024625E-16,0.));
#2153 = ORIENTED_EDGE('',*,*,#2154,.F.);
#2154 = EDGE_CURVE('',#2155,#2146,#2157,.T.);
#2155 = VERTEX_POINT('',#2156);
#2156 = CARTESIAN_POINT('',(52.340081280163,-4.155994411989,0.));
#2157 = LINE('',#2158,#2159);
#2158 = CARTESIAN_POINT('',(52.340081280163,-4.155994411989,0.));
#2159 = VECTOR('',#2160,1.);
#2160 = DIRECTION('',(0.,0.,1.));
#2161 = ORIENTED_EDGE('',*,*,#2162,.F.);
#2162 = EDGE_CURVE('',#2136,#2155,#2163,.T.);
#2163 = CIRCLE('',#2164,0.550012700025);
#2164 = AXIS2_PLACEMENT_3D('',#2165,#2166,#2167);
#2165 = CARTESIAN_POINT('',(51.790068580137,-4.155994411989,0.));
#2166 = DIRECTION('',(0.,0.,1.));
#2167 = DIRECTION('',(-1.,-1.110223024625E-16,0.));
#2168 = CYLINDRICAL_SURFACE('',#2169,0.550012700025);
#2169 = AXIS2_PLACEMENT_3D('',#2170,#2171,#2172);
#2170 = CARTESIAN_POINT('',(51.790068580137,-4.155994411989,0.));
#2171 = DIRECTION('',(-0.,-0.,-1.));
#2172 = DIRECTION('',(-1.,-1.110223024625E-16,0.));
#2173 = ADVANCED_FACE('',(#2174),#2199,.T.);
#2174 = FACE_BOUND('',#2175,.T.);
#2175 = EDGE_LOOP('',(#2176,#2177,#2185,#2193));
#2176 = ORIENTED_EDGE('',*,*,#2154,.T.);
#2177 = ORIENTED_EDGE('',*,*,#2178,.T.);
#2178 = EDGE_CURVE('',#2146,#2179,#2181,.T.);
#2179 = VERTEX_POINT('',#2180);
#2180 = CARTESIAN_POINT('',(52.340081280163,-2.95601981204,    1.538354076708));
#2181 = LINE('',#2182,#2183);
#2182 = CARTESIAN_POINT('',(52.340081280163,-4.155994411989,    1.538354076708));
#2183 = VECTOR('',#2184,1.);
#2184 = DIRECTION('',(5.921314799415E-15,1.,0.));
#2185 = ORIENTED_EDGE('',*,*,#2186,.F.);
#2186 = EDGE_CURVE('',#2187,#2179,#2189,.T.);
#2187 = VERTEX_POINT('',#2188);
#2188 = CARTESIAN_POINT('',(52.340081280163,-2.95601981204,0.));
#2189 = LINE('',#2190,#2191);
#2190 = CARTESIAN_POINT('',(52.340081280163,-2.95601981204,0.));
#2191 = VECTOR('',#2192,1.);
#2192 = DIRECTION('',(0.,0.,1.));
#2193 = ORIENTED_EDGE('',*,*,#2194,.F.);
#2194 = EDGE_CURVE('',#2155,#2187,#2195,.T.);
#2195 = LINE('',#2196,#2197);
#2196 = CARTESIAN_POINT('',(52.340081280163,-4.155994411989,0.));
#2197 = VECTOR('',#2198,1.);
#2198 = DIRECTION('',(5.921314799415E-15,1.,0.));
#2199 = PLANE('',#2200);
#2200 = AXIS2_PLACEMENT_3D('',#2201,#2202,#2203);
#2201 = CARTESIAN_POINT('',(52.340081280163,-4.155994411989,0.));
#2202 = DIRECTION('',(-1.,5.921314799415E-15,0.));
#2203 = DIRECTION('',(5.921314799415E-15,1.,0.));
#2204 = ADVANCED_FACE('',(#2205),#2232,.F.);
#2205 = FACE_BOUND('',#2206,.T.);
#2206 = EDGE_LOOP('',(#2207,#2208,#2217,#2225));
#2207 = ORIENTED_EDGE('',*,*,#2186,.T.);
#2208 = ORIENTED_EDGE('',*,*,#2209,.T.);
#2209 = EDGE_CURVE('',#2179,#2210,#2212,.T.);
#2210 = VERTEX_POINT('',#2211);
#2211 = CARTESIAN_POINT('',(51.240055880112,-2.95601981204,    1.538354076708));
#2212 = CIRCLE('',#2213,0.550012700025);
#2213 = AXIS2_PLACEMENT_3D('',#2214,#2215,#2216);
#2214 = CARTESIAN_POINT('',(51.790068580137,-2.95601981204,    1.538354076708));
#2215 = DIRECTION('',(0.,0.,1.));
#2216 = DIRECTION('',(1.,1.110223024625E-16,-0.));
#2217 = ORIENTED_EDGE('',*,*,#2218,.F.);
#2218 = EDGE_CURVE('',#2219,#2210,#2221,.T.);
#2219 = VERTEX_POINT('',#2220);
#2220 = CARTESIAN_POINT('',(51.240055880112,-2.95601981204,0.));
#2221 = LINE('',#2222,#2223);
#2222 = CARTESIAN_POINT('',(51.240055880112,-2.95601981204,0.));
#2223 = VECTOR('',#2224,1.);
#2224 = DIRECTION('',(0.,0.,1.));
#2225 = ORIENTED_EDGE('',*,*,#2226,.F.);
#2226 = EDGE_CURVE('',#2187,#2219,#2227,.T.);
#2227 = CIRCLE('',#2228,0.550012700025);
#2228 = AXIS2_PLACEMENT_3D('',#2229,#2230,#2231);
#2229 = CARTESIAN_POINT('',(51.790068580137,-2.95601981204,0.));
#2230 = DIRECTION('',(0.,0.,1.));
#2231 = DIRECTION('',(1.,1.110223024625E-16,-0.));
#2232 = CYLINDRICAL_SURFACE('',#2233,0.550012700025);
#2233 = AXIS2_PLACEMENT_3D('',#2234,#2235,#2236);
#2234 = CARTESIAN_POINT('',(51.790068580137,-2.95601981204,0.));
#2235 = DIRECTION('',(-0.,-0.,-1.));
#2236 = DIRECTION('',(1.,1.110223024625E-16,-0.));
#2237 = ADVANCED_FACE('',(#2238),#2254,.T.);
#2238 = FACE_BOUND('',#2239,.T.);
#2239 = EDGE_LOOP('',(#2240,#2241,#2247,#2248));
#2240 = ORIENTED_EDGE('',*,*,#2218,.T.);
#2241 = ORIENTED_EDGE('',*,*,#2242,.T.);
#2242 = EDGE_CURVE('',#2210,#2138,#2243,.T.);
#2243 = LINE('',#2244,#2245);
#2244 = CARTESIAN_POINT('',(51.240055880112,-2.95601981204,    1.538354076708));
#2245 = VECTOR('',#2246,1.);
#2246 = DIRECTION('',(0.,-1.,0.));
#2247 = ORIENTED_EDGE('',*,*,#2135,.F.);
#2248 = ORIENTED_EDGE('',*,*,#2249,.F.);
#2249 = EDGE_CURVE('',#2219,#2136,#2250,.T.);
#2250 = LINE('',#2251,#2252);
#2251 = CARTESIAN_POINT('',(51.240055880112,-2.95601981204,0.));
#2252 = VECTOR('',#2253,1.);
#2253 = DIRECTION('',(0.,-1.,0.));
#2254 = PLANE('',#2255);
#2255 = AXIS2_PLACEMENT_3D('',#2256,#2257,#2258);
#2256 = CARTESIAN_POINT('',(51.240055880112,-2.95601981204,0.));
#2257 = DIRECTION('',(1.,0.,-0.));
#2258 = DIRECTION('',(0.,-1.,0.));
#2259 = ADVANCED_FACE('',(#2260),#2294,.T.);
#2260 = FACE_BOUND('',#2261,.T.);
#2261 = EDGE_LOOP('',(#2262,#2272,#2280,#2288));
#2262 = ORIENTED_EDGE('',*,*,#2263,.T.);
#2263 = EDGE_CURVE('',#2264,#2266,#2268,.T.);
#2264 = VERTEX_POINT('',#2265);
#2265 = CARTESIAN_POINT('',(54.769723139446,-52.28013716027,0.));
#2266 = VERTEX_POINT('',#2267);
#2267 = CARTESIAN_POINT('',(54.769723139446,-52.28013716027,    1.538354076708));
#2268 = LINE('',#2269,#2270);
#2269 = CARTESIAN_POINT('',(54.769723139446,-52.28013716027,0.));
#2270 = VECTOR('',#2271,1.);
#2271 = DIRECTION('',(0.,0.,1.));
#2272 = ORIENTED_EDGE('',*,*,#2273,.T.);
#2273 = EDGE_CURVE('',#2266,#2274,#2276,.T.);
#2274 = VERTEX_POINT('',#2275);
#2275 = CARTESIAN_POINT('',(53.669697739395,-52.28013716027,    1.538354076708));
#2276 = LINE('',#2277,#2278);
#2277 = CARTESIAN_POINT('',(54.769723139446,-52.28013716027,    1.538354076708));
#2278 = VECTOR('',#2279,1.);
#2279 = DIRECTION('',(-1.,0.,0.));
#2280 = ORIENTED_EDGE('',*,*,#2281,.F.);
#2281 = EDGE_CURVE('',#2282,#2274,#2284,.T.);
#2282 = VERTEX_POINT('',#2283);
#2283 = CARTESIAN_POINT('',(53.669697739395,-52.28013716027,0.));
#2284 = LINE('',#2285,#2286);
#2285 = CARTESIAN_POINT('',(53.669697739395,-52.28013716027,0.));
#2286 = VECTOR('',#2287,1.);
#2287 = DIRECTION('',(0.,0.,1.));
#2288 = ORIENTED_EDGE('',*,*,#2289,.F.);
#2289 = EDGE_CURVE('',#2264,#2282,#2290,.T.);
#2290 = LINE('',#2291,#2292);
#2291 = CARTESIAN_POINT('',(54.769723139446,-52.28013716027,0.));
#2292 = VECTOR('',#2293,1.);
#2293 = DIRECTION('',(-1.,0.,0.));
#2294 = PLANE('',#2295);
#2295 = AXIS2_PLACEMENT_3D('',#2296,#2297,#2298);
#2296 = CARTESIAN_POINT('',(54.769723139446,-52.28013716027,0.));
#2297 = DIRECTION('',(0.,-1.,0.));
#2298 = DIRECTION('',(-1.,0.,0.));
#2299 = ADVANCED_FACE('',(#2300),#2327,.F.);
#2300 = FACE_BOUND('',#2301,.T.);
#2301 = EDGE_LOOP('',(#2302,#2303,#2312,#2320));
#2302 = ORIENTED_EDGE('',*,*,#2281,.T.);
#2303 = ORIENTED_EDGE('',*,*,#2304,.T.);
#2304 = EDGE_CURVE('',#2274,#2305,#2307,.T.);
#2305 = VERTEX_POINT('',#2306);
#2306 = CARTESIAN_POINT('',(53.669697739395,-52.88013716027,    1.538354076708));
#2307 = CIRCLE('',#2308,0.3);
#2308 = AXIS2_PLACEMENT_3D('',#2309,#2310,#2311);
#2309 = CARTESIAN_POINT('',(53.669697739395,-52.58013716027,    1.538354076708));
#2310 = DIRECTION('',(0.,0.,1.));
#2311 = DIRECTION('',(-1.110223024625E-16,1.,0.));
#2312 = ORIENTED_EDGE('',*,*,#2313,.F.);
#2313 = EDGE_CURVE('',#2314,#2305,#2316,.T.);
#2314 = VERTEX_POINT('',#2315);
#2315 = CARTESIAN_POINT('',(53.669697739395,-52.88013716027,0.));
#2316 = LINE('',#2317,#2318);
#2317 = CARTESIAN_POINT('',(53.669697739395,-52.88013716027,0.));
#2318 = VECTOR('',#2319,1.);
#2319 = DIRECTION('',(0.,0.,1.));
#2320 = ORIENTED_EDGE('',*,*,#2321,.F.);
#2321 = EDGE_CURVE('',#2282,#2314,#2322,.T.);
#2322 = CIRCLE('',#2323,0.3);
#2323 = AXIS2_PLACEMENT_3D('',#2324,#2325,#2326);
#2324 = CARTESIAN_POINT('',(53.669697739395,-52.58013716027,0.));
#2325 = DIRECTION('',(0.,0.,1.));
#2326 = DIRECTION('',(-1.110223024625E-16,1.,0.));
#2327 = CYLINDRICAL_SURFACE('',#2328,0.3);
#2328 = AXIS2_PLACEMENT_3D('',#2329,#2330,#2331);
#2329 = CARTESIAN_POINT('',(53.669697739395,-52.58013716027,0.));
#2330 = DIRECTION('',(-0.,-0.,-1.));
#2331 = DIRECTION('',(-1.110223024625E-16,1.,0.));
#2332 = ADVANCED_FACE('',(#2333),#2358,.T.);
#2333 = FACE_BOUND('',#2334,.T.);
#2334 = EDGE_LOOP('',(#2335,#2336,#2344,#2352));
#2335 = ORIENTED_EDGE('',*,*,#2313,.T.);
#2336 = ORIENTED_EDGE('',*,*,#2337,.T.);
#2337 = EDGE_CURVE('',#2305,#2338,#2340,.T.);
#2338 = VERTEX_POINT('',#2339);
#2339 = CARTESIAN_POINT('',(54.769723139446,-52.88013716027,    1.538354076708));
#2340 = LINE('',#2341,#2342);
#2341 = CARTESIAN_POINT('',(53.669697739395,-52.88013716027,    1.538354076708));
#2342 = VECTOR('',#2343,1.);
#2343 = DIRECTION('',(1.,0.,0.));
#2344 = ORIENTED_EDGE('',*,*,#2345,.F.);
#2345 = EDGE_CURVE('',#2346,#2338,#2348,.T.);
#2346 = VERTEX_POINT('',#2347);
#2347 = CARTESIAN_POINT('',(54.769723139446,-52.88013716027,0.));
#2348 = LINE('',#2349,#2350);
#2349 = CARTESIAN_POINT('',(54.769723139446,-52.88013716027,0.));
#2350 = VECTOR('',#2351,1.);
#2351 = DIRECTION('',(0.,0.,1.));
#2352 = ORIENTED_EDGE('',*,*,#2353,.F.);
#2353 = EDGE_CURVE('',#2314,#2346,#2354,.T.);
#2354 = LINE('',#2355,#2356);
#2355 = CARTESIAN_POINT('',(53.669697739395,-52.88013716027,0.));
#2356 = VECTOR('',#2357,1.);
#2357 = DIRECTION('',(1.,0.,0.));
#2358 = PLANE('',#2359);
#2359 = AXIS2_PLACEMENT_3D('',#2360,#2361,#2362);
#2360 = CARTESIAN_POINT('',(53.669697739395,-52.88013716027,0.));
#2361 = DIRECTION('',(0.,1.,0.));
#2362 = DIRECTION('',(1.,0.,0.));
#2363 = ADVANCED_FACE('',(#2364),#2382,.F.);
#2364 = FACE_BOUND('',#2365,.T.);
#2365 = EDGE_LOOP('',(#2366,#2367,#2374,#2375));
#2366 = ORIENTED_EDGE('',*,*,#2345,.T.);
#2367 = ORIENTED_EDGE('',*,*,#2368,.T.);
#2368 = EDGE_CURVE('',#2338,#2266,#2369,.T.);
#2369 = CIRCLE('',#2370,0.3);
#2370 = AXIS2_PLACEMENT_3D('',#2371,#2372,#2373);
#2371 = CARTESIAN_POINT('',(54.769723139446,-52.58013716027,    1.538354076708));
#2372 = DIRECTION('',(0.,0.,1.));
#2373 = DIRECTION('',(1.110223024625E-16,-1.,0.));
#2374 = ORIENTED_EDGE('',*,*,#2263,.F.);
#2375 = ORIENTED_EDGE('',*,*,#2376,.F.);
#2376 = EDGE_CURVE('',#2346,#2264,#2377,.T.);
#2377 = CIRCLE('',#2378,0.3);
#2378 = AXIS2_PLACEMENT_3D('',#2379,#2380,#2381);
#2379 = CARTESIAN_POINT('',(54.769723139446,-52.58013716027,0.));
#2380 = DIRECTION('',(0.,0.,1.));
#2381 = DIRECTION('',(1.110223024625E-16,-1.,0.));
#2382 = CYLINDRICAL_SURFACE('',#2383,0.3);
#2383 = AXIS2_PLACEMENT_3D('',#2384,#2385,#2386);
#2384 = CARTESIAN_POINT('',(54.769723139446,-52.58013716027,0.));
#2385 = DIRECTION('',(-0.,-0.,-1.));
#2386 = DIRECTION('',(1.110223024625E-16,-1.,0.));
#2387 = ADVANCED_FACE('',(#2388),#2422,.T.);
#2388 = FACE_BOUND('',#2389,.T.);
#2389 = EDGE_LOOP('',(#2390,#2400,#2408,#2416));
#2390 = ORIENTED_EDGE('',*,*,#2391,.T.);
#2391 = EDGE_CURVE('',#2392,#2394,#2396,.T.);
#2392 = VERTEX_POINT('',#2393);
#2393 = CARTESIAN_POINT('',(54.769723139446,-43.64005588011,0.));
#2394 = VERTEX_POINT('',#2395);
#2395 = CARTESIAN_POINT('',(54.769723139446,-43.64005588011,    1.538354076708));
#2396 = LINE('',#2397,#2398);
#2397 = CARTESIAN_POINT('',(54.769723139446,-43.64005588011,0.));
#2398 = VECTOR('',#2399,1.);
#2399 = DIRECTION('',(0.,0.,1.));
#2400 = ORIENTED_EDGE('',*,*,#2401,.T.);
#2401 = EDGE_CURVE('',#2394,#2402,#2404,.T.);
#2402 = VERTEX_POINT('',#2403);
#2403 = CARTESIAN_POINT('',(53.669697739395,-43.64005588011,    1.538354076708));
#2404 = LINE('',#2405,#2406);
#2405 = CARTESIAN_POINT('',(54.769723139446,-43.64005588011,    1.538354076708));
#2406 = VECTOR('',#2407,1.);
#2407 = DIRECTION('',(-1.,0.,0.));
#2408 = ORIENTED_EDGE('',*,*,#2409,.F.);
#2409 = EDGE_CURVE('',#2410,#2402,#2412,.T.);
#2410 = VERTEX_POINT('',#2411);
#2411 = CARTESIAN_POINT('',(53.669697739395,-43.64005588011,0.));
#2412 = LINE('',#2413,#2414);
#2413 = CARTESIAN_POINT('',(53.669697739395,-43.64005588011,0.));
#2414 = VECTOR('',#2415,1.);
#2415 = DIRECTION('',(0.,0.,1.));
#2416 = ORIENTED_EDGE('',*,*,#2417,.F.);
#2417 = EDGE_CURVE('',#2392,#2410,#2418,.T.);
#2418 = LINE('',#2419,#2420);
#2419 = CARTESIAN_POINT('',(54.769723139446,-43.64005588011,0.));
#2420 = VECTOR('',#2421,1.);
#2421 = DIRECTION('',(-1.,0.,0.));
#2422 = PLANE('',#2423);
#2423 = AXIS2_PLACEMENT_3D('',#2424,#2425,#2426);
#2424 = CARTESIAN_POINT('',(54.769723139446,-43.64005588011,0.));
#2425 = DIRECTION('',(0.,-1.,0.));
#2426 = DIRECTION('',(-1.,0.,0.));
#2427 = ADVANCED_FACE('',(#2428),#2455,.F.);
#2428 = FACE_BOUND('',#2429,.T.);
#2429 = EDGE_LOOP('',(#2430,#2431,#2440,#2448));
#2430 = ORIENTED_EDGE('',*,*,#2409,.T.);
#2431 = ORIENTED_EDGE('',*,*,#2432,.T.);
#2432 = EDGE_CURVE('',#2402,#2433,#2435,.T.);
#2433 = VERTEX_POINT('',#2434);
#2434 = CARTESIAN_POINT('',(53.669697739395,-44.24005588011,    1.538354076708));
#2435 = CIRCLE('',#2436,0.3);
#2436 = AXIS2_PLACEMENT_3D('',#2437,#2438,#2439);
#2437 = CARTESIAN_POINT('',(53.669697739395,-43.94005588011,    1.538354076708));
#2438 = DIRECTION('',(0.,0.,1.));
#2439 = DIRECTION('',(-1.110223024625E-16,1.,0.));
#2440 = ORIENTED_EDGE('',*,*,#2441,.F.);
#2441 = EDGE_CURVE('',#2442,#2433,#2444,.T.);
#2442 = VERTEX_POINT('',#2443);
#2443 = CARTESIAN_POINT('',(53.669697739395,-44.24005588011,0.));
#2444 = LINE('',#2445,#2446);
#2445 = CARTESIAN_POINT('',(53.669697739395,-44.24005588011,0.));
#2446 = VECTOR('',#2447,1.);
#2447 = DIRECTION('',(0.,0.,1.));
#2448 = ORIENTED_EDGE('',*,*,#2449,.F.);
#2449 = EDGE_CURVE('',#2410,#2442,#2450,.T.);
#2450 = CIRCLE('',#2451,0.3);
#2451 = AXIS2_PLACEMENT_3D('',#2452,#2453,#2454);
#2452 = CARTESIAN_POINT('',(53.669697739395,-43.94005588011,0.));
#2453 = DIRECTION('',(0.,0.,1.));
#2454 = DIRECTION('',(-1.110223024625E-16,1.,0.));
#2455 = CYLINDRICAL_SURFACE('',#2456,0.3);
#2456 = AXIS2_PLACEMENT_3D('',#2457,#2458,#2459);
#2457 = CARTESIAN_POINT('',(53.669697739395,-43.94005588011,0.));
#2458 = DIRECTION('',(-0.,-0.,-1.));
#2459 = DIRECTION('',(-1.110223024625E-16,1.,0.));
#2460 = ADVANCED_FACE('',(#2461),#2486,.T.);
#2461 = FACE_BOUND('',#2462,.T.);
#2462 = EDGE_LOOP('',(#2463,#2464,#2472,#2480));
#2463 = ORIENTED_EDGE('',*,*,#2441,.T.);
#2464 = ORIENTED_EDGE('',*,*,#2465,.T.);
#2465 = EDGE_CURVE('',#2433,#2466,#2468,.T.);
#2466 = VERTEX_POINT('',#2467);
#2467 = CARTESIAN_POINT('',(54.769723139446,-44.24005588011,    1.538354076708));
#2468 = LINE('',#2469,#2470);
#2469 = CARTESIAN_POINT('',(53.669697739395,-44.24005588011,    1.538354076708));
#2470 = VECTOR('',#2471,1.);
#2471 = DIRECTION('',(1.,0.,0.));
#2472 = ORIENTED_EDGE('',*,*,#2473,.F.);
#2473 = EDGE_CURVE('',#2474,#2466,#2476,.T.);
#2474 = VERTEX_POINT('',#2475);
#2475 = CARTESIAN_POINT('',(54.769723139446,-44.24005588011,0.));
#2476 = LINE('',#2477,#2478);
#2477 = CARTESIAN_POINT('',(54.769723139446,-44.24005588011,0.));
#2478 = VECTOR('',#2479,1.);
#2479 = DIRECTION('',(0.,0.,1.));
#2480 = ORIENTED_EDGE('',*,*,#2481,.F.);
#2481 = EDGE_CURVE('',#2442,#2474,#2482,.T.);
#2482 = LINE('',#2483,#2484);
#2483 = CARTESIAN_POINT('',(53.669697739395,-44.24005588011,0.));
#2484 = VECTOR('',#2485,1.);
#2485 = DIRECTION('',(1.,0.,0.));
#2486 = PLANE('',#2487);
#2487 = AXIS2_PLACEMENT_3D('',#2488,#2489,#2490);
#2488 = CARTESIAN_POINT('',(53.669697739395,-44.24005588011,0.));
#2489 = DIRECTION('',(0.,1.,0.));
#2490 = DIRECTION('',(1.,0.,0.));
#2491 = ADVANCED_FACE('',(#2492),#2510,.F.);
#2492 = FACE_BOUND('',#2493,.T.);
#2493 = EDGE_LOOP('',(#2494,#2495,#2502,#2503));
#2494 = ORIENTED_EDGE('',*,*,#2473,.T.);
#2495 = ORIENTED_EDGE('',*,*,#2496,.T.);
#2496 = EDGE_CURVE('',#2466,#2394,#2497,.T.);
#2497 = CIRCLE('',#2498,0.3);
#2498 = AXIS2_PLACEMENT_3D('',#2499,#2500,#2501);
#2499 = CARTESIAN_POINT('',(54.769723139446,-43.94005588011,    1.538354076708));
#2500 = DIRECTION('',(0.,0.,1.));
#2501 = DIRECTION('',(1.110223024625E-16,-1.,0.));
#2502 = ORIENTED_EDGE('',*,*,#2391,.F.);
#2503 = ORIENTED_EDGE('',*,*,#2504,.F.);
#2504 = EDGE_CURVE('',#2474,#2392,#2505,.T.);
#2505 = CIRCLE('',#2506,0.3);
#2506 = AXIS2_PLACEMENT_3D('',#2507,#2508,#2509);
#2507 = CARTESIAN_POINT('',(54.769723139446,-43.94005588011,0.));
#2508 = DIRECTION('',(0.,0.,1.));
#2509 = DIRECTION('',(1.110223024625E-16,-1.,0.));
#2510 = CYLINDRICAL_SURFACE('',#2511,0.3);
#2511 = AXIS2_PLACEMENT_3D('',#2512,#2513,#2514);
#2512 = CARTESIAN_POINT('',(54.769723139446,-43.94005588011,0.));
#2513 = DIRECTION('',(-0.,-0.,-1.));
#2514 = DIRECTION('',(1.110223024625E-16,-1.,0.));
#2515 = ADVANCED_FACE('',(#2516),#2552,.F.);
#2516 = FACE_BOUND('',#2517,.T.);
#2517 = EDGE_LOOP('',(#2518,#2528,#2537,#2545));
#2518 = ORIENTED_EDGE('',*,*,#2519,.T.);
#2519 = EDGE_CURVE('',#2520,#2522,#2524,.T.);
#2520 = VERTEX_POINT('',#2521);
#2521 = CARTESIAN_POINT('',(55.044069088138,-45.37007874015,0.));
#2522 = VERTEX_POINT('',#2523);
#2523 = CARTESIAN_POINT('',(55.044069088138,-45.37007874015,    1.538354076708));
#2524 = LINE('',#2525,#2526);
#2525 = CARTESIAN_POINT('',(55.044069088138,-45.37007874015,0.));
#2526 = VECTOR('',#2527,1.);
#2527 = DIRECTION('',(0.,0.,1.));
#2528 = ORIENTED_EDGE('',*,*,#2529,.T.);
#2529 = EDGE_CURVE('',#2522,#2530,#2532,.T.);
#2530 = VERTEX_POINT('',#2531);
#2531 = CARTESIAN_POINT('',(54.394081788164,-45.37007874015,    1.538354076708));
#2532 = CIRCLE('',#2533,0.324993649987);
#2533 = AXIS2_PLACEMENT_3D('',#2534,#2535,#2536);
#2534 = CARTESIAN_POINT('',(54.719075438151,-45.37007874015,    1.538354076708));
#2535 = DIRECTION('',(0.,0.,1.));
#2536 = DIRECTION('',(1.,1.110223024625E-16,-0.));
#2537 = ORIENTED_EDGE('',*,*,#2538,.F.);
#2538 = EDGE_CURVE('',#2539,#2530,#2541,.T.);
#2539 = VERTEX_POINT('',#2540);
#2540 = CARTESIAN_POINT('',(54.394081788164,-45.37007874015,0.));
#2541 = LINE('',#2542,#2543);
#2542 = CARTESIAN_POINT('',(54.394081788164,-45.37007874015,0.));
#2543 = VECTOR('',#2544,1.);
#2544 = DIRECTION('',(0.,0.,1.));
#2545 = ORIENTED_EDGE('',*,*,#2546,.F.);
#2546 = EDGE_CURVE('',#2520,#2539,#2547,.T.);
#2547 = CIRCLE('',#2548,0.324993649987);
#2548 = AXIS2_PLACEMENT_3D('',#2549,#2550,#2551);
#2549 = CARTESIAN_POINT('',(54.719075438151,-45.37007874015,0.));
#2550 = DIRECTION('',(0.,0.,1.));
#2551 = DIRECTION('',(1.,1.110223024625E-16,-0.));
#2552 = CYLINDRICAL_SURFACE('',#2553,0.324993649987);
#2553 = AXIS2_PLACEMENT_3D('',#2554,#2555,#2556);
#2554 = CARTESIAN_POINT('',(54.719075438151,-45.37007874015,0.));
#2555 = DIRECTION('',(-0.,-0.,-1.));
#2556 = DIRECTION('',(1.,1.110223024625E-16,-0.));
#2557 = ADVANCED_FACE('',(#2558),#2576,.F.);
#2558 = FACE_BOUND('',#2559,.T.);
#2559 = EDGE_LOOP('',(#2560,#2561,#2568,#2569));
#2560 = ORIENTED_EDGE('',*,*,#2538,.T.);
#2561 = ORIENTED_EDGE('',*,*,#2562,.T.);
#2562 = EDGE_CURVE('',#2530,#2522,#2563,.T.);
#2563 = CIRCLE('',#2564,0.324993649987);
#2564 = AXIS2_PLACEMENT_3D('',#2565,#2566,#2567);
#2565 = CARTESIAN_POINT('',(54.719075438151,-45.37007874015,    1.538354076708));
#2566 = DIRECTION('',(0.,0.,1.));
#2567 = DIRECTION('',(-1.,-1.110223024625E-16,0.));
#2568 = ORIENTED_EDGE('',*,*,#2519,.F.);
#2569 = ORIENTED_EDGE('',*,*,#2570,.F.);
#2570 = EDGE_CURVE('',#2539,#2520,#2571,.T.);
#2571 = CIRCLE('',#2572,0.324993649987);
#2572 = AXIS2_PLACEMENT_3D('',#2573,#2574,#2575);
#2573 = CARTESIAN_POINT('',(54.719075438151,-45.37007874015,0.));
#2574 = DIRECTION('',(0.,0.,1.));
#2575 = DIRECTION('',(-1.,-1.110223024625E-16,0.));
#2576 = CYLINDRICAL_SURFACE('',#2577,0.324993649987);
#2577 = AXIS2_PLACEMENT_3D('',#2578,#2579,#2580);
#2578 = CARTESIAN_POINT('',(54.719075438151,-45.37007874015,0.));
#2579 = DIRECTION('',(-0.,-0.,-1.));
#2580 = DIRECTION('',(-1.,-1.110223024625E-16,0.));
#2581 = ADVANCED_FACE('',(#2582),#2618,.F.);
#2582 = FACE_BOUND('',#2583,.T.);
#2583 = EDGE_LOOP('',(#2584,#2594,#2603,#2611));
#2584 = ORIENTED_EDGE('',*,*,#2585,.T.);
#2585 = EDGE_CURVE('',#2586,#2588,#2590,.T.);
#2586 = VERTEX_POINT('',#2587);
#2587 = CARTESIAN_POINT('',(55.044069088138,-51.15011430022,0.));
#2588 = VERTEX_POINT('',#2589);
#2589 = CARTESIAN_POINT('',(55.044069088138,-51.15011430022,    1.538354076708));
#2590 = LINE('',#2591,#2592);
#2591 = CARTESIAN_POINT('',(55.044069088138,-51.15011430022,0.));
#2592 = VECTOR('',#2593,1.);
#2593 = DIRECTION('',(0.,0.,1.));
#2594 = ORIENTED_EDGE('',*,*,#2595,.T.);
#2595 = EDGE_CURVE('',#2588,#2596,#2598,.T.);
#2596 = VERTEX_POINT('',#2597);
#2597 = CARTESIAN_POINT('',(54.394081788164,-51.15011430022,    1.538354076708));
#2598 = CIRCLE('',#2599,0.324993649987);
#2599 = AXIS2_PLACEMENT_3D('',#2600,#2601,#2602);
#2600 = CARTESIAN_POINT('',(54.719075438151,-51.15011430022,    1.538354076708));
#2601 = DIRECTION('',(0.,0.,1.));
#2602 = DIRECTION('',(1.,1.110223024625E-16,-0.));
#2603 = ORIENTED_EDGE('',*,*,#2604,.F.);
#2604 = EDGE_CURVE('',#2605,#2596,#2607,.T.);
#2605 = VERTEX_POINT('',#2606);
#2606 = CARTESIAN_POINT('',(54.394081788164,-51.15011430022,0.));
#2607 = LINE('',#2608,#2609);
#2608 = CARTESIAN_POINT('',(54.394081788164,-51.15011430022,0.));
#2609 = VECTOR('',#2610,1.);
#2610 = DIRECTION('',(0.,0.,1.));
#2611 = ORIENTED_EDGE('',*,*,#2612,.F.);
#2612 = EDGE_CURVE('',#2586,#2605,#2613,.T.);
#2613 = CIRCLE('',#2614,0.324993649987);
#2614 = AXIS2_PLACEMENT_3D('',#2615,#2616,#2617);
#2615 = CARTESIAN_POINT('',(54.719075438151,-51.15011430022,0.));
#2616 = DIRECTION('',(0.,0.,1.));
#2617 = DIRECTION('',(1.,1.110223024625E-16,-0.));
#2618 = CYLINDRICAL_SURFACE('',#2619,0.324993649987);
#2619 = AXIS2_PLACEMENT_3D('',#2620,#2621,#2622);
#2620 = CARTESIAN_POINT('',(54.719075438151,-51.15011430022,0.));
#2621 = DIRECTION('',(-0.,-0.,-1.));
#2622 = DIRECTION('',(1.,1.110223024625E-16,-0.));
#2623 = ADVANCED_FACE('',(#2624),#2642,.F.);
#2624 = FACE_BOUND('',#2625,.T.);
#2625 = EDGE_LOOP('',(#2626,#2627,#2634,#2635));
#2626 = ORIENTED_EDGE('',*,*,#2604,.T.);
#2627 = ORIENTED_EDGE('',*,*,#2628,.T.);
#2628 = EDGE_CURVE('',#2596,#2588,#2629,.T.);
#2629 = CIRCLE('',#2630,0.324993649987);
#2630 = AXIS2_PLACEMENT_3D('',#2631,#2632,#2633);
#2631 = CARTESIAN_POINT('',(54.719075438151,-51.15011430022,    1.538354076708));
#2632 = DIRECTION('',(0.,0.,1.));
#2633 = DIRECTION('',(-1.,-1.110223024625E-16,0.));
#2634 = ORIENTED_EDGE('',*,*,#2585,.F.);
#2635 = ORIENTED_EDGE('',*,*,#2636,.F.);
#2636 = EDGE_CURVE('',#2605,#2586,#2637,.T.);
#2637 = CIRCLE('',#2638,0.324993649987);
#2638 = AXIS2_PLACEMENT_3D('',#2639,#2640,#2641);
#2639 = CARTESIAN_POINT('',(54.719075438151,-51.15011430022,0.));
#2640 = DIRECTION('',(0.,0.,1.));
#2641 = DIRECTION('',(-1.,-1.110223024625E-16,0.));
#2642 = CYLINDRICAL_SURFACE('',#2643,0.324993649987);
#2643 = AXIS2_PLACEMENT_3D('',#2644,#2645,#2646);
#2644 = CARTESIAN_POINT('',(54.719075438151,-51.15011430022,0.));
#2645 = DIRECTION('',(-0.,-0.,-1.));
#2646 = DIRECTION('',(-1.,-1.110223024625E-16,0.));
#2647 = ADVANCED_FACE('',(#2648),#2684,.F.);
#2648 = FACE_BOUND('',#2649,.T.);
#2649 = EDGE_LOOP('',(#2650,#2660,#2669,#2677));
#2650 = ORIENTED_EDGE('',*,*,#2651,.T.);
#2651 = EDGE_CURVE('',#2652,#2654,#2656,.T.);
#2652 = VERTEX_POINT('',#2653);
#2653 = CARTESIAN_POINT('',(59.000119380239,-3.00000508001,0.));
#2654 = VERTEX_POINT('',#2655);
#2655 = CARTESIAN_POINT('',(59.000119380239,-3.00000508001,    1.538354076708));
#2656 = LINE('',#2657,#2658);
#2657 = CARTESIAN_POINT('',(59.000119380239,-3.00000508001,0.));
#2658 = VECTOR('',#2659,1.);
#2659 = DIRECTION('',(0.,0.,1.));
#2660 = ORIENTED_EDGE('',*,*,#2661,.T.);
#2661 = EDGE_CURVE('',#2654,#2662,#2664,.T.);
#2662 = VERTEX_POINT('',#2663);
#2663 = CARTESIAN_POINT('',(55.000109220218,-3.00000508001,    1.538354076708));
#2664 = CIRCLE('',#2665,2.00000508001);
#2665 = AXIS2_PLACEMENT_3D('',#2666,#2667,#2668);
#2666 = CARTESIAN_POINT('',(57.000114300229,-3.00000508001,    1.538354076708));
#2667 = DIRECTION('',(0.,0.,1.));
#2668 = DIRECTION('',(1.,1.110223024625E-16,-0.));
#2669 = ORIENTED_EDGE('',*,*,#2670,.F.);
#2670 = EDGE_CURVE('',#2671,#2662,#2673,.T.);
#2671 = VERTEX_POINT('',#2672);
#2672 = CARTESIAN_POINT('',(55.000109220218,-3.00000508001,0.));
#2673 = LINE('',#2674,#2675);
#2674 = CARTESIAN_POINT('',(55.000109220218,-3.00000508001,0.));
#2675 = VECTOR('',#2676,1.);
#2676 = DIRECTION('',(0.,0.,1.));
#2677 = ORIENTED_EDGE('',*,*,#2678,.F.);
#2678 = EDGE_CURVE('',#2652,#2671,#2679,.T.);
#2679 = CIRCLE('',#2680,2.00000508001);
#2680 = AXIS2_PLACEMENT_3D('',#2681,#2682,#2683);
#2681 = CARTESIAN_POINT('',(57.000114300229,-3.00000508001,0.));
#2682 = DIRECTION('',(0.,0.,1.));
#2683 = DIRECTION('',(1.,1.110223024625E-16,-0.));
#2684 = CYLINDRICAL_SURFACE('',#2685,2.00000508001);
#2685 = AXIS2_PLACEMENT_3D('',#2686,#2687,#2688);
#2686 = CARTESIAN_POINT('',(57.000114300229,-3.00000508001,0.));
#2687 = DIRECTION('',(-0.,-0.,-1.));
#2688 = DIRECTION('',(1.,1.110223024625E-16,-0.));
#2689 = ADVANCED_FACE('',(#2690),#2708,.F.);
#2690 = FACE_BOUND('',#2691,.T.);
#2691 = EDGE_LOOP('',(#2692,#2693,#2700,#2701));
#2692 = ORIENTED_EDGE('',*,*,#2670,.T.);
#2693 = ORIENTED_EDGE('',*,*,#2694,.T.);
#2694 = EDGE_CURVE('',#2662,#2654,#2695,.T.);
#2695 = CIRCLE('',#2696,2.00000508001);
#2696 = AXIS2_PLACEMENT_3D('',#2697,#2698,#2699);
#2697 = CARTESIAN_POINT('',(57.000114300229,-3.00000508001,    1.538354076708));
#2698 = DIRECTION('',(0.,0.,1.));
#2699 = DIRECTION('',(-1.,-1.110223024625E-16,0.));
#2700 = ORIENTED_EDGE('',*,*,#2651,.F.);
#2701 = ORIENTED_EDGE('',*,*,#2702,.F.);
#2702 = EDGE_CURVE('',#2671,#2652,#2703,.T.);
#2703 = CIRCLE('',#2704,2.00000508001);
#2704 = AXIS2_PLACEMENT_3D('',#2705,#2706,#2707);
#2705 = CARTESIAN_POINT('',(57.000114300229,-3.00000508001,0.));
#2706 = DIRECTION('',(0.,0.,1.));
#2707 = DIRECTION('',(-1.,-1.110223024625E-16,0.));
#2708 = CYLINDRICAL_SURFACE('',#2709,2.00000508001);
#2709 = AXIS2_PLACEMENT_3D('',#2710,#2711,#2712);
#2710 = CARTESIAN_POINT('',(57.000114300229,-3.00000508001,0.));
#2711 = DIRECTION('',(-0.,-0.,-1.));
#2712 = DIRECTION('',(-1.,-1.110223024625E-16,0.));
#2713 = ADVANCED_FACE('',(#2714),#2750,.F.);
#2714 = FACE_BOUND('',#2715,.T.);
#2715 = EDGE_LOOP('',(#2716,#2726,#2735,#2743));
#2716 = ORIENTED_EDGE('',*,*,#2717,.T.);
#2717 = EDGE_CURVE('',#2718,#2720,#2722,.T.);
#2718 = VERTEX_POINT('',#2719);
#2719 = CARTESIAN_POINT('',(59.000119380239,-57.00011430022,0.));
#2720 = VERTEX_POINT('',#2721);
#2721 = CARTESIAN_POINT('',(59.000119380239,-57.00011430022,    1.538354076708));
#2722 = LINE('',#2723,#2724);
#2723 = CARTESIAN_POINT('',(59.000119380239,-57.00011430022,0.));
#2724 = VECTOR('',#2725,1.);
#2725 = DIRECTION('',(0.,0.,1.));
#2726 = ORIENTED_EDGE('',*,*,#2727,.T.);
#2727 = EDGE_CURVE('',#2720,#2728,#2730,.T.);
#2728 = VERTEX_POINT('',#2729);
#2729 = CARTESIAN_POINT('',(55.000109220218,-57.00011430022,    1.538354076708));
#2730 = CIRCLE('',#2731,2.00000508001);
#2731 = AXIS2_PLACEMENT_3D('',#2732,#2733,#2734);
#2732 = CARTESIAN_POINT('',(57.000114300229,-57.00011430022,    1.538354076708));
#2733 = DIRECTION('',(0.,0.,1.));
#2734 = DIRECTION('',(1.,1.110223024625E-16,-0.));
#2735 = ORIENTED_EDGE('',*,*,#2736,.F.);
#2736 = EDGE_CURVE('',#2737,#2728,#2739,.T.);
#2737 = VERTEX_POINT('',#2738);
#2738 = CARTESIAN_POINT('',(55.000109220218,-57.00011430022,0.));
#2739 = LINE('',#2740,#2741);
#2740 = CARTESIAN_POINT('',(55.000109220218,-57.00011430022,0.));
#2741 = VECTOR('',#2742,1.);
#2742 = DIRECTION('',(0.,0.,1.));
#2743 = ORIENTED_EDGE('',*,*,#2744,.F.);
#2744 = EDGE_CURVE('',#2718,#2737,#2745,.T.);
#2745 = CIRCLE('',#2746,2.00000508001);
#2746 = AXIS2_PLACEMENT_3D('',#2747,#2748,#2749);
#2747 = CARTESIAN_POINT('',(57.000114300229,-57.00011430022,0.));
#2748 = DIRECTION('',(0.,0.,1.));
#2749 = DIRECTION('',(1.,1.110223024625E-16,-0.));
#2750 = CYLINDRICAL_SURFACE('',#2751,2.00000508001);
#2751 = AXIS2_PLACEMENT_3D('',#2752,#2753,#2754);
#2752 = CARTESIAN_POINT('',(57.000114300229,-57.00011430022,0.));
#2753 = DIRECTION('',(-0.,-0.,-1.));
#2754 = DIRECTION('',(1.,1.110223024625E-16,-0.));
#2755 = ADVANCED_FACE('',(#2756),#2774,.F.);
#2756 = FACE_BOUND('',#2757,.T.);
#2757 = EDGE_LOOP('',(#2758,#2759,#2766,#2767));
#2758 = ORIENTED_EDGE('',*,*,#2736,.T.);
#2759 = ORIENTED_EDGE('',*,*,#2760,.T.);
#2760 = EDGE_CURVE('',#2728,#2720,#2761,.T.);
#2761 = CIRCLE('',#2762,2.00000508001);
#2762 = AXIS2_PLACEMENT_3D('',#2763,#2764,#2765);
#2763 = CARTESIAN_POINT('',(57.000114300229,-57.00011430022,    1.538354076708));
#2764 = DIRECTION('',(0.,0.,1.));
#2765 = DIRECTION('',(-1.,-1.110223024625E-16,0.));
#2766 = ORIENTED_EDGE('',*,*,#2717,.F.);
#2767 = ORIENTED_EDGE('',*,*,#2768,.F.);
#2768 = EDGE_CURVE('',#2737,#2718,#2769,.T.);
#2769 = CIRCLE('',#2770,2.00000508001);
#2770 = AXIS2_PLACEMENT_3D('',#2771,#2772,#2773);
#2771 = CARTESIAN_POINT('',(57.000114300229,-57.00011430022,0.));
#2772 = DIRECTION('',(0.,0.,1.));
#2773 = DIRECTION('',(-1.,-1.110223024625E-16,0.));
#2774 = CYLINDRICAL_SURFACE('',#2775,2.00000508001);
#2775 = AXIS2_PLACEMENT_3D('',#2776,#2777,#2778);
#2776 = CARTESIAN_POINT('',(57.000114300229,-57.00011430022,0.));
#2777 = DIRECTION('',(-0.,-0.,-1.));
#2778 = DIRECTION('',(-1.,-1.110223024625E-16,0.));
#2779 = ADVANCED_FACE('',(#2780),#2816,.F.);
#2780 = FACE_BOUND('',#2781,.T.);
#2781 = EDGE_LOOP('',(#2782,#2792,#2801,#2809));
#2782 = ORIENTED_EDGE('',*,*,#2783,.T.);
#2783 = EDGE_CURVE('',#2784,#2786,#2788,.T.);
#2784 = VERTEX_POINT('',#2785);
#2785 = CARTESIAN_POINT('',(58.509144018288,-18.3271526543,0.));
#2786 = VERTEX_POINT('',#2787);
#2787 = CARTESIAN_POINT('',(58.509144018288,-18.3271526543,    1.538354076708));
#2788 = LINE('',#2789,#2790);
#2789 = CARTESIAN_POINT('',(58.509144018288,-18.3271526543,0.));
#2790 = VECTOR('',#2791,1.);
#2791 = DIRECTION('',(0.,0.,1.));
#2792 = ORIENTED_EDGE('',*,*,#2793,.T.);
#2793 = EDGE_CURVE('',#2786,#2794,#2796,.T.);
#2794 = VERTEX_POINT('',#2795);
#2795 = CARTESIAN_POINT('',(57.409118618237,-18.3271526543,    1.538354076708));
#2796 = CIRCLE('',#2797,0.550012700025);
#2797 = AXIS2_PLACEMENT_3D('',#2798,#2799,#2800);
#2798 = CARTESIAN_POINT('',(57.959131318263,-18.3271526543,    1.538354076708));
#2799 = DIRECTION('',(0.,0.,1.));
#2800 = DIRECTION('',(1.,1.110223024625E-16,-0.));
#2801 = ORIENTED_EDGE('',*,*,#2802,.F.);
#2802 = EDGE_CURVE('',#2803,#2794,#2805,.T.);
#2803 = VERTEX_POINT('',#2804);
#2804 = CARTESIAN_POINT('',(57.409118618237,-18.3271526543,0.));
#2805 = LINE('',#2806,#2807);
#2806 = CARTESIAN_POINT('',(57.409118618237,-18.3271526543,0.));
#2807 = VECTOR('',#2808,1.);
#2808 = DIRECTION('',(0.,0.,1.));
#2809 = ORIENTED_EDGE('',*,*,#2810,.F.);
#2810 = EDGE_CURVE('',#2784,#2803,#2811,.T.);
#2811 = CIRCLE('',#2812,0.550012700025);
#2812 = AXIS2_PLACEMENT_3D('',#2813,#2814,#2815);
#2813 = CARTESIAN_POINT('',(57.959131318263,-18.3271526543,0.));
#2814 = DIRECTION('',(0.,0.,1.));
#2815 = DIRECTION('',(1.,1.110223024625E-16,-0.));
#2816 = CYLINDRICAL_SURFACE('',#2817,0.550012700025);
#2817 = AXIS2_PLACEMENT_3D('',#2818,#2819,#2820);
#2818 = CARTESIAN_POINT('',(57.959131318263,-18.3271526543,0.));
#2819 = DIRECTION('',(-0.,-0.,-1.));
#2820 = DIRECTION('',(1.,1.110223024625E-16,-0.));
#2821 = ADVANCED_FACE('',(#2822),#2840,.F.);
#2822 = FACE_BOUND('',#2823,.T.);
#2823 = EDGE_LOOP('',(#2824,#2825,#2832,#2833));
#2824 = ORIENTED_EDGE('',*,*,#2802,.T.);
#2825 = ORIENTED_EDGE('',*,*,#2826,.T.);
#2826 = EDGE_CURVE('',#2794,#2786,#2827,.T.);
#2827 = CIRCLE('',#2828,0.550012700025);
#2828 = AXIS2_PLACEMENT_3D('',#2829,#2830,#2831);
#2829 = CARTESIAN_POINT('',(57.959131318263,-18.3271526543,    1.538354076708));
#2830 = DIRECTION('',(0.,0.,1.));
#2831 = DIRECTION('',(-1.,-1.110223024625E-16,0.));
#2832 = ORIENTED_EDGE('',*,*,#2783,.F.);
#2833 = ORIENTED_EDGE('',*,*,#2834,.F.);
#2834 = EDGE_CURVE('',#2803,#2784,#2835,.T.);
#2835 = CIRCLE('',#2836,0.550012700025);
#2836 = AXIS2_PLACEMENT_3D('',#2837,#2838,#2839);
#2837 = CARTESIAN_POINT('',(57.959131318263,-18.3271526543,0.));
#2838 = DIRECTION('',(0.,0.,1.));
#2839 = DIRECTION('',(-1.,-1.110223024625E-16,0.));
#2840 = CYLINDRICAL_SURFACE('',#2841,0.550012700025);
#2841 = AXIS2_PLACEMENT_3D('',#2842,#2843,#2844);
#2842 = CARTESIAN_POINT('',(57.959131318263,-18.3271526543,0.));
#2843 = DIRECTION('',(-0.,-0.,-1.));
#2844 = DIRECTION('',(-1.,-1.110223024625E-16,0.));
#2845 = ADVANCED_FACE('',(#2846),#2882,.F.);
#2846 = FACE_BOUND('',#2847,.T.);
#2847 = EDGE_LOOP('',(#2848,#2858,#2867,#2875));
#2848 = ORIENTED_EDGE('',*,*,#2849,.T.);
#2849 = EDGE_CURVE('',#2850,#2852,#2854,.T.);
#2850 = VERTEX_POINT('',#2851);
#2851 = CARTESIAN_POINT('',(58.509144018288,-7.327152654305,0.));
#2852 = VERTEX_POINT('',#2853);
#2853 = CARTESIAN_POINT('',(58.509144018288,-7.327152654305,    1.538354076708));
#2854 = LINE('',#2855,#2856);
#2855 = CARTESIAN_POINT('',(58.509144018288,-7.327152654305,0.));
#2856 = VECTOR('',#2857,1.);
#2857 = DIRECTION('',(0.,0.,1.));
#2858 = ORIENTED_EDGE('',*,*,#2859,.T.);
#2859 = EDGE_CURVE('',#2852,#2860,#2862,.T.);
#2860 = VERTEX_POINT('',#2861);
#2861 = CARTESIAN_POINT('',(57.409118618237,-7.327152654305,    1.538354076708));
#2862 = CIRCLE('',#2863,0.550012700025);
#2863 = AXIS2_PLACEMENT_3D('',#2864,#2865,#2866);
#2864 = CARTESIAN_POINT('',(57.959131318263,-7.327152654305,    1.538354076708));
#2865 = DIRECTION('',(0.,0.,1.));
#2866 = DIRECTION('',(1.,1.110223024625E-16,-0.));
#2867 = ORIENTED_EDGE('',*,*,#2868,.F.);
#2868 = EDGE_CURVE('',#2869,#2860,#2871,.T.);
#2869 = VERTEX_POINT('',#2870);
#2870 = CARTESIAN_POINT('',(57.409118618237,-7.327152654305,0.));
#2871 = LINE('',#2872,#2873);
#2872 = CARTESIAN_POINT('',(57.409118618237,-7.327152654305,0.));
#2873 = VECTOR('',#2874,1.);
#2874 = DIRECTION('',(0.,0.,1.));
#2875 = ORIENTED_EDGE('',*,*,#2876,.F.);
#2876 = EDGE_CURVE('',#2850,#2869,#2877,.T.);
#2877 = CIRCLE('',#2878,0.550012700025);
#2878 = AXIS2_PLACEMENT_3D('',#2879,#2880,#2881);
#2879 = CARTESIAN_POINT('',(57.959131318263,-7.327152654305,0.));
#2880 = DIRECTION('',(0.,0.,1.));
#2881 = DIRECTION('',(1.,1.110223024625E-16,-0.));
#2882 = CYLINDRICAL_SURFACE('',#2883,0.550012700025);
#2883 = AXIS2_PLACEMENT_3D('',#2884,#2885,#2886);
#2884 = CARTESIAN_POINT('',(57.959131318263,-7.327152654305,0.));
#2885 = DIRECTION('',(-0.,-0.,-1.));
#2886 = DIRECTION('',(1.,1.110223024625E-16,-0.));
#2887 = ADVANCED_FACE('',(#2888),#2906,.F.);
#2888 = FACE_BOUND('',#2889,.T.);
#2889 = EDGE_LOOP('',(#2890,#2891,#2898,#2899));
#2890 = ORIENTED_EDGE('',*,*,#2868,.T.);
#2891 = ORIENTED_EDGE('',*,*,#2892,.T.);
#2892 = EDGE_CURVE('',#2860,#2852,#2893,.T.);
#2893 = CIRCLE('',#2894,0.550012700025);
#2894 = AXIS2_PLACEMENT_3D('',#2895,#2896,#2897);
#2895 = CARTESIAN_POINT('',(57.959131318263,-7.327152654305,    1.538354076708));
#2896 = DIRECTION('',(0.,0.,1.));
#2897 = DIRECTION('',(-1.,-1.110223024625E-16,0.));
#2898 = ORIENTED_EDGE('',*,*,#2849,.F.);
#2899 = ORIENTED_EDGE('',*,*,#2900,.F.);
#2900 = EDGE_CURVE('',#2869,#2850,#2901,.T.);
#2901 = CIRCLE('',#2902,0.550012700025);
#2902 = AXIS2_PLACEMENT_3D('',#2903,#2904,#2905);
#2903 = CARTESIAN_POINT('',(57.959131318263,-7.327152654305,0.));
#2904 = DIRECTION('',(0.,0.,1.));
#2905 = DIRECTION('',(-1.,-1.110223024625E-16,0.));
#2906 = CYLINDRICAL_SURFACE('',#2907,0.550012700025);
#2907 = AXIS2_PLACEMENT_3D('',#2908,#2909,#2910);
#2908 = CARTESIAN_POINT('',(57.959131318263,-7.327152654305,0.));
#2909 = DIRECTION('',(-0.,-0.,-1.));
#2910 = DIRECTION('',(-1.,-1.110223024625E-16,0.));
#2911 = ADVANCED_FACE('',(#2912),#2946,.T.);
#2912 = FACE_BOUND('',#2913,.T.);
#2913 = EDGE_LOOP('',(#2914,#2924,#2932,#2940));
#2914 = ORIENTED_EDGE('',*,*,#2915,.T.);
#2915 = EDGE_CURVE('',#2916,#2918,#2920,.T.);
#2916 = VERTEX_POINT('',#2917);
#2917 = CARTESIAN_POINT('',(58.769570739141,-52.28013716027,0.));
#2918 = VERTEX_POINT('',#2919);
#2919 = CARTESIAN_POINT('',(58.769570739141,-52.28013716027,    1.538354076708));
#2920 = LINE('',#2921,#2922);
#2921 = CARTESIAN_POINT('',(58.769570739141,-52.28013716027,0.));
#2922 = VECTOR('',#2923,1.);
#2923 = DIRECTION('',(0.,0.,1.));
#2924 = ORIENTED_EDGE('',*,*,#2925,.T.);
#2925 = EDGE_CURVE('',#2918,#2926,#2928,.T.);
#2926 = VERTEX_POINT('',#2927);
#2927 = CARTESIAN_POINT('',(57.969570739141,-52.28013716027,    1.538354076708));
#2928 = LINE('',#2929,#2930);
#2929 = CARTESIAN_POINT('',(58.769570739141,-52.28013716027,    1.538354076708));
#2930 = VECTOR('',#2931,1.);
#2931 = DIRECTION('',(-1.,0.,0.));
#2932 = ORIENTED_EDGE('',*,*,#2933,.F.);
#2933 = EDGE_CURVE('',#2934,#2926,#2936,.T.);
#2934 = VERTEX_POINT('',#2935);
#2935 = CARTESIAN_POINT('',(57.969570739141,-52.28013716027,0.));
#2936 = LINE('',#2937,#2938);
#2937 = CARTESIAN_POINT('',(57.969570739141,-52.28013716027,0.));
#2938 = VECTOR('',#2939,1.);
#2939 = DIRECTION('',(0.,0.,1.));
#2940 = ORIENTED_EDGE('',*,*,#2941,.F.);
#2941 = EDGE_CURVE('',#2916,#2934,#2942,.T.);
#2942 = LINE('',#2943,#2944);
#2943 = CARTESIAN_POINT('',(58.769570739141,-52.28013716027,0.));
#2944 = VECTOR('',#2945,1.);
#2945 = DIRECTION('',(-1.,0.,0.));
#2946 = PLANE('',#2947);
#2947 = AXIS2_PLACEMENT_3D('',#2948,#2949,#2950);
#2948 = CARTESIAN_POINT('',(58.769570739141,-52.28013716027,0.));
#2949 = DIRECTION('',(0.,-1.,0.));
#2950 = DIRECTION('',(-1.,0.,0.));
#2951 = ADVANCED_FACE('',(#2952),#2979,.F.);
#2952 = FACE_BOUND('',#2953,.T.);
#2953 = EDGE_LOOP('',(#2954,#2955,#2964,#2972));
#2954 = ORIENTED_EDGE('',*,*,#2933,.T.);
#2955 = ORIENTED_EDGE('',*,*,#2956,.T.);
#2956 = EDGE_CURVE('',#2926,#2957,#2959,.T.);
#2957 = VERTEX_POINT('',#2958);
#2958 = CARTESIAN_POINT('',(57.969570739141,-52.88013716027,    1.538354076708));
#2959 = CIRCLE('',#2960,0.3);
#2960 = AXIS2_PLACEMENT_3D('',#2961,#2962,#2963);
#2961 = CARTESIAN_POINT('',(57.969570739141,-52.58013716027,    1.538354076708));
#2962 = DIRECTION('',(0.,0.,1.));
#2963 = DIRECTION('',(-1.110223024625E-16,1.,0.));
#2964 = ORIENTED_EDGE('',*,*,#2965,.F.);
#2965 = EDGE_CURVE('',#2966,#2957,#2968,.T.);
#2966 = VERTEX_POINT('',#2967);
#2967 = CARTESIAN_POINT('',(57.969570739141,-52.88013716027,0.));
#2968 = LINE('',#2969,#2970);
#2969 = CARTESIAN_POINT('',(57.969570739141,-52.88013716027,0.));
#2970 = VECTOR('',#2971,1.);
#2971 = DIRECTION('',(0.,0.,1.));
#2972 = ORIENTED_EDGE('',*,*,#2973,.F.);
#2973 = EDGE_CURVE('',#2934,#2966,#2974,.T.);
#2974 = CIRCLE('',#2975,0.3);
#2975 = AXIS2_PLACEMENT_3D('',#2976,#2977,#2978);
#2976 = CARTESIAN_POINT('',(57.969570739141,-52.58013716027,0.));
#2977 = DIRECTION('',(0.,0.,1.));
#2978 = DIRECTION('',(-1.110223024625E-16,1.,0.));
#2979 = CYLINDRICAL_SURFACE('',#2980,0.3);
#2980 = AXIS2_PLACEMENT_3D('',#2981,#2982,#2983);
#2981 = CARTESIAN_POINT('',(57.969570739141,-52.58013716027,0.));
#2982 = DIRECTION('',(-0.,-0.,-1.));
#2983 = DIRECTION('',(-1.110223024625E-16,1.,0.));
#2984 = ADVANCED_FACE('',(#2985),#3010,.T.);
#2985 = FACE_BOUND('',#2986,.T.);
#2986 = EDGE_LOOP('',(#2987,#2988,#2996,#3004));
#2987 = ORIENTED_EDGE('',*,*,#2965,.T.);
#2988 = ORIENTED_EDGE('',*,*,#2989,.T.);
#2989 = EDGE_CURVE('',#2957,#2990,#2992,.T.);
#2990 = VERTEX_POINT('',#2991);
#2991 = CARTESIAN_POINT('',(58.769570739141,-52.88013716027,    1.538354076708));
#2992 = LINE('',#2993,#2994);
#2993 = CARTESIAN_POINT('',(57.969570739141,-52.88013716027,    1.538354076708));
#2994 = VECTOR('',#2995,1.);
#2995 = DIRECTION('',(1.,0.,0.));
#2996 = ORIENTED_EDGE('',*,*,#2997,.F.);
#2997 = EDGE_CURVE('',#2998,#2990,#3000,.T.);
#2998 = VERTEX_POINT('',#2999);
#2999 = CARTESIAN_POINT('',(58.769570739141,-52.88013716027,0.));
#3000 = LINE('',#3001,#3002);
#3001 = CARTESIAN_POINT('',(58.769570739141,-52.88013716027,0.));
#3002 = VECTOR('',#3003,1.);
#3003 = DIRECTION('',(0.,0.,1.));
#3004 = ORIENTED_EDGE('',*,*,#3005,.F.);
#3005 = EDGE_CURVE('',#2966,#2998,#3006,.T.);
#3006 = LINE('',#3007,#3008);
#3007 = CARTESIAN_POINT('',(57.969570739141,-52.88013716027,0.));
#3008 = VECTOR('',#3009,1.);
#3009 = DIRECTION('',(1.,0.,0.));
#3010 = PLANE('',#3011);
#3011 = AXIS2_PLACEMENT_3D('',#3012,#3013,#3014);
#3012 = CARTESIAN_POINT('',(57.969570739141,-52.88013716027,0.));
#3013 = DIRECTION('',(0.,1.,0.));
#3014 = DIRECTION('',(1.,0.,0.));
#3015 = ADVANCED_FACE('',(#3016),#3034,.F.);
#3016 = FACE_BOUND('',#3017,.T.);
#3017 = EDGE_LOOP('',(#3018,#3019,#3026,#3027));
#3018 = ORIENTED_EDGE('',*,*,#2997,.T.);
#3019 = ORIENTED_EDGE('',*,*,#3020,.T.);
#3020 = EDGE_CURVE('',#2990,#2918,#3021,.T.);
#3021 = CIRCLE('',#3022,0.3);
#3022 = AXIS2_PLACEMENT_3D('',#3023,#3024,#3025);
#3023 = CARTESIAN_POINT('',(58.769570739141,-52.58013716027,    1.538354076708));
#3024 = DIRECTION('',(0.,0.,1.));
#3025 = DIRECTION('',(1.110223024625E-16,-1.,0.));
#3026 = ORIENTED_EDGE('',*,*,#2915,.F.);
#3027 = ORIENTED_EDGE('',*,*,#3028,.F.);
#3028 = EDGE_CURVE('',#2998,#2916,#3029,.T.);
#3029 = CIRCLE('',#3030,0.3);
#3030 = AXIS2_PLACEMENT_3D('',#3031,#3032,#3033);
#3031 = CARTESIAN_POINT('',(58.769570739141,-52.58013716027,0.));
#3032 = DIRECTION('',(0.,0.,1.));
#3033 = DIRECTION('',(1.110223024625E-16,-1.,0.));
#3034 = CYLINDRICAL_SURFACE('',#3035,0.3);
#3035 = AXIS2_PLACEMENT_3D('',#3036,#3037,#3038);
#3036 = CARTESIAN_POINT('',(58.769570739141,-52.58013716027,0.));
#3037 = DIRECTION('',(-0.,-0.,-1.));
#3038 = DIRECTION('',(1.110223024625E-16,-1.,0.));
#3039 = ADVANCED_FACE('',(#3040),#3074,.T.);
#3040 = FACE_BOUND('',#3041,.T.);
#3041 = EDGE_LOOP('',(#3042,#3052,#3060,#3068));
#3042 = ORIENTED_EDGE('',*,*,#3043,.T.);
#3043 = EDGE_CURVE('',#3044,#3046,#3048,.T.);
#3044 = VERTEX_POINT('',#3045);
#3045 = CARTESIAN_POINT('',(58.769570739141,-43.64005588011,0.));
#3046 = VERTEX_POINT('',#3047);
#3047 = CARTESIAN_POINT('',(58.769570739141,-43.64005588011,    1.538354076708));
#3048 = LINE('',#3049,#3050);
#3049 = CARTESIAN_POINT('',(58.769570739141,-43.64005588011,0.));
#3050 = VECTOR('',#3051,1.);
#3051 = DIRECTION('',(0.,0.,1.));
#3052 = ORIENTED_EDGE('',*,*,#3053,.T.);
#3053 = EDGE_CURVE('',#3046,#3054,#3056,.T.);
#3054 = VERTEX_POINT('',#3055);
#3055 = CARTESIAN_POINT('',(57.969570739141,-43.64005588011,    1.538354076708));
#3056 = LINE('',#3057,#3058);
#3057 = CARTESIAN_POINT('',(58.769570739141,-43.64005588011,    1.538354076708));
#3058 = VECTOR('',#3059,1.);
#3059 = DIRECTION('',(-1.,0.,0.));
#3060 = ORIENTED_EDGE('',*,*,#3061,.F.);
#3061 = EDGE_CURVE('',#3062,#3054,#3064,.T.);
#3062 = VERTEX_POINT('',#3063);
#3063 = CARTESIAN_POINT('',(57.969570739141,-43.64005588011,0.));
#3064 = LINE('',#3065,#3066);
#3065 = CARTESIAN_POINT('',(57.969570739141,-43.64005588011,0.));
#3066 = VECTOR('',#3067,1.);
#3067 = DIRECTION('',(0.,0.,1.));
#3068 = ORIENTED_EDGE('',*,*,#3069,.F.);
#3069 = EDGE_CURVE('',#3044,#3062,#3070,.T.);
#3070 = LINE('',#3071,#3072);
#3071 = CARTESIAN_POINT('',(58.769570739141,-43.64005588011,0.));
#3072 = VECTOR('',#3073,1.);
#3073 = DIRECTION('',(-1.,0.,0.));
#3074 = PLANE('',#3075);
#3075 = AXIS2_PLACEMENT_3D('',#3076,#3077,#3078);
#3076 = CARTESIAN_POINT('',(58.769570739141,-43.64005588011,0.));
#3077 = DIRECTION('',(0.,-1.,0.));
#3078 = DIRECTION('',(-1.,0.,0.));
#3079 = ADVANCED_FACE('',(#3080),#3107,.F.);
#3080 = FACE_BOUND('',#3081,.T.);
#3081 = EDGE_LOOP('',(#3082,#3083,#3092,#3100));
#3082 = ORIENTED_EDGE('',*,*,#3061,.T.);
#3083 = ORIENTED_EDGE('',*,*,#3084,.T.);
#3084 = EDGE_CURVE('',#3054,#3085,#3087,.T.);
#3085 = VERTEX_POINT('',#3086);
#3086 = CARTESIAN_POINT('',(57.969570739141,-44.24005588011,    1.538354076708));
#3087 = CIRCLE('',#3088,0.3);
#3088 = AXIS2_PLACEMENT_3D('',#3089,#3090,#3091);
#3089 = CARTESIAN_POINT('',(57.969570739141,-43.94005588011,    1.538354076708));
#3090 = DIRECTION('',(0.,0.,1.));
#3091 = DIRECTION('',(-1.110223024625E-16,1.,0.));
#3092 = ORIENTED_EDGE('',*,*,#3093,.F.);
#3093 = EDGE_CURVE('',#3094,#3085,#3096,.T.);
#3094 = VERTEX_POINT('',#3095);
#3095 = CARTESIAN_POINT('',(57.969570739141,-44.24005588011,0.));
#3096 = LINE('',#3097,#3098);
#3097 = CARTESIAN_POINT('',(57.969570739141,-44.24005588011,0.));
#3098 = VECTOR('',#3099,1.);
#3099 = DIRECTION('',(0.,0.,1.));
#3100 = ORIENTED_EDGE('',*,*,#3101,.F.);
#3101 = EDGE_CURVE('',#3062,#3094,#3102,.T.);
#3102 = CIRCLE('',#3103,0.3);
#3103 = AXIS2_PLACEMENT_3D('',#3104,#3105,#3106);
#3104 = CARTESIAN_POINT('',(57.969570739141,-43.94005588011,0.));
#3105 = DIRECTION('',(0.,0.,1.));
#3106 = DIRECTION('',(-1.110223024625E-16,1.,0.));
#3107 = CYLINDRICAL_SURFACE('',#3108,0.3);
#3108 = AXIS2_PLACEMENT_3D('',#3109,#3110,#3111);
#3109 = CARTESIAN_POINT('',(57.969570739141,-43.94005588011,0.));
#3110 = DIRECTION('',(-0.,-0.,-1.));
#3111 = DIRECTION('',(-1.110223024625E-16,1.,0.));
#3112 = ADVANCED_FACE('',(#3113),#3138,.T.);
#3113 = FACE_BOUND('',#3114,.T.);
#3114 = EDGE_LOOP('',(#3115,#3116,#3124,#3132));
#3115 = ORIENTED_EDGE('',*,*,#3093,.T.);
#3116 = ORIENTED_EDGE('',*,*,#3117,.T.);
#3117 = EDGE_CURVE('',#3085,#3118,#3120,.T.);
#3118 = VERTEX_POINT('',#3119);
#3119 = CARTESIAN_POINT('',(58.769570739141,-44.24005588011,    1.538354076708));
#3120 = LINE('',#3121,#3122);
#3121 = CARTESIAN_POINT('',(57.969570739141,-44.24005588011,    1.538354076708));
#3122 = VECTOR('',#3123,1.);
#3123 = DIRECTION('',(1.,0.,0.));
#3124 = ORIENTED_EDGE('',*,*,#3125,.F.);
#3125 = EDGE_CURVE('',#3126,#3118,#3128,.T.);
#3126 = VERTEX_POINT('',#3127);
#3127 = CARTESIAN_POINT('',(58.769570739141,-44.24005588011,0.));
#3128 = LINE('',#3129,#3130);
#3129 = CARTESIAN_POINT('',(58.769570739141,-44.24005588011,0.));
#3130 = VECTOR('',#3131,1.);
#3131 = DIRECTION('',(0.,0.,1.));
#3132 = ORIENTED_EDGE('',*,*,#3133,.F.);
#3133 = EDGE_CURVE('',#3094,#3126,#3134,.T.);
#3134 = LINE('',#3135,#3136);
#3135 = CARTESIAN_POINT('',(57.969570739141,-44.24005588011,0.));
#3136 = VECTOR('',#3137,1.);
#3137 = DIRECTION('',(1.,0.,0.));
#3138 = PLANE('',#3139);
#3139 = AXIS2_PLACEMENT_3D('',#3140,#3141,#3142);
#3140 = CARTESIAN_POINT('',(57.969570739141,-44.24005588011,0.));
#3141 = DIRECTION('',(0.,1.,0.));
#3142 = DIRECTION('',(1.,0.,0.));
#3143 = ADVANCED_FACE('',(#3144),#3162,.F.);
#3144 = FACE_BOUND('',#3145,.T.);
#3145 = EDGE_LOOP('',(#3146,#3147,#3154,#3155));
#3146 = ORIENTED_EDGE('',*,*,#3125,.T.);
#3147 = ORIENTED_EDGE('',*,*,#3148,.T.);
#3148 = EDGE_CURVE('',#3118,#3046,#3149,.T.);
#3149 = CIRCLE('',#3150,0.3);
#3150 = AXIS2_PLACEMENT_3D('',#3151,#3152,#3153);
#3151 = CARTESIAN_POINT('',(58.769570739141,-43.94005588011,    1.538354076708));
#3152 = DIRECTION('',(0.,0.,1.));
#3153 = DIRECTION('',(1.110223024625E-16,-1.,0.));
#3154 = ORIENTED_EDGE('',*,*,#3043,.F.);
#3155 = ORIENTED_EDGE('',*,*,#3156,.F.);
#3156 = EDGE_CURVE('',#3126,#3044,#3157,.T.);
#3157 = CIRCLE('',#3158,0.3);
#3158 = AXIS2_PLACEMENT_3D('',#3159,#3160,#3161);
#3159 = CARTESIAN_POINT('',(58.769570739141,-43.94005588011,0.));
#3160 = DIRECTION('',(0.,0.,1.));
#3161 = DIRECTION('',(1.110223024625E-16,-1.,0.));
#3162 = CYLINDRICAL_SURFACE('',#3163,0.3);
#3163 = AXIS2_PLACEMENT_3D('',#3164,#3165,#3166);
#3164 = CARTESIAN_POINT('',(58.769570739141,-43.94005588011,0.));
#3165 = DIRECTION('',(-0.,-0.,-1.));
#3166 = DIRECTION('',(1.110223024625E-16,-1.,0.));
#3167 = ADVANCED_FACE('',(#3168,#3174,#3178,#3182,#3186,#3190,#3194,    #3198,#3202,#3206,#3210,#3214,#3220,#3224,#3228,#3232,#3238,#3244,    #3248,#3252,#3256,#3262,#3268,#3274,#3278,#3282,#3288,#3294,#3300,    #3304,#3308,#3312,#3316,#3320,#3324,#3330),#3336,.T.);
#3168 = FACE_BOUND('',#3169,.T.);
#3169 = EDGE_LOOP('',(#3170,#3171,#3172,#3173));
#3170 = ORIENTED_EDGE('',*,*,#81,.T.);
#3171 = ORIENTED_EDGE('',*,*,#112,.T.);
#3172 = ORIENTED_EDGE('',*,*,#143,.T.);
#3173 = ORIENTED_EDGE('',*,*,#165,.T.);
#3174 = FACE_BOUND('',#3175,.T.);
#3175 = EDGE_LOOP('',(#3176,#3177));
#3176 = ORIENTED_EDGE('',*,*,#206,.T.);
#3177 = ORIENTED_EDGE('',*,*,#230,.T.);
#3178 = FACE_BOUND('',#3179,.T.);
#3179 = EDGE_LOOP('',(#3180,#3181));
#3180 = ORIENTED_EDGE('',*,*,#272,.T.);
#3181 = ORIENTED_EDGE('',*,*,#296,.T.);
#3182 = FACE_BOUND('',#3183,.T.);
#3183 = EDGE_LOOP('',(#3184,#3185));
#3184 = ORIENTED_EDGE('',*,*,#338,.T.);
#3185 = ORIENTED_EDGE('',*,*,#362,.T.);
#3186 = FACE_BOUND('',#3187,.T.);
#3187 = EDGE_LOOP('',(#3188,#3189));
#3188 = ORIENTED_EDGE('',*,*,#404,.T.);
#3189 = ORIENTED_EDGE('',*,*,#428,.T.);
#3190 = FACE_BOUND('',#3191,.T.);
#3191 = EDGE_LOOP('',(#3192,#3193));
#3192 = ORIENTED_EDGE('',*,*,#470,.T.);
#3193 = ORIENTED_EDGE('',*,*,#494,.T.);
#3194 = FACE_BOUND('',#3195,.T.);
#3195 = EDGE_LOOP('',(#3196,#3197));
#3196 = ORIENTED_EDGE('',*,*,#536,.T.);
#3197 = ORIENTED_EDGE('',*,*,#560,.T.);
#3198 = FACE_BOUND('',#3199,.T.);
#3199 = EDGE_LOOP('',(#3200,#3201));
#3200 = ORIENTED_EDGE('',*,*,#602,.T.);
#3201 = ORIENTED_EDGE('',*,*,#626,.T.);
#3202 = FACE_BOUND('',#3203,.T.);
#3203 = EDGE_LOOP('',(#3204,#3205));
#3204 = ORIENTED_EDGE('',*,*,#668,.T.);
#3205 = ORIENTED_EDGE('',*,*,#692,.T.);
#3206 = FACE_BOUND('',#3207,.T.);
#3207 = EDGE_LOOP('',(#3208,#3209));
#3208 = ORIENTED_EDGE('',*,*,#734,.T.);
#3209 = ORIENTED_EDGE('',*,*,#758,.T.);
#3210 = FACE_BOUND('',#3211,.T.);
#3211 = EDGE_LOOP('',(#3212,#3213));
#3212 = ORIENTED_EDGE('',*,*,#800,.T.);
#3213 = ORIENTED_EDGE('',*,*,#824,.T.);
#3214 = FACE_BOUND('',#3215,.T.);
#3215 = EDGE_LOOP('',(#3216,#3217,#3218,#3219));
#3216 = ORIENTED_EDGE('',*,*,#865,.T.);
#3217 = ORIENTED_EDGE('',*,*,#897,.T.);
#3218 = ORIENTED_EDGE('',*,*,#929,.T.);
#3219 = ORIENTED_EDGE('',*,*,#952,.T.);
#3220 = FACE_BOUND('',#3221,.T.);
#3221 = EDGE_LOOP('',(#3222,#3223));
#3222 = ORIENTED_EDGE('',*,*,#994,.T.);
#3223 = ORIENTED_EDGE('',*,*,#1018,.T.);
#3224 = FACE_BOUND('',#3225,.T.);
#3225 = EDGE_LOOP('',(#3226,#3227));
#3226 = ORIENTED_EDGE('',*,*,#1060,.T.);
#3227 = ORIENTED_EDGE('',*,*,#1084,.T.);
#3228 = FACE_BOUND('',#3229,.T.);
#3229 = EDGE_LOOP('',(#3230,#3231));
#3230 = ORIENTED_EDGE('',*,*,#1126,.T.);
#3231 = ORIENTED_EDGE('',*,*,#1150,.T.);
#3232 = FACE_BOUND('',#3233,.T.);
#3233 = EDGE_LOOP('',(#3234,#3235,#3236,#3237));
#3234 = ORIENTED_EDGE('',*,*,#1191,.T.);
#3235 = ORIENTED_EDGE('',*,*,#1223,.T.);
#3236 = ORIENTED_EDGE('',*,*,#1255,.T.);
#3237 = ORIENTED_EDGE('',*,*,#1278,.T.);
#3238 = FACE_BOUND('',#3239,.T.);
#3239 = EDGE_LOOP('',(#3240,#3241,#3242,#3243));
#3240 = ORIENTED_EDGE('',*,*,#1319,.T.);
#3241 = ORIENTED_EDGE('',*,*,#1351,.T.);
#3242 = ORIENTED_EDGE('',*,*,#1383,.T.);
#3243 = ORIENTED_EDGE('',*,*,#1406,.T.);
#3244 = FACE_BOUND('',#3245,.T.);
#3245 = EDGE_LOOP('',(#3246,#3247));
#3246 = ORIENTED_EDGE('',*,*,#1448,.T.);
#3247 = ORIENTED_EDGE('',*,*,#1472,.T.);
#3248 = FACE_BOUND('',#3249,.T.);
#3249 = EDGE_LOOP('',(#3250,#3251));
#3250 = ORIENTED_EDGE('',*,*,#1514,.T.);
#3251 = ORIENTED_EDGE('',*,*,#1538,.T.);
#3252 = FACE_BOUND('',#3253,.T.);
#3253 = EDGE_LOOP('',(#3254,#3255));
#3254 = ORIENTED_EDGE('',*,*,#1580,.T.);
#3255 = ORIENTED_EDGE('',*,*,#1604,.T.);
#3256 = FACE_BOUND('',#3257,.T.);
#3257 = EDGE_LOOP('',(#3258,#3259,#3260,#3261));
#3258 = ORIENTED_EDGE('',*,*,#1645,.T.);
#3259 = ORIENTED_EDGE('',*,*,#1677,.T.);
#3260 = ORIENTED_EDGE('',*,*,#1709,.T.);
#3261 = ORIENTED_EDGE('',*,*,#1732,.T.);
#3262 = FACE_BOUND('',#3263,.T.);
#3263 = EDGE_LOOP('',(#3264,#3265,#3266,#3267));
#3264 = ORIENTED_EDGE('',*,*,#1773,.T.);
#3265 = ORIENTED_EDGE('',*,*,#1805,.T.);
#3266 = ORIENTED_EDGE('',*,*,#1837,.T.);
#3267 = ORIENTED_EDGE('',*,*,#1860,.T.);
#3268 = FACE_BOUND('',#3269,.T.);
#3269 = EDGE_LOOP('',(#3270,#3271,#3272,#3273));
#3270 = ORIENTED_EDGE('',*,*,#1901,.T.);
#3271 = ORIENTED_EDGE('',*,*,#1933,.T.);
#3272 = ORIENTED_EDGE('',*,*,#1965,.T.);
#3273 = ORIENTED_EDGE('',*,*,#1988,.T.);
#3274 = FACE_BOUND('',#3275,.T.);
#3275 = EDGE_LOOP('',(#3276,#3277));
#3276 = ORIENTED_EDGE('',*,*,#2030,.T.);
#3277 = ORIENTED_EDGE('',*,*,#2054,.T.);
#3278 = FACE_BOUND('',#3279,.T.);
#3279 = EDGE_LOOP('',(#3280,#3281));
#3280 = ORIENTED_EDGE('',*,*,#2096,.T.);
#3281 = ORIENTED_EDGE('',*,*,#2120,.T.);
#3282 = FACE_BOUND('',#3283,.T.);
#3283 = EDGE_LOOP('',(#3284,#3285,#3286,#3287));
#3284 = ORIENTED_EDGE('',*,*,#2162,.T.);
#3285 = ORIENTED_EDGE('',*,*,#2194,.T.);
#3286 = ORIENTED_EDGE('',*,*,#2226,.T.);
#3287 = ORIENTED_EDGE('',*,*,#2249,.T.);
#3288 = FACE_BOUND('',#3289,.T.);
#3289 = EDGE_LOOP('',(#3290,#3291,#3292,#3293));
#3290 = ORIENTED_EDGE('',*,*,#2289,.T.);
#3291 = ORIENTED_EDGE('',*,*,#2321,.T.);
#3292 = ORIENTED_EDGE('',*,*,#2353,.T.);
#3293 = ORIENTED_EDGE('',*,*,#2376,.T.);
#3294 = FACE_BOUND('',#3295,.T.);
#3295 = EDGE_LOOP('',(#3296,#3297,#3298,#3299));
#3296 = ORIENTED_EDGE('',*,*,#2417,.T.);
#3297 = ORIENTED_EDGE('',*,*,#2449,.T.);
#3298 = ORIENTED_EDGE('',*,*,#2481,.T.);
#3299 = ORIENTED_EDGE('',*,*,#2504,.T.);
#3300 = FACE_BOUND('',#3301,.T.);
#3301 = EDGE_LOOP('',(#3302,#3303));
#3302 = ORIENTED_EDGE('',*,*,#2546,.T.);
#3303 = ORIENTED_EDGE('',*,*,#2570,.T.);
#3304 = FACE_BOUND('',#3305,.T.);
#3305 = EDGE_LOOP('',(#3306,#3307));
#3306 = ORIENTED_EDGE('',*,*,#2612,.T.);
#3307 = ORIENTED_EDGE('',*,*,#2636,.T.);
#3308 = FACE_BOUND('',#3309,.T.);
#3309 = EDGE_LOOP('',(#3310,#3311));
#3310 = ORIENTED_EDGE('',*,*,#2678,.T.);
#3311 = ORIENTED_EDGE('',*,*,#2702,.T.);
#3312 = FACE_BOUND('',#3313,.T.);
#3313 = EDGE_LOOP('',(#3314,#3315));
#3314 = ORIENTED_EDGE('',*,*,#2744,.T.);
#3315 = ORIENTED_EDGE('',*,*,#2768,.T.);
#3316 = FACE_BOUND('',#3317,.T.);
#3317 = EDGE_LOOP('',(#3318,#3319));
#3318 = ORIENTED_EDGE('',*,*,#2810,.T.);
#3319 = ORIENTED_EDGE('',*,*,#2834,.T.);
#3320 = FACE_BOUND('',#3321,.T.);
#3321 = EDGE_LOOP('',(#3322,#3323));
#3322 = ORIENTED_EDGE('',*,*,#2876,.T.);
#3323 = ORIENTED_EDGE('',*,*,#2900,.T.);
#3324 = FACE_BOUND('',#3325,.T.);
#3325 = EDGE_LOOP('',(#3326,#3327,#3328,#3329));
#3326 = ORIENTED_EDGE('',*,*,#2941,.T.);
#3327 = ORIENTED_EDGE('',*,*,#2973,.T.);
#3328 = ORIENTED_EDGE('',*,*,#3005,.T.);
#3329 = ORIENTED_EDGE('',*,*,#3028,.T.);
#3330 = FACE_BOUND('',#3331,.T.);
#3331 = EDGE_LOOP('',(#3332,#3333,#3334,#3335));
#3332 = ORIENTED_EDGE('',*,*,#3069,.T.);
#3333 = ORIENTED_EDGE('',*,*,#3101,.T.);
#3334 = ORIENTED_EDGE('',*,*,#3133,.T.);
#3335 = ORIENTED_EDGE('',*,*,#3156,.T.);
#3336 = PLANE('',#3337);
#3337 = AXIS2_PLACEMENT_3D('',#3338,#3339,#3340);
#3338 = CARTESIAN_POINT('',(30.000059690119,-30.00005969011,0.));
#3339 = DIRECTION('',(-0.,-0.,-1.));
#3340 = DIRECTION('',(-1.,0.,0.));
#3341 = ADVANCED_FACE('',(#3342,#3348,#3352,#3356,#3360,#3364,#3368,    #3372,#3376,#3380,#3384,#3388,#3394,#3398,#3402,#3406,#3412,#3418,    #3422,#3426,#3430,#3436,#3442,#3448,#3452,#3456,#3462,#3468,#3474,    #3478,#3482,#3486,#3490,#3494,#3498,#3504),#3510,.F.);
#3342 = FACE_BOUND('',#3343,.F.);
#3343 = EDGE_LOOP('',(#3344,#3345,#3346,#3347));
#3344 = ORIENTED_EDGE('',*,*,#65,.T.);
#3345 = ORIENTED_EDGE('',*,*,#96,.T.);
#3346 = ORIENTED_EDGE('',*,*,#127,.T.);
#3347 = ORIENTED_EDGE('',*,*,#158,.T.);
#3348 = FACE_BOUND('',#3349,.F.);
#3349 = EDGE_LOOP('',(#3350,#3351));
#3350 = ORIENTED_EDGE('',*,*,#189,.T.);
#3351 = ORIENTED_EDGE('',*,*,#222,.T.);
#3352 = FACE_BOUND('',#3353,.F.);
#3353 = EDGE_LOOP('',(#3354,#3355));
#3354 = ORIENTED_EDGE('',*,*,#255,.T.);
#3355 = ORIENTED_EDGE('',*,*,#288,.T.);
#3356 = FACE_BOUND('',#3357,.F.);
#3357 = EDGE_LOOP('',(#3358,#3359));
#3358 = ORIENTED_EDGE('',*,*,#321,.T.);
#3359 = ORIENTED_EDGE('',*,*,#354,.T.);
#3360 = FACE_BOUND('',#3361,.F.);
#3361 = EDGE_LOOP('',(#3362,#3363));
#3362 = ORIENTED_EDGE('',*,*,#387,.T.);
#3363 = ORIENTED_EDGE('',*,*,#420,.T.);
#3364 = FACE_BOUND('',#3365,.F.);
#3365 = EDGE_LOOP('',(#3366,#3367));
#3366 = ORIENTED_EDGE('',*,*,#453,.T.);
#3367 = ORIENTED_EDGE('',*,*,#486,.T.);
#3368 = FACE_BOUND('',#3369,.F.);
#3369 = EDGE_LOOP('',(#3370,#3371));
#3370 = ORIENTED_EDGE('',*,*,#519,.T.);
#3371 = ORIENTED_EDGE('',*,*,#552,.T.);
#3372 = FACE_BOUND('',#3373,.F.);
#3373 = EDGE_LOOP('',(#3374,#3375));
#3374 = ORIENTED_EDGE('',*,*,#585,.T.);
#3375 = ORIENTED_EDGE('',*,*,#618,.T.);
#3376 = FACE_BOUND('',#3377,.F.);
#3377 = EDGE_LOOP('',(#3378,#3379));
#3378 = ORIENTED_EDGE('',*,*,#651,.T.);
#3379 = ORIENTED_EDGE('',*,*,#684,.T.);
#3380 = FACE_BOUND('',#3381,.F.);
#3381 = EDGE_LOOP('',(#3382,#3383));
#3382 = ORIENTED_EDGE('',*,*,#717,.T.);
#3383 = ORIENTED_EDGE('',*,*,#750,.T.);
#3384 = FACE_BOUND('',#3385,.F.);
#3385 = EDGE_LOOP('',(#3386,#3387));
#3386 = ORIENTED_EDGE('',*,*,#783,.T.);
#3387 = ORIENTED_EDGE('',*,*,#816,.T.);
#3388 = FACE_BOUND('',#3389,.F.);
#3389 = EDGE_LOOP('',(#3390,#3391,#3392,#3393));
#3390 = ORIENTED_EDGE('',*,*,#849,.T.);
#3391 = ORIENTED_EDGE('',*,*,#880,.T.);
#3392 = ORIENTED_EDGE('',*,*,#913,.T.);
#3393 = ORIENTED_EDGE('',*,*,#944,.T.);
#3394 = FACE_BOUND('',#3395,.F.);
#3395 = EDGE_LOOP('',(#3396,#3397));
#3396 = ORIENTED_EDGE('',*,*,#977,.T.);
#3397 = ORIENTED_EDGE('',*,*,#1010,.T.);
#3398 = FACE_BOUND('',#3399,.F.);
#3399 = EDGE_LOOP('',(#3400,#3401));
#3400 = ORIENTED_EDGE('',*,*,#1043,.T.);
#3401 = ORIENTED_EDGE('',*,*,#1076,.T.);
#3402 = FACE_BOUND('',#3403,.F.);
#3403 = EDGE_LOOP('',(#3404,#3405));
#3404 = ORIENTED_EDGE('',*,*,#1109,.T.);
#3405 = ORIENTED_EDGE('',*,*,#1142,.T.);
#3406 = FACE_BOUND('',#3407,.F.);
#3407 = EDGE_LOOP('',(#3408,#3409,#3410,#3411));
#3408 = ORIENTED_EDGE('',*,*,#1175,.T.);
#3409 = ORIENTED_EDGE('',*,*,#1206,.T.);
#3410 = ORIENTED_EDGE('',*,*,#1239,.T.);
#3411 = ORIENTED_EDGE('',*,*,#1270,.T.);
#3412 = FACE_BOUND('',#3413,.F.);
#3413 = EDGE_LOOP('',(#3414,#3415,#3416,#3417));
#3414 = ORIENTED_EDGE('',*,*,#1303,.T.);
#3415 = ORIENTED_EDGE('',*,*,#1334,.T.);
#3416 = ORIENTED_EDGE('',*,*,#1367,.T.);
#3417 = ORIENTED_EDGE('',*,*,#1398,.T.);
#3418 = FACE_BOUND('',#3419,.F.);
#3419 = EDGE_LOOP('',(#3420,#3421));
#3420 = ORIENTED_EDGE('',*,*,#1431,.T.);
#3421 = ORIENTED_EDGE('',*,*,#1464,.T.);
#3422 = FACE_BOUND('',#3423,.F.);
#3423 = EDGE_LOOP('',(#3424,#3425));
#3424 = ORIENTED_EDGE('',*,*,#1497,.T.);
#3425 = ORIENTED_EDGE('',*,*,#1530,.T.);
#3426 = FACE_BOUND('',#3427,.F.);
#3427 = EDGE_LOOP('',(#3428,#3429));
#3428 = ORIENTED_EDGE('',*,*,#1563,.T.);
#3429 = ORIENTED_EDGE('',*,*,#1596,.T.);
#3430 = FACE_BOUND('',#3431,.F.);
#3431 = EDGE_LOOP('',(#3432,#3433,#3434,#3435));
#3432 = ORIENTED_EDGE('',*,*,#1629,.T.);
#3433 = ORIENTED_EDGE('',*,*,#1660,.T.);
#3434 = ORIENTED_EDGE('',*,*,#1693,.T.);
#3435 = ORIENTED_EDGE('',*,*,#1724,.T.);
#3436 = FACE_BOUND('',#3437,.F.);
#3437 = EDGE_LOOP('',(#3438,#3439,#3440,#3441));
#3438 = ORIENTED_EDGE('',*,*,#1757,.T.);
#3439 = ORIENTED_EDGE('',*,*,#1788,.T.);
#3440 = ORIENTED_EDGE('',*,*,#1821,.T.);
#3441 = ORIENTED_EDGE('',*,*,#1852,.T.);
#3442 = FACE_BOUND('',#3443,.F.);
#3443 = EDGE_LOOP('',(#3444,#3445,#3446,#3447));
#3444 = ORIENTED_EDGE('',*,*,#1885,.T.);
#3445 = ORIENTED_EDGE('',*,*,#1916,.T.);
#3446 = ORIENTED_EDGE('',*,*,#1949,.T.);
#3447 = ORIENTED_EDGE('',*,*,#1980,.T.);
#3448 = FACE_BOUND('',#3449,.F.);
#3449 = EDGE_LOOP('',(#3450,#3451));
#3450 = ORIENTED_EDGE('',*,*,#2013,.T.);
#3451 = ORIENTED_EDGE('',*,*,#2046,.T.);
#3452 = FACE_BOUND('',#3453,.F.);
#3453 = EDGE_LOOP('',(#3454,#3455));
#3454 = ORIENTED_EDGE('',*,*,#2079,.T.);
#3455 = ORIENTED_EDGE('',*,*,#2112,.T.);
#3456 = FACE_BOUND('',#3457,.F.);
#3457 = EDGE_LOOP('',(#3458,#3459,#3460,#3461));
#3458 = ORIENTED_EDGE('',*,*,#2145,.T.);
#3459 = ORIENTED_EDGE('',*,*,#2178,.T.);
#3460 = ORIENTED_EDGE('',*,*,#2209,.T.);
#3461 = ORIENTED_EDGE('',*,*,#2242,.T.);
#3462 = FACE_BOUND('',#3463,.F.);
#3463 = EDGE_LOOP('',(#3464,#3465,#3466,#3467));
#3464 = ORIENTED_EDGE('',*,*,#2273,.T.);
#3465 = ORIENTED_EDGE('',*,*,#2304,.T.);
#3466 = ORIENTED_EDGE('',*,*,#2337,.T.);
#3467 = ORIENTED_EDGE('',*,*,#2368,.T.);
#3468 = FACE_BOUND('',#3469,.F.);
#3469 = EDGE_LOOP('',(#3470,#3471,#3472,#3473));
#3470 = ORIENTED_EDGE('',*,*,#2401,.T.);
#3471 = ORIENTED_EDGE('',*,*,#2432,.T.);
#3472 = ORIENTED_EDGE('',*,*,#2465,.T.);
#3473 = ORIENTED_EDGE('',*,*,#2496,.T.);
#3474 = FACE_BOUND('',#3475,.F.);
#3475 = EDGE_LOOP('',(#3476,#3477));
#3476 = ORIENTED_EDGE('',*,*,#2529,.T.);
#3477 = ORIENTED_EDGE('',*,*,#2562,.T.);
#3478 = FACE_BOUND('',#3479,.F.);
#3479 = EDGE_LOOP('',(#3480,#3481));
#3480 = ORIENTED_EDGE('',*,*,#2595,.T.);
#3481 = ORIENTED_EDGE('',*,*,#2628,.T.);
#3482 = FACE_BOUND('',#3483,.F.);
#3483 = EDGE_LOOP('',(#3484,#3485));
#3484 = ORIENTED_EDGE('',*,*,#2661,.T.);
#3485 = ORIENTED_EDGE('',*,*,#2694,.T.);
#3486 = FACE_BOUND('',#3487,.F.);
#3487 = EDGE_LOOP('',(#3488,#3489));
#3488 = ORIENTED_EDGE('',*,*,#2727,.T.);
#3489 = ORIENTED_EDGE('',*,*,#2760,.T.);
#3490 = FACE_BOUND('',#3491,.F.);
#3491 = EDGE_LOOP('',(#3492,#3493));
#3492 = ORIENTED_EDGE('',*,*,#2793,.T.);
#3493 = ORIENTED_EDGE('',*,*,#2826,.T.);
#3494 = FACE_BOUND('',#3495,.F.);
#3495 = EDGE_LOOP('',(#3496,#3497));
#3496 = ORIENTED_EDGE('',*,*,#2859,.T.);
#3497 = ORIENTED_EDGE('',*,*,#2892,.T.);
#3498 = FACE_BOUND('',#3499,.F.);
#3499 = EDGE_LOOP('',(#3500,#3501,#3502,#3503));
#3500 = ORIENTED_EDGE('',*,*,#2925,.T.);
#3501 = ORIENTED_EDGE('',*,*,#2956,.T.);
#3502 = ORIENTED_EDGE('',*,*,#2989,.T.);
#3503 = ORIENTED_EDGE('',*,*,#3020,.T.);
#3504 = FACE_BOUND('',#3505,.F.);
#3505 = EDGE_LOOP('',(#3506,#3507,#3508,#3509));
#3506 = ORIENTED_EDGE('',*,*,#3053,.T.);
#3507 = ORIENTED_EDGE('',*,*,#3084,.T.);
#3508 = ORIENTED_EDGE('',*,*,#3117,.T.);
#3509 = ORIENTED_EDGE('',*,*,#3148,.T.);
#3510 = PLANE('',#3511);
#3511 = AXIS2_PLACEMENT_3D('',#3512,#3513,#3514);
#3512 = CARTESIAN_POINT('',(30.000059690119,-30.00005969011,    1.538354076708));
#3513 = DIRECTION('',(-0.,-0.,-1.));
#3514 = DIRECTION('',(-1.,0.,0.));
#3515 = ( GEOMETRIC_REPRESENTATION_CONTEXT(3) GLOBAL_UNCERTAINTY_ASSIGNED_CONTEXT((#3519)) GLOBAL_UNIT_ASSIGNED_CONTEXT((#3516,#3517,#3518)) REPRESENTATION_CONTEXT('Context #1','3D Context with UNIT and UNCERTAINTY') );
#3516 = ( LENGTH_UNIT() NAMED_UNIT(*) SI_UNIT(.MILLI.,.METRE.) );
#3517 = ( NAMED_UNIT(*) PLANE_ANGLE_UNIT() SI_UNIT($,.RADIAN.) );
#3518 = ( NAMED_UNIT(*) SI_UNIT($,.STERADIAN.) SOLID_ANGLE_UNIT() );
#3519 = UNCERTAINTY_MEASURE_WITH_UNIT(LENGTH_MEASURE(1.E-07),#3516,  'distance_accuracy_value','confusion accuracy');
#3520 = CONTEXT_DEPENDENT_SHAPE_REPRESENTATION(#3521,#3523);
#3521 = ( REPRESENTATION_RELATIONSHIP('','',#48,#10) REPRESENTATION_RELATIONSHIP_WITH_TRANSFORMATION(#3522) SHAPE_REPRESENTATION_RELATIONSHIP() );
#3522 = ITEM_DEFINED_TRANSFORMATION('','',#11,#15);
#3523 = PRODUCT_DEFINITION_SHAPE('Placement','Placement of an item',  #3524);
#3524 = NEXT_ASSEMBLY_USAGE_OCCURRENCE('1','=>[0:1:1:2]','',#5,#43,$);
#3525 = PRODUCT_RELATED_PRODUCT_CATEGORY('part',$,(#45));
#3526 = SHAPE_DEFINITION_REPRESENTATION(#3527,#3533);
#3527 = PRODUCT_DEFINITION_SHAPE('','',#3528);
#3528 = PRODUCT_DEFINITION('design','',#3529,#3532);
#3529 = PRODUCT_DEFINITION_FORMATION('','',#3530);
#3530 = PRODUCT('TopCopper~8QTj','TopCopper~8QTj','',(#3531));
#3531 = PRODUCT_CONTEXT('',#2,'mechanical');
#3532 = PRODUCT_DEFINITION_CONTEXT('part definition',#2,'design');
#3533 = SHAPE_REPRESENTATION('',(#11),#3534);
#3534 = ( GEOMETRIC_REPRESENTATION_CONTEXT(3) GLOBAL_UNCERTAINTY_ASSIGNED_CONTEXT((#3538)) GLOBAL_UNIT_ASSIGNED_CONTEXT((#3535,#3536,#3537)) REPRESENTATION_CONTEXT('Context #1','3D Context with UNIT and UNCERTAINTY') );
#3535 = ( LENGTH_UNIT() NAMED_UNIT(*) SI_UNIT(.MILLI.,.METRE.) );
#3536 = ( NAMED_UNIT(*) PLANE_ANGLE_UNIT() SI_UNIT($,.RADIAN.) );
#3537 = ( NAMED_UNIT(*) SI_UNIT($,.STERADIAN.) SOLID_ANGLE_UNIT() );
#3538 = UNCERTAINTY_MEASURE_WITH_UNIT(LENGTH_MEASURE(1.E-07),#3535,  'distance_accuracy_value','confusion accuracy');
#3539 = CONTEXT_DEPENDENT_SHAPE_REPRESENTATION(#3540,#3542);
#3540 = ( REPRESENTATION_RELATIONSHIP('','',#3533,#10) REPRESENTATION_RELATIONSHIP_WITH_TRANSFORMATION(#3541) SHAPE_REPRESENTATION_RELATIONSHIP() );
#3541 = ITEM_DEFINED_TRANSFORMATION('','',#11,#19);
#3542 = PRODUCT_DEFINITION_SHAPE('Placement','Placement of an item',  #3543);
#3543 = NEXT_ASSEMBLY_USAGE_OCCURRENCE('2','=>[0:1:1:3]','',#5,#3528,$);
#3544 = PRODUCT_RELATED_PRODUCT_CATEGORY('part',$,(#3530));
#3545 = SHAPE_DEFINITION_REPRESENTATION(#3546,#3552);
#3546 = PRODUCT_DEFINITION_SHAPE('','',#3547);
#3547 = PRODUCT_DEFINITION('design','',#3548,#3551);
#3548 = PRODUCT_DEFINITION_FORMATION('','',#3549);
#3549 = PRODUCT('BottomCopper~8QTj','BottomCopper~8QTj','',(#3550));
#3550 = PRODUCT_CONTEXT('',#2,'mechanical');
#3551 = PRODUCT_DEFINITION_CONTEXT('part definition',#2,'design');
#3552 = SHAPE_REPRESENTATION('',(#11),#3553);
#3553 = ( GEOMETRIC_REPRESENTATION_CONTEXT(3) GLOBAL_UNCERTAINTY_ASSIGNED_CONTEXT((#3557)) GLOBAL_UNIT_ASSIGNED_CONTEXT((#3554,#3555,#3556)) REPRESENTATION_CONTEXT('Context #1','3D Context with UNIT and UNCERTAINTY') );
#3554 = ( LENGTH_UNIT() NAMED_UNIT(*) SI_UNIT(.MILLI.,.METRE.) );
#3555 = ( NAMED_UNIT(*) PLANE_ANGLE_UNIT() SI_UNIT($,.RADIAN.) );
#3556 = ( NAMED_UNIT(*) SI_UNIT($,.STERADIAN.) SOLID_ANGLE_UNIT() );
#3557 = UNCERTAINTY_MEASURE_WITH_UNIT(LENGTH_MEASURE(1.E-07),#3554,  'distance_accuracy_value','confusion accuracy');
#3558 = CONTEXT_DEPENDENT_SHAPE_REPRESENTATION(#3559,#3561);
#3559 = ( REPRESENTATION_RELATIONSHIP('','',#3552,#10) REPRESENTATION_RELATIONSHIP_WITH_TRANSFORMATION(#3560) SHAPE_REPRESENTATION_RELATIONSHIP() );
#3560 = ITEM_DEFINED_TRANSFORMATION('','',#11,#23);
#3561 = PRODUCT_DEFINITION_SHAPE('Placement','Placement of an item',  #3562);
#3562 = NEXT_ASSEMBLY_USAGE_OCCURRENCE('3','=>[0:1:1:4]','',#5,#3547,$);
#3563 = PRODUCT_RELATED_PRODUCT_CATEGORY('part',$,(#3549));
#3564 = SHAPE_DEFINITION_REPRESENTATION(#3565,#3571);
#3565 = PRODUCT_DEFINITION_SHAPE('','',#3566);
#3566 = PRODUCT_DEFINITION('design','',#3567,#3570);
#3567 = PRODUCT_DEFINITION_FORMATION('','',#3568);
#3568 = PRODUCT('TopFpcStiffener~8QTj','TopFpcStiffener~8QTj','',(#3569)  );
#3569 = PRODUCT_CONTEXT('',#2,'mechanical');
#3570 = PRODUCT_DEFINITION_CONTEXT('part definition',#2,'design');
#3571 = SHAPE_REPRESENTATION('',(#11),#3572);
#3572 = ( GEOMETRIC_REPRESENTATION_CONTEXT(3) GLOBAL_UNCERTAINTY_ASSIGNED_CONTEXT((#3576)) GLOBAL_UNIT_ASSIGNED_CONTEXT((#3573,#3574,#3575)) REPRESENTATION_CONTEXT('Context #1','3D Context with UNIT and UNCERTAINTY') );
#3573 = ( LENGTH_UNIT() NAMED_UNIT(*) SI_UNIT(.MILLI.,.METRE.) );
#3574 = ( NAMED_UNIT(*) PLANE_ANGLE_UNIT() SI_UNIT($,.RADIAN.) );
#3575 = ( NAMED_UNIT(*) SI_UNIT($,.STERADIAN.) SOLID_ANGLE_UNIT() );
#3576 = UNCERTAINTY_MEASURE_WITH_UNIT(LENGTH_MEASURE(1.E-07),#3573,  'distance_accuracy_value','confusion accuracy');
#3577 = CONTEXT_DEPENDENT_SHAPE_REPRESENTATION(#3578,#3580);
#3578 = ( REPRESENTATION_RELATIONSHIP('','',#3571,#10) REPRESENTATION_RELATIONSHIP_WITH_TRANSFORMATION(#3579) SHAPE_REPRESENTATION_RELATIONSHIP() );
#3579 = ITEM_DEFINED_TRANSFORMATION('','',#11,#27);
#3580 = PRODUCT_DEFINITION_SHAPE('Placement','Placement of an item',  #3581);
#3581 = NEXT_ASSEMBLY_USAGE_OCCURRENCE('4','=>[0:1:1:5]','',#5,#3566,$);
#3582 = PRODUCT_RELATED_PRODUCT_CATEGORY('part',$,(#3568));
#3583 = SHAPE_DEFINITION_REPRESENTATION(#3584,#3590);
#3584 = PRODUCT_DEFINITION_SHAPE('','',#3585);
#3585 = PRODUCT_DEFINITION('design','',#3586,#3589);
#3586 = PRODUCT_DEFINITION_FORMATION('','',#3587);
#3587 = PRODUCT('BottomFpcStiffener~8QTj','BottomFpcStiffener~8QTj','',(    #3588));
#3588 = PRODUCT_CONTEXT('',#2,'mechanical');
#3589 = PRODUCT_DEFINITION_CONTEXT('part definition',#2,'design');
#3590 = SHAPE_REPRESENTATION('',(#11),#3591);
#3591 = ( GEOMETRIC_REPRESENTATION_CONTEXT(3) GLOBAL_UNCERTAINTY_ASSIGNED_CONTEXT((#3595)) GLOBAL_UNIT_ASSIGNED_CONTEXT((#3592,#3593,#3594)) REPRESENTATION_CONTEXT('Context #1','3D Context with UNIT and UNCERTAINTY') );
#3592 = ( LENGTH_UNIT() NAMED_UNIT(*) SI_UNIT(.MILLI.,.METRE.) );
#3593 = ( NAMED_UNIT(*) PLANE_ANGLE_UNIT() SI_UNIT($,.RADIAN.) );
#3594 = ( NAMED_UNIT(*) SI_UNIT($,.STERADIAN.) SOLID_ANGLE_UNIT() );
#3595 = UNCERTAINTY_MEASURE_WITH_UNIT(LENGTH_MEASURE(1.E-07),#3592,  'distance_accuracy_value','confusion accuracy');
#3596 = CONTEXT_DEPENDENT_SHAPE_REPRESENTATION(#3597,#3599);
#3597 = ( REPRESENTATION_RELATIONSHIP('','',#3590,#10) REPRESENTATION_RELATIONSHIP_WITH_TRANSFORMATION(#3598) SHAPE_REPRESENTATION_RELATIONSHIP() );
#3598 = ITEM_DEFINED_TRANSFORMATION('','',#11,#31);
#3599 = PRODUCT_DEFINITION_SHAPE('Placement','Placement of an item',  #3600);
#3600 = NEXT_ASSEMBLY_USAGE_OCCURRENCE('5','=>[0:1:1:6]','',#5,#3585,$);
#3601 = PRODUCT_RELATED_PRODUCT_CATEGORY('part',$,(#3587));
#3602 = MECHANICAL_DESIGN_GEOMETRIC_PRESENTATION_REPRESENTATION('',(    #3603,#3613,#3621,#3628,#3635,#3642,#3649,#3656,#3663,#3670,#3677,    #3684,#3691,#3698,#3705,#3712,#3719,#3726,#3733,#3740,#3747,#3754,    #3761,#3768,#3775,#3782,#3789,#3796,#3803,#3810,#3817,#3824,#3831,    #3838,#3845,#3852,#3859,#3866,#3873,#3880,#3887,#3894,#3901,#3908,    #3915,#3922,#3929,#3936,#3943,#3950,#3957,#3964,#3971,#3978,#3985,    #3992,#3999,#4006,#4013,#4020,#4027,#4034,#4041,#4048,#4055,#4062,    #4069,#4076,#4083,#4090,#4097,#4104,#4111,#4118,#4125,#4132,#4139,    #4146,#4153,#4160,#4167,#4174,#4181,#4188,#4195,#4202,#4209,#4216,    #4223,#4230,#4237,#4244,#4251,#4258,#4265,#4272,#4279),#3515);
#3603 = STYLED_ITEM('color',(#3604),#49);
#3604 = PRESENTATION_STYLE_ASSIGNMENT((#3605,#3611));
#3605 = SURFACE_STYLE_USAGE(.BOTH.,#3606);
#3606 = SURFACE_SIDE_STYLE('',(#3607));
#3607 = SURFACE_STYLE_FILL_AREA(#3608);
#3608 = FILL_AREA_STYLE('',(#3609));
#3609 = FILL_AREA_STYLE_COLOUR('',#3610);
#3610 = COLOUR_RGB('',0.,0.417002959305,0.637991923926);
#3611 = CURVE_STYLE('',#3612,POSITIVE_LENGTH_MEASURE(0.1),#3610);
#3612 = DRAUGHTING_PRE_DEFINED_CURVE_FONT('continuous');
#3613 = OVER_RIDING_STYLED_ITEM('overriding color',(#3614),#51,#3603);
#3614 = PRESENTATION_STYLE_ASSIGNMENT((#3615));
#3615 = SURFACE_STYLE_USAGE(.BOTH.,#3616);
#3616 = SURFACE_SIDE_STYLE('',(#3617));
#3617 = SURFACE_STYLE_FILL_AREA(#3618);
#3618 = FILL_AREA_STYLE('',(#3619));
#3619 = FILL_AREA_STYLE_COLOUR('',#3620);
#3620 = COLOUR_RGB('',0.937179583391,0.9357410338,0.649182888601);
#3621 = OVER_RIDING_STYLED_ITEM('overriding color',(#3622),#91,#3603);
#3622 = PRESENTATION_STYLE_ASSIGNMENT((#3623));
#3623 = SURFACE_STYLE_USAGE(.BOTH.,#3624);
#3624 = SURFACE_SIDE_STYLE('',(#3625));
#3625 = SURFACE_STYLE_FILL_AREA(#3626);
#3626 = FILL_AREA_STYLE('',(#3627));
#3627 = FILL_AREA_STYLE_COLOUR('',#3620);
#3628 = OVER_RIDING_STYLED_ITEM('overriding color',(#3629),#122,#3603);
#3629 = PRESENTATION_STYLE_ASSIGNMENT((#3630));
#3630 = SURFACE_STYLE_USAGE(.BOTH.,#3631);
#3631 = SURFACE_SIDE_STYLE('',(#3632));
#3632 = SURFACE_STYLE_FILL_AREA(#3633);
#3633 = FILL_AREA_STYLE('',(#3634));
#3634 = FILL_AREA_STYLE_COLOUR('',#3620);
#3635 = OVER_RIDING_STYLED_ITEM('overriding color',(#3636),#153,#3603);
#3636 = PRESENTATION_STYLE_ASSIGNMENT((#3637));
#3637 = SURFACE_STYLE_USAGE(.BOTH.,#3638);
#3638 = SURFACE_SIDE_STYLE('',(#3639));
#3639 = SURFACE_STYLE_FILL_AREA(#3640);
#3640 = FILL_AREA_STYLE('',(#3641));
#3641 = FILL_AREA_STYLE_COLOUR('',#3620);
#3642 = OVER_RIDING_STYLED_ITEM('overriding color',(#3643),#175,#3603);
#3643 = PRESENTATION_STYLE_ASSIGNMENT((#3644));
#3644 = SURFACE_STYLE_USAGE(.BOTH.,#3645);
#3645 = SURFACE_SIDE_STYLE('',(#3646));
#3646 = SURFACE_STYLE_FILL_AREA(#3647);
#3647 = FILL_AREA_STYLE('',(#3648));
#3648 = FILL_AREA_STYLE_COLOUR('',#3620);
#3649 = OVER_RIDING_STYLED_ITEM('overriding color',(#3650),#217,#3603);
#3650 = PRESENTATION_STYLE_ASSIGNMENT((#3651));
#3651 = SURFACE_STYLE_USAGE(.BOTH.,#3652);
#3652 = SURFACE_SIDE_STYLE('',(#3653));
#3653 = SURFACE_STYLE_FILL_AREA(#3654);
#3654 = FILL_AREA_STYLE('',(#3655));
#3655 = FILL_AREA_STYLE_COLOUR('',#3620);
#3656 = OVER_RIDING_STYLED_ITEM('overriding color',(#3657),#241,#3603);
#3657 = PRESENTATION_STYLE_ASSIGNMENT((#3658));
#3658 = SURFACE_STYLE_USAGE(.BOTH.,#3659);
#3659 = SURFACE_SIDE_STYLE('',(#3660));
#3660 = SURFACE_STYLE_FILL_AREA(#3661);
#3661 = FILL_AREA_STYLE('',(#3662));
#3662 = FILL_AREA_STYLE_COLOUR('',#3620);
#3663 = OVER_RIDING_STYLED_ITEM('overriding color',(#3664),#283,#3603);
#3664 = PRESENTATION_STYLE_ASSIGNMENT((#3665));
#3665 = SURFACE_STYLE_USAGE(.BOTH.,#3666);
#3666 = SURFACE_SIDE_STYLE('',(#3667));
#3667 = SURFACE_STYLE_FILL_AREA(#3668);
#3668 = FILL_AREA_STYLE('',(#3669));
#3669 = FILL_AREA_STYLE_COLOUR('',#3620);
#3670 = OVER_RIDING_STYLED_ITEM('overriding color',(#3671),#307,#3603);
#3671 = PRESENTATION_STYLE_ASSIGNMENT((#3672));
#3672 = SURFACE_STYLE_USAGE(.BOTH.,#3673);
#3673 = SURFACE_SIDE_STYLE('',(#3674));
#3674 = SURFACE_STYLE_FILL_AREA(#3675);
#3675 = FILL_AREA_STYLE('',(#3676));
#3676 = FILL_AREA_STYLE_COLOUR('',#3620);
#3677 = OVER_RIDING_STYLED_ITEM('overriding color',(#3678),#349,#3603);
#3678 = PRESENTATION_STYLE_ASSIGNMENT((#3679));
#3679 = SURFACE_STYLE_USAGE(.BOTH.,#3680);
#3680 = SURFACE_SIDE_STYLE('',(#3681));
#3681 = SURFACE_STYLE_FILL_AREA(#3682);
#3682 = FILL_AREA_STYLE('',(#3683));
#3683 = FILL_AREA_STYLE_COLOUR('',#3620);
#3684 = OVER_RIDING_STYLED_ITEM('overriding color',(#3685),#373,#3603);
#3685 = PRESENTATION_STYLE_ASSIGNMENT((#3686));
#3686 = SURFACE_STYLE_USAGE(.BOTH.,#3687);
#3687 = SURFACE_SIDE_STYLE('',(#3688));
#3688 = SURFACE_STYLE_FILL_AREA(#3689);
#3689 = FILL_AREA_STYLE('',(#3690));
#3690 = FILL_AREA_STYLE_COLOUR('',#3620);
#3691 = OVER_RIDING_STYLED_ITEM('overriding color',(#3692),#415,#3603);
#3692 = PRESENTATION_STYLE_ASSIGNMENT((#3693));
#3693 = SURFACE_STYLE_USAGE(.BOTH.,#3694);
#3694 = SURFACE_SIDE_STYLE('',(#3695));
#3695 = SURFACE_STYLE_FILL_AREA(#3696);
#3696 = FILL_AREA_STYLE('',(#3697));
#3697 = FILL_AREA_STYLE_COLOUR('',#3620);
#3698 = OVER_RIDING_STYLED_ITEM('overriding color',(#3699),#439,#3603);
#3699 = PRESENTATION_STYLE_ASSIGNMENT((#3700));
#3700 = SURFACE_STYLE_USAGE(.BOTH.,#3701);
#3701 = SURFACE_SIDE_STYLE('',(#3702));
#3702 = SURFACE_STYLE_FILL_AREA(#3703);
#3703 = FILL_AREA_STYLE('',(#3704));
#3704 = FILL_AREA_STYLE_COLOUR('',#3620);
#3705 = OVER_RIDING_STYLED_ITEM('overriding color',(#3706),#481,#3603);
#3706 = PRESENTATION_STYLE_ASSIGNMENT((#3707));
#3707 = SURFACE_STYLE_USAGE(.BOTH.,#3708);
#3708 = SURFACE_SIDE_STYLE('',(#3709));
#3709 = SURFACE_STYLE_FILL_AREA(#3710);
#3710 = FILL_AREA_STYLE('',(#3711));
#3711 = FILL_AREA_STYLE_COLOUR('',#3620);
#3712 = OVER_RIDING_STYLED_ITEM('overriding color',(#3713),#505,#3603);
#3713 = PRESENTATION_STYLE_ASSIGNMENT((#3714));
#3714 = SURFACE_STYLE_USAGE(.BOTH.,#3715);
#3715 = SURFACE_SIDE_STYLE('',(#3716));
#3716 = SURFACE_STYLE_FILL_AREA(#3717);
#3717 = FILL_AREA_STYLE('',(#3718));
#3718 = FILL_AREA_STYLE_COLOUR('',#3620);
#3719 = OVER_RIDING_STYLED_ITEM('overriding color',(#3720),#547,#3603);
#3720 = PRESENTATION_STYLE_ASSIGNMENT((#3721));
#3721 = SURFACE_STYLE_USAGE(.BOTH.,#3722);
#3722 = SURFACE_SIDE_STYLE('',(#3723));
#3723 = SURFACE_STYLE_FILL_AREA(#3724);
#3724 = FILL_AREA_STYLE('',(#3725));
#3725 = FILL_AREA_STYLE_COLOUR('',#3620);
#3726 = OVER_RIDING_STYLED_ITEM('overriding color',(#3727),#571,#3603);
#3727 = PRESENTATION_STYLE_ASSIGNMENT((#3728));
#3728 = SURFACE_STYLE_USAGE(.BOTH.,#3729);
#3729 = SURFACE_SIDE_STYLE('',(#3730));
#3730 = SURFACE_STYLE_FILL_AREA(#3731);
#3731 = FILL_AREA_STYLE('',(#3732));
#3732 = FILL_AREA_STYLE_COLOUR('',#3620);
#3733 = OVER_RIDING_STYLED_ITEM('overriding color',(#3734),#613,#3603);
#3734 = PRESENTATION_STYLE_ASSIGNMENT((#3735));
#3735 = SURFACE_STYLE_USAGE(.BOTH.,#3736);
#3736 = SURFACE_SIDE_STYLE('',(#3737));
#3737 = SURFACE_STYLE_FILL_AREA(#3738);
#3738 = FILL_AREA_STYLE('',(#3739));
#3739 = FILL_AREA_STYLE_COLOUR('',#3620);
#3740 = OVER_RIDING_STYLED_ITEM('overriding color',(#3741),#637,#3603);
#3741 = PRESENTATION_STYLE_ASSIGNMENT((#3742));
#3742 = SURFACE_STYLE_USAGE(.BOTH.,#3743);
#3743 = SURFACE_SIDE_STYLE('',(#3744));
#3744 = SURFACE_STYLE_FILL_AREA(#3745);
#3745 = FILL_AREA_STYLE('',(#3746));
#3746 = FILL_AREA_STYLE_COLOUR('',#3620);
#3747 = OVER_RIDING_STYLED_ITEM('overriding color',(#3748),#679,#3603);
#3748 = PRESENTATION_STYLE_ASSIGNMENT((#3749));
#3749 = SURFACE_STYLE_USAGE(.BOTH.,#3750);
#3750 = SURFACE_SIDE_STYLE('',(#3751));
#3751 = SURFACE_STYLE_FILL_AREA(#3752);
#3752 = FILL_AREA_STYLE('',(#3753));
#3753 = FILL_AREA_STYLE_COLOUR('',#3620);
#3754 = OVER_RIDING_STYLED_ITEM('overriding color',(#3755),#703,#3603);
#3755 = PRESENTATION_STYLE_ASSIGNMENT((#3756));
#3756 = SURFACE_STYLE_USAGE(.BOTH.,#3757);
#3757 = SURFACE_SIDE_STYLE('',(#3758));
#3758 = SURFACE_STYLE_FILL_AREA(#3759);
#3759 = FILL_AREA_STYLE('',(#3760));
#3760 = FILL_AREA_STYLE_COLOUR('',#3620);
#3761 = OVER_RIDING_STYLED_ITEM('overriding color',(#3762),#745,#3603);
#3762 = PRESENTATION_STYLE_ASSIGNMENT((#3763));
#3763 = SURFACE_STYLE_USAGE(.BOTH.,#3764);
#3764 = SURFACE_SIDE_STYLE('',(#3765));
#3765 = SURFACE_STYLE_FILL_AREA(#3766);
#3766 = FILL_AREA_STYLE('',(#3767));
#3767 = FILL_AREA_STYLE_COLOUR('',#3620);
#3768 = OVER_RIDING_STYLED_ITEM('overriding color',(#3769),#769,#3603);
#3769 = PRESENTATION_STYLE_ASSIGNMENT((#3770));
#3770 = SURFACE_STYLE_USAGE(.BOTH.,#3771);
#3771 = SURFACE_SIDE_STYLE('',(#3772));
#3772 = SURFACE_STYLE_FILL_AREA(#3773);
#3773 = FILL_AREA_STYLE('',(#3774));
#3774 = FILL_AREA_STYLE_COLOUR('',#3620);
#3775 = OVER_RIDING_STYLED_ITEM('overriding color',(#3776),#811,#3603);
#3776 = PRESENTATION_STYLE_ASSIGNMENT((#3777));
#3777 = SURFACE_STYLE_USAGE(.BOTH.,#3778);
#3778 = SURFACE_SIDE_STYLE('',(#3779));
#3779 = SURFACE_STYLE_FILL_AREA(#3780);
#3780 = FILL_AREA_STYLE('',(#3781));
#3781 = FILL_AREA_STYLE_COLOUR('',#3620);
#3782 = OVER_RIDING_STYLED_ITEM('overriding color',(#3783),#835,#3603);
#3783 = PRESENTATION_STYLE_ASSIGNMENT((#3784));
#3784 = SURFACE_STYLE_USAGE(.BOTH.,#3785);
#3785 = SURFACE_SIDE_STYLE('',(#3786));
#3786 = SURFACE_STYLE_FILL_AREA(#3787);
#3787 = FILL_AREA_STYLE('',(#3788));
#3788 = FILL_AREA_STYLE_COLOUR('',#3620);
#3789 = OVER_RIDING_STYLED_ITEM('overriding color',(#3790),#875,#3603);
#3790 = PRESENTATION_STYLE_ASSIGNMENT((#3791));
#3791 = SURFACE_STYLE_USAGE(.BOTH.,#3792);
#3792 = SURFACE_SIDE_STYLE('',(#3793));
#3793 = SURFACE_STYLE_FILL_AREA(#3794);
#3794 = FILL_AREA_STYLE('',(#3795));
#3795 = FILL_AREA_STYLE_COLOUR('',#3620);
#3796 = OVER_RIDING_STYLED_ITEM('overriding color',(#3797),#908,#3603);
#3797 = PRESENTATION_STYLE_ASSIGNMENT((#3798));
#3798 = SURFACE_STYLE_USAGE(.BOTH.,#3799);
#3799 = SURFACE_SIDE_STYLE('',(#3800));
#3800 = SURFACE_STYLE_FILL_AREA(#3801);
#3801 = FILL_AREA_STYLE('',(#3802));
#3802 = FILL_AREA_STYLE_COLOUR('',#3620);
#3803 = OVER_RIDING_STYLED_ITEM('overriding color',(#3804),#939,#3603);
#3804 = PRESENTATION_STYLE_ASSIGNMENT((#3805));
#3805 = SURFACE_STYLE_USAGE(.BOTH.,#3806);
#3806 = SURFACE_SIDE_STYLE('',(#3807));
#3807 = SURFACE_STYLE_FILL_AREA(#3808);
#3808 = FILL_AREA_STYLE('',(#3809));
#3809 = FILL_AREA_STYLE_COLOUR('',#3620);
#3810 = OVER_RIDING_STYLED_ITEM('overriding color',(#3811),#963,#3603);
#3811 = PRESENTATION_STYLE_ASSIGNMENT((#3812));
#3812 = SURFACE_STYLE_USAGE(.BOTH.,#3813);
#3813 = SURFACE_SIDE_STYLE('',(#3814));
#3814 = SURFACE_STYLE_FILL_AREA(#3815);
#3815 = FILL_AREA_STYLE('',(#3816));
#3816 = FILL_AREA_STYLE_COLOUR('',#3620);
#3817 = OVER_RIDING_STYLED_ITEM('overriding color',(#3818),#1005,#3603);
#3818 = PRESENTATION_STYLE_ASSIGNMENT((#3819));
#3819 = SURFACE_STYLE_USAGE(.BOTH.,#3820);
#3820 = SURFACE_SIDE_STYLE('',(#3821));
#3821 = SURFACE_STYLE_FILL_AREA(#3822);
#3822 = FILL_AREA_STYLE('',(#3823));
#3823 = FILL_AREA_STYLE_COLOUR('',#3620);
#3824 = OVER_RIDING_STYLED_ITEM('overriding color',(#3825),#1029,#3603);
#3825 = PRESENTATION_STYLE_ASSIGNMENT((#3826));
#3826 = SURFACE_STYLE_USAGE(.BOTH.,#3827);
#3827 = SURFACE_SIDE_STYLE('',(#3828));
#3828 = SURFACE_STYLE_FILL_AREA(#3829);
#3829 = FILL_AREA_STYLE('',(#3830));
#3830 = FILL_AREA_STYLE_COLOUR('',#3620);
#3831 = OVER_RIDING_STYLED_ITEM('overriding color',(#3832),#1071,#3603);
#3832 = PRESENTATION_STYLE_ASSIGNMENT((#3833));
#3833 = SURFACE_STYLE_USAGE(.BOTH.,#3834);
#3834 = SURFACE_SIDE_STYLE('',(#3835));
#3835 = SURFACE_STYLE_FILL_AREA(#3836);
#3836 = FILL_AREA_STYLE('',(#3837));
#3837 = FILL_AREA_STYLE_COLOUR('',#3620);
#3838 = OVER_RIDING_STYLED_ITEM('overriding color',(#3839),#1095,#3603);
#3839 = PRESENTATION_STYLE_ASSIGNMENT((#3840));
#3840 = SURFACE_STYLE_USAGE(.BOTH.,#3841);
#3841 = SURFACE_SIDE_STYLE('',(#3842));
#3842 = SURFACE_STYLE_FILL_AREA(#3843);
#3843 = FILL_AREA_STYLE('',(#3844));
#3844 = FILL_AREA_STYLE_COLOUR('',#3620);
#3845 = OVER_RIDING_STYLED_ITEM('overriding color',(#3846),#1137,#3603);
#3846 = PRESENTATION_STYLE_ASSIGNMENT((#3847));
#3847 = SURFACE_STYLE_USAGE(.BOTH.,#3848);
#3848 = SURFACE_SIDE_STYLE('',(#3849));
#3849 = SURFACE_STYLE_FILL_AREA(#3850);
#3850 = FILL_AREA_STYLE('',(#3851));
#3851 = FILL_AREA_STYLE_COLOUR('',#3620);
#3852 = OVER_RIDING_STYLED_ITEM('overriding color',(#3853),#1161,#3603);
#3853 = PRESENTATION_STYLE_ASSIGNMENT((#3854));
#3854 = SURFACE_STYLE_USAGE(.BOTH.,#3855);
#3855 = SURFACE_SIDE_STYLE('',(#3856));
#3856 = SURFACE_STYLE_FILL_AREA(#3857);
#3857 = FILL_AREA_STYLE('',(#3858));
#3858 = FILL_AREA_STYLE_COLOUR('',#3620);
#3859 = OVER_RIDING_STYLED_ITEM('overriding color',(#3860),#1201,#3603);
#3860 = PRESENTATION_STYLE_ASSIGNMENT((#3861));
#3861 = SURFACE_STYLE_USAGE(.BOTH.,#3862);
#3862 = SURFACE_SIDE_STYLE('',(#3863));
#3863 = SURFACE_STYLE_FILL_AREA(#3864);
#3864 = FILL_AREA_STYLE('',(#3865));
#3865 = FILL_AREA_STYLE_COLOUR('',#3620);
#3866 = OVER_RIDING_STYLED_ITEM('overriding color',(#3867),#1234,#3603);
#3867 = PRESENTATION_STYLE_ASSIGNMENT((#3868));
#3868 = SURFACE_STYLE_USAGE(.BOTH.,#3869);
#3869 = SURFACE_SIDE_STYLE('',(#3870));
#3870 = SURFACE_STYLE_FILL_AREA(#3871);
#3871 = FILL_AREA_STYLE('',(#3872));
#3872 = FILL_AREA_STYLE_COLOUR('',#3620);
#3873 = OVER_RIDING_STYLED_ITEM('overriding color',(#3874),#1265,#3603);
#3874 = PRESENTATION_STYLE_ASSIGNMENT((#3875));
#3875 = SURFACE_STYLE_USAGE(.BOTH.,#3876);
#3876 = SURFACE_SIDE_STYLE('',(#3877));
#3877 = SURFACE_STYLE_FILL_AREA(#3878);
#3878 = FILL_AREA_STYLE('',(#3879));
#3879 = FILL_AREA_STYLE_COLOUR('',#3620);
#3880 = OVER_RIDING_STYLED_ITEM('overriding color',(#3881),#1289,#3603);
#3881 = PRESENTATION_STYLE_ASSIGNMENT((#3882));
#3882 = SURFACE_STYLE_USAGE(.BOTH.,#3883);
#3883 = SURFACE_SIDE_STYLE('',(#3884));
#3884 = SURFACE_STYLE_FILL_AREA(#3885);
#3885 = FILL_AREA_STYLE('',(#3886));
#3886 = FILL_AREA_STYLE_COLOUR('',#3620);
#3887 = OVER_RIDING_STYLED_ITEM('overriding color',(#3888),#1329,#3603);
#3888 = PRESENTATION_STYLE_ASSIGNMENT((#3889));
#3889 = SURFACE_STYLE_USAGE(.BOTH.,#3890);
#3890 = SURFACE_SIDE_STYLE('',(#3891));
#3891 = SURFACE_STYLE_FILL_AREA(#3892);
#3892 = FILL_AREA_STYLE('',(#3893));
#3893 = FILL_AREA_STYLE_COLOUR('',#3620);
#3894 = OVER_RIDING_STYLED_ITEM('overriding color',(#3895),#1362,#3603);
#3895 = PRESENTATION_STYLE_ASSIGNMENT((#3896));
#3896 = SURFACE_STYLE_USAGE(.BOTH.,#3897);
#3897 = SURFACE_SIDE_STYLE('',(#3898));
#3898 = SURFACE_STYLE_FILL_AREA(#3899);
#3899 = FILL_AREA_STYLE('',(#3900));
#3900 = FILL_AREA_STYLE_COLOUR('',#3620);
#3901 = OVER_RIDING_STYLED_ITEM('overriding color',(#3902),#1393,#3603);
#3902 = PRESENTATION_STYLE_ASSIGNMENT((#3903));
#3903 = SURFACE_STYLE_USAGE(.BOTH.,#3904);
#3904 = SURFACE_SIDE_STYLE('',(#3905));
#3905 = SURFACE_STYLE_FILL_AREA(#3906);
#3906 = FILL_AREA_STYLE('',(#3907));
#3907 = FILL_AREA_STYLE_COLOUR('',#3620);
#3908 = OVER_RIDING_STYLED_ITEM('overriding color',(#3909),#1417,#3603);
#3909 = PRESENTATION_STYLE_ASSIGNMENT((#3910));
#3910 = SURFACE_STYLE_USAGE(.BOTH.,#3911);
#3911 = SURFACE_SIDE_STYLE('',(#3912));
#3912 = SURFACE_STYLE_FILL_AREA(#3913);
#3913 = FILL_AREA_STYLE('',(#3914));
#3914 = FILL_AREA_STYLE_COLOUR('',#3620);
#3915 = OVER_RIDING_STYLED_ITEM('overriding color',(#3916),#1459,#3603);
#3916 = PRESENTATION_STYLE_ASSIGNMENT((#3917));
#3917 = SURFACE_STYLE_USAGE(.BOTH.,#3918);
#3918 = SURFACE_SIDE_STYLE('',(#3919));
#3919 = SURFACE_STYLE_FILL_AREA(#3920);
#3920 = FILL_AREA_STYLE('',(#3921));
#3921 = FILL_AREA_STYLE_COLOUR('',#3620);
#3922 = OVER_RIDING_STYLED_ITEM('overriding color',(#3923),#1483,#3603);
#3923 = PRESENTATION_STYLE_ASSIGNMENT((#3924));
#3924 = SURFACE_STYLE_USAGE(.BOTH.,#3925);
#3925 = SURFACE_SIDE_STYLE('',(#3926));
#3926 = SURFACE_STYLE_FILL_AREA(#3927);
#3927 = FILL_AREA_STYLE('',(#3928));
#3928 = FILL_AREA_STYLE_COLOUR('',#3620);
#3929 = OVER_RIDING_STYLED_ITEM('overriding color',(#3930),#1525,#3603);
#3930 = PRESENTATION_STYLE_ASSIGNMENT((#3931));
#3931 = SURFACE_STYLE_USAGE(.BOTH.,#3932);
#3932 = SURFACE_SIDE_STYLE('',(#3933));
#3933 = SURFACE_STYLE_FILL_AREA(#3934);
#3934 = FILL_AREA_STYLE('',(#3935));
#3935 = FILL_AREA_STYLE_COLOUR('',#3620);
#3936 = OVER_RIDING_STYLED_ITEM('overriding color',(#3937),#1549,#3603);
#3937 = PRESENTATION_STYLE_ASSIGNMENT((#3938));
#3938 = SURFACE_STYLE_USAGE(.BOTH.,#3939);
#3939 = SURFACE_SIDE_STYLE('',(#3940));
#3940 = SURFACE_STYLE_FILL_AREA(#3941);
#3941 = FILL_AREA_STYLE('',(#3942));
#3942 = FILL_AREA_STYLE_COLOUR('',#3620);
#3943 = OVER_RIDING_STYLED_ITEM('overriding color',(#3944),#1591,#3603);
#3944 = PRESENTATION_STYLE_ASSIGNMENT((#3945));
#3945 = SURFACE_STYLE_USAGE(.BOTH.,#3946);
#3946 = SURFACE_SIDE_STYLE('',(#3947));
#3947 = SURFACE_STYLE_FILL_AREA(#3948);
#3948 = FILL_AREA_STYLE('',(#3949));
#3949 = FILL_AREA_STYLE_COLOUR('',#3620);
#3950 = OVER_RIDING_STYLED_ITEM('overriding color',(#3951),#1615,#3603);
#3951 = PRESENTATION_STYLE_ASSIGNMENT((#3952));
#3952 = SURFACE_STYLE_USAGE(.BOTH.,#3953);
#3953 = SURFACE_SIDE_STYLE('',(#3954));
#3954 = SURFACE_STYLE_FILL_AREA(#3955);
#3955 = FILL_AREA_STYLE('',(#3956));
#3956 = FILL_AREA_STYLE_COLOUR('',#3620);
#3957 = OVER_RIDING_STYLED_ITEM('overriding color',(#3958),#1655,#3603);
#3958 = PRESENTATION_STYLE_ASSIGNMENT((#3959));
#3959 = SURFACE_STYLE_USAGE(.BOTH.,#3960);
#3960 = SURFACE_SIDE_STYLE('',(#3961));
#3961 = SURFACE_STYLE_FILL_AREA(#3962);
#3962 = FILL_AREA_STYLE('',(#3963));
#3963 = FILL_AREA_STYLE_COLOUR('',#3620);
#3964 = OVER_RIDING_STYLED_ITEM('overriding color',(#3965),#1688,#3603);
#3965 = PRESENTATION_STYLE_ASSIGNMENT((#3966));
#3966 = SURFACE_STYLE_USAGE(.BOTH.,#3967);
#3967 = SURFACE_SIDE_STYLE('',(#3968));
#3968 = SURFACE_STYLE_FILL_AREA(#3969);
#3969 = FILL_AREA_STYLE('',(#3970));
#3970 = FILL_AREA_STYLE_COLOUR('',#3620);
#3971 = OVER_RIDING_STYLED_ITEM('overriding color',(#3972),#1719,#3603);
#3972 = PRESENTATION_STYLE_ASSIGNMENT((#3973));
#3973 = SURFACE_STYLE_USAGE(.BOTH.,#3974);
#3974 = SURFACE_SIDE_STYLE('',(#3975));
#3975 = SURFACE_STYLE_FILL_AREA(#3976);
#3976 = FILL_AREA_STYLE('',(#3977));
#3977 = FILL_AREA_STYLE_COLOUR('',#3620);
#3978 = OVER_RIDING_STYLED_ITEM('overriding color',(#3979),#1743,#3603);
#3979 = PRESENTATION_STYLE_ASSIGNMENT((#3980));
#3980 = SURFACE_STYLE_USAGE(.BOTH.,#3981);
#3981 = SURFACE_SIDE_STYLE('',(#3982));
#3982 = SURFACE_STYLE_FILL_AREA(#3983);
#3983 = FILL_AREA_STYLE('',(#3984));
#3984 = FILL_AREA_STYLE_COLOUR('',#3620);
#3985 = OVER_RIDING_STYLED_ITEM('overriding color',(#3986),#1783,#3603);
#3986 = PRESENTATION_STYLE_ASSIGNMENT((#3987));
#3987 = SURFACE_STYLE_USAGE(.BOTH.,#3988);
#3988 = SURFACE_SIDE_STYLE('',(#3989));
#3989 = SURFACE_STYLE_FILL_AREA(#3990);
#3990 = FILL_AREA_STYLE('',(#3991));
#3991 = FILL_AREA_STYLE_COLOUR('',#3620);
#3992 = OVER_RIDING_STYLED_ITEM('overriding color',(#3993),#1816,#3603);
#3993 = PRESENTATION_STYLE_ASSIGNMENT((#3994));
#3994 = SURFACE_STYLE_USAGE(.BOTH.,#3995);
#3995 = SURFACE_SIDE_STYLE('',(#3996));
#3996 = SURFACE_STYLE_FILL_AREA(#3997);
#3997 = FILL_AREA_STYLE('',(#3998));
#3998 = FILL_AREA_STYLE_COLOUR('',#3620);
#3999 = OVER_RIDING_STYLED_ITEM('overriding color',(#4000),#1847,#3603);
#4000 = PRESENTATION_STYLE_ASSIGNMENT((#4001));
#4001 = SURFACE_STYLE_USAGE(.BOTH.,#4002);
#4002 = SURFACE_SIDE_STYLE('',(#4003));
#4003 = SURFACE_STYLE_FILL_AREA(#4004);
#4004 = FILL_AREA_STYLE('',(#4005));
#4005 = FILL_AREA_STYLE_COLOUR('',#3620);
#4006 = OVER_RIDING_STYLED_ITEM('overriding color',(#4007),#1871,#3603);
#4007 = PRESENTATION_STYLE_ASSIGNMENT((#4008));
#4008 = SURFACE_STYLE_USAGE(.BOTH.,#4009);
#4009 = SURFACE_SIDE_STYLE('',(#4010));
#4010 = SURFACE_STYLE_FILL_AREA(#4011);
#4011 = FILL_AREA_STYLE('',(#4012));
#4012 = FILL_AREA_STYLE_COLOUR('',#3620);
#4013 = OVER_RIDING_STYLED_ITEM('overriding color',(#4014),#1911,#3603);
#4014 = PRESENTATION_STYLE_ASSIGNMENT((#4015));
#4015 = SURFACE_STYLE_USAGE(.BOTH.,#4016);
#4016 = SURFACE_SIDE_STYLE('',(#4017));
#4017 = SURFACE_STYLE_FILL_AREA(#4018);
#4018 = FILL_AREA_STYLE('',(#4019));
#4019 = FILL_AREA_STYLE_COLOUR('',#3620);
#4020 = OVER_RIDING_STYLED_ITEM('overriding color',(#4021),#1944,#3603);
#4021 = PRESENTATION_STYLE_ASSIGNMENT((#4022));
#4022 = SURFACE_STYLE_USAGE(.BOTH.,#4023);
#4023 = SURFACE_SIDE_STYLE('',(#4024));
#4024 = SURFACE_STYLE_FILL_AREA(#4025);
#4025 = FILL_AREA_STYLE('',(#4026));
#4026 = FILL_AREA_STYLE_COLOUR('',#3620);
#4027 = OVER_RIDING_STYLED_ITEM('overriding color',(#4028),#1975,#3603);
#4028 = PRESENTATION_STYLE_ASSIGNMENT((#4029));
#4029 = SURFACE_STYLE_USAGE(.BOTH.,#4030);
#4030 = SURFACE_SIDE_STYLE('',(#4031));
#4031 = SURFACE_STYLE_FILL_AREA(#4032);
#4032 = FILL_AREA_STYLE('',(#4033));
#4033 = FILL_AREA_STYLE_COLOUR('',#3620);
#4034 = OVER_RIDING_STYLED_ITEM('overriding color',(#4035),#1999,#3603);
#4035 = PRESENTATION_STYLE_ASSIGNMENT((#4036));
#4036 = SURFACE_STYLE_USAGE(.BOTH.,#4037);
#4037 = SURFACE_SIDE_STYLE('',(#4038));
#4038 = SURFACE_STYLE_FILL_AREA(#4039);
#4039 = FILL_AREA_STYLE('',(#4040));
#4040 = FILL_AREA_STYLE_COLOUR('',#3620);
#4041 = OVER_RIDING_STYLED_ITEM('overriding color',(#4042),#2041,#3603);
#4042 = PRESENTATION_STYLE_ASSIGNMENT((#4043));
#4043 = SURFACE_STYLE_USAGE(.BOTH.,#4044);
#4044 = SURFACE_SIDE_STYLE('',(#4045));
#4045 = SURFACE_STYLE_FILL_AREA(#4046);
#4046 = FILL_AREA_STYLE('',(#4047));
#4047 = FILL_AREA_STYLE_COLOUR('',#3620);
#4048 = OVER_RIDING_STYLED_ITEM('overriding color',(#4049),#2065,#3603);
#4049 = PRESENTATION_STYLE_ASSIGNMENT((#4050));
#4050 = SURFACE_STYLE_USAGE(.BOTH.,#4051);
#4051 = SURFACE_SIDE_STYLE('',(#4052));
#4052 = SURFACE_STYLE_FILL_AREA(#4053);
#4053 = FILL_AREA_STYLE('',(#4054));
#4054 = FILL_AREA_STYLE_COLOUR('',#3620);
#4055 = OVER_RIDING_STYLED_ITEM('overriding color',(#4056),#2107,#3603);
#4056 = PRESENTATION_STYLE_ASSIGNMENT((#4057));
#4057 = SURFACE_STYLE_USAGE(.BOTH.,#4058);
#4058 = SURFACE_SIDE_STYLE('',(#4059));
#4059 = SURFACE_STYLE_FILL_AREA(#4060);
#4060 = FILL_AREA_STYLE('',(#4061));
#4061 = FILL_AREA_STYLE_COLOUR('',#3620);
#4062 = OVER_RIDING_STYLED_ITEM('overriding color',(#4063),#2131,#3603);
#4063 = PRESENTATION_STYLE_ASSIGNMENT((#4064));
#4064 = SURFACE_STYLE_USAGE(.BOTH.,#4065);
#4065 = SURFACE_SIDE_STYLE('',(#4066));
#4066 = SURFACE_STYLE_FILL_AREA(#4067);
#4067 = FILL_AREA_STYLE('',(#4068));
#4068 = FILL_AREA_STYLE_COLOUR('',#3620);
#4069 = OVER_RIDING_STYLED_ITEM('overriding color',(#4070),#2173,#3603);
#4070 = PRESENTATION_STYLE_ASSIGNMENT((#4071));
#4071 = SURFACE_STYLE_USAGE(.BOTH.,#4072);
#4072 = SURFACE_SIDE_STYLE('',(#4073));
#4073 = SURFACE_STYLE_FILL_AREA(#4074);
#4074 = FILL_AREA_STYLE('',(#4075));
#4075 = FILL_AREA_STYLE_COLOUR('',#3620);
#4076 = OVER_RIDING_STYLED_ITEM('overriding color',(#4077),#2204,#3603);
#4077 = PRESENTATION_STYLE_ASSIGNMENT((#4078));
#4078 = SURFACE_STYLE_USAGE(.BOTH.,#4079);
#4079 = SURFACE_SIDE_STYLE('',(#4080));
#4080 = SURFACE_STYLE_FILL_AREA(#4081);
#4081 = FILL_AREA_STYLE('',(#4082));
#4082 = FILL_AREA_STYLE_COLOUR('',#3620);
#4083 = OVER_RIDING_STYLED_ITEM('overriding color',(#4084),#2237,#3603);
#4084 = PRESENTATION_STYLE_ASSIGNMENT((#4085));
#4085 = SURFACE_STYLE_USAGE(.BOTH.,#4086);
#4086 = SURFACE_SIDE_STYLE('',(#4087));
#4087 = SURFACE_STYLE_FILL_AREA(#4088);
#4088 = FILL_AREA_STYLE('',(#4089));
#4089 = FILL_AREA_STYLE_COLOUR('',#3620);
#4090 = OVER_RIDING_STYLED_ITEM('overriding color',(#4091),#2259,#3603);
#4091 = PRESENTATION_STYLE_ASSIGNMENT((#4092));
#4092 = SURFACE_STYLE_USAGE(.BOTH.,#4093);
#4093 = SURFACE_SIDE_STYLE('',(#4094));
#4094 = SURFACE_STYLE_FILL_AREA(#4095);
#4095 = FILL_AREA_STYLE('',(#4096));
#4096 = FILL_AREA_STYLE_COLOUR('',#3620);
#4097 = OVER_RIDING_STYLED_ITEM('overriding color',(#4098),#2299,#3603);
#4098 = PRESENTATION_STYLE_ASSIGNMENT((#4099));
#4099 = SURFACE_STYLE_USAGE(.BOTH.,#4100);
#4100 = SURFACE_SIDE_STYLE('',(#4101));
#4101 = SURFACE_STYLE_FILL_AREA(#4102);
#4102 = FILL_AREA_STYLE('',(#4103));
#4103 = FILL_AREA_STYLE_COLOUR('',#3620);
#4104 = OVER_RIDING_STYLED_ITEM('overriding color',(#4105),#2332,#3603);
#4105 = PRESENTATION_STYLE_ASSIGNMENT((#4106));
#4106 = SURFACE_STYLE_USAGE(.BOTH.,#4107);
#4107 = SURFACE_SIDE_STYLE('',(#4108));
#4108 = SURFACE_STYLE_FILL_AREA(#4109);
#4109 = FILL_AREA_STYLE('',(#4110));
#4110 = FILL_AREA_STYLE_COLOUR('',#3620);
#4111 = OVER_RIDING_STYLED_ITEM('overriding color',(#4112),#2363,#3603);
#4112 = PRESENTATION_STYLE_ASSIGNMENT((#4113));
#4113 = SURFACE_STYLE_USAGE(.BOTH.,#4114);
#4114 = SURFACE_SIDE_STYLE('',(#4115));
#4115 = SURFACE_STYLE_FILL_AREA(#4116);
#4116 = FILL_AREA_STYLE('',(#4117));
#4117 = FILL_AREA_STYLE_COLOUR('',#3620);
#4118 = OVER_RIDING_STYLED_ITEM('overriding color',(#4119),#2387,#3603);
#4119 = PRESENTATION_STYLE_ASSIGNMENT((#4120));
#4120 = SURFACE_STYLE_USAGE(.BOTH.,#4121);
#4121 = SURFACE_SIDE_STYLE('',(#4122));
#4122 = SURFACE_STYLE_FILL_AREA(#4123);
#4123 = FILL_AREA_STYLE('',(#4124));
#4124 = FILL_AREA_STYLE_COLOUR('',#3620);
#4125 = OVER_RIDING_STYLED_ITEM('overriding color',(#4126),#2427,#3603);
#4126 = PRESENTATION_STYLE_ASSIGNMENT((#4127));
#4127 = SURFACE_STYLE_USAGE(.BOTH.,#4128);
#4128 = SURFACE_SIDE_STYLE('',(#4129));
#4129 = SURFACE_STYLE_FILL_AREA(#4130);
#4130 = FILL_AREA_STYLE('',(#4131));
#4131 = FILL_AREA_STYLE_COLOUR('',#3620);
#4132 = OVER_RIDING_STYLED_ITEM('overriding color',(#4133),#2460,#3603);
#4133 = PRESENTATION_STYLE_ASSIGNMENT((#4134));
#4134 = SURFACE_STYLE_USAGE(.BOTH.,#4135);
#4135 = SURFACE_SIDE_STYLE('',(#4136));
#4136 = SURFACE_STYLE_FILL_AREA(#4137);
#4137 = FILL_AREA_STYLE('',(#4138));
#4138 = FILL_AREA_STYLE_COLOUR('',#3620);
#4139 = OVER_RIDING_STYLED_ITEM('overriding color',(#4140),#2491,#3603);
#4140 = PRESENTATION_STYLE_ASSIGNMENT((#4141));
#4141 = SURFACE_STYLE_USAGE(.BOTH.,#4142);
#4142 = SURFACE_SIDE_STYLE('',(#4143));
#4143 = SURFACE_STYLE_FILL_AREA(#4144);
#4144 = FILL_AREA_STYLE('',(#4145));
#4145 = FILL_AREA_STYLE_COLOUR('',#3620);
#4146 = OVER_RIDING_STYLED_ITEM('overriding color',(#4147),#2515,#3603);
#4147 = PRESENTATION_STYLE_ASSIGNMENT((#4148));
#4148 = SURFACE_STYLE_USAGE(.BOTH.,#4149);
#4149 = SURFACE_SIDE_STYLE('',(#4150));
#4150 = SURFACE_STYLE_FILL_AREA(#4151);
#4151 = FILL_AREA_STYLE('',(#4152));
#4152 = FILL_AREA_STYLE_COLOUR('',#3620);
#4153 = OVER_RIDING_STYLED_ITEM('overriding color',(#4154),#2557,#3603);
#4154 = PRESENTATION_STYLE_ASSIGNMENT((#4155));
#4155 = SURFACE_STYLE_USAGE(.BOTH.,#4156);
#4156 = SURFACE_SIDE_STYLE('',(#4157));
#4157 = SURFACE_STYLE_FILL_AREA(#4158);
#4158 = FILL_AREA_STYLE('',(#4159));
#4159 = FILL_AREA_STYLE_COLOUR('',#3620);
#4160 = OVER_RIDING_STYLED_ITEM('overriding color',(#4161),#2581,#3603);
#4161 = PRESENTATION_STYLE_ASSIGNMENT((#4162));
#4162 = SURFACE_STYLE_USAGE(.BOTH.,#4163);
#4163 = SURFACE_SIDE_STYLE('',(#4164));
#4164 = SURFACE_STYLE_FILL_AREA(#4165);
#4165 = FILL_AREA_STYLE('',(#4166));
#4166 = FILL_AREA_STYLE_COLOUR('',#3620);
#4167 = OVER_RIDING_STYLED_ITEM('overriding color',(#4168),#2623,#3603);
#4168 = PRESENTATION_STYLE_ASSIGNMENT((#4169));
#4169 = SURFACE_STYLE_USAGE(.BOTH.,#4170);
#4170 = SURFACE_SIDE_STYLE('',(#4171));
#4171 = SURFACE_STYLE_FILL_AREA(#4172);
#4172 = FILL_AREA_STYLE('',(#4173));
#4173 = FILL_AREA_STYLE_COLOUR('',#3620);
#4174 = OVER_RIDING_STYLED_ITEM('overriding color',(#4175),#2647,#3603);
#4175 = PRESENTATION_STYLE_ASSIGNMENT((#4176));
#4176 = SURFACE_STYLE_USAGE(.BOTH.,#4177);
#4177 = SURFACE_SIDE_STYLE('',(#4178));
#4178 = SURFACE_STYLE_FILL_AREA(#4179);
#4179 = FILL_AREA_STYLE('',(#4180));
#4180 = FILL_AREA_STYLE_COLOUR('',#3620);
#4181 = OVER_RIDING_STYLED_ITEM('overriding color',(#4182),#2689,#3603);
#4182 = PRESENTATION_STYLE_ASSIGNMENT((#4183));
#4183 = SURFACE_STYLE_USAGE(.BOTH.,#4184);
#4184 = SURFACE_SIDE_STYLE('',(#4185));
#4185 = SURFACE_STYLE_FILL_AREA(#4186);
#4186 = FILL_AREA_STYLE('',(#4187));
#4187 = FILL_AREA_STYLE_COLOUR('',#3620);
#4188 = OVER_RIDING_STYLED_ITEM('overriding color',(#4189),#2713,#3603);
#4189 = PRESENTATION_STYLE_ASSIGNMENT((#4190));
#4190 = SURFACE_STYLE_USAGE(.BOTH.,#4191);
#4191 = SURFACE_SIDE_STYLE('',(#4192));
#4192 = SURFACE_STYLE_FILL_AREA(#4193);
#4193 = FILL_AREA_STYLE('',(#4194));
#4194 = FILL_AREA_STYLE_COLOUR('',#3620);
#4195 = OVER_RIDING_STYLED_ITEM('overriding color',(#4196),#2755,#3603);
#4196 = PRESENTATION_STYLE_ASSIGNMENT((#4197));
#4197 = SURFACE_STYLE_USAGE(.BOTH.,#4198);
#4198 = SURFACE_SIDE_STYLE('',(#4199));
#4199 = SURFACE_STYLE_FILL_AREA(#4200);
#4200 = FILL_AREA_STYLE('',(#4201));
#4201 = FILL_AREA_STYLE_COLOUR('',#3620);
#4202 = OVER_RIDING_STYLED_ITEM('overriding color',(#4203),#2779,#3603);
#4203 = PRESENTATION_STYLE_ASSIGNMENT((#4204));
#4204 = SURFACE_STYLE_USAGE(.BOTH.,#4205);
#4205 = SURFACE_SIDE_STYLE('',(#4206));
#4206 = SURFACE_STYLE_FILL_AREA(#4207);
#4207 = FILL_AREA_STYLE('',(#4208));
#4208 = FILL_AREA_STYLE_COLOUR('',#3620);
#4209 = OVER_RIDING_STYLED_ITEM('overriding color',(#4210),#2821,#3603);
#4210 = PRESENTATION_STYLE_ASSIGNMENT((#4211));
#4211 = SURFACE_STYLE_USAGE(.BOTH.,#4212);
#4212 = SURFACE_SIDE_STYLE('',(#4213));
#4213 = SURFACE_STYLE_FILL_AREA(#4214);
#4214 = FILL_AREA_STYLE('',(#4215));
#4215 = FILL_AREA_STYLE_COLOUR('',#3620);
#4216 = OVER_RIDING_STYLED_ITEM('overriding color',(#4217),#2845,#3603);
#4217 = PRESENTATION_STYLE_ASSIGNMENT((#4218));
#4218 = SURFACE_STYLE_USAGE(.BOTH.,#4219);
#4219 = SURFACE_SIDE_STYLE('',(#4220));
#4220 = SURFACE_STYLE_FILL_AREA(#4221);
#4221 = FILL_AREA_STYLE('',(#4222));
#4222 = FILL_AREA_STYLE_COLOUR('',#3620);
#4223 = OVER_RIDING_STYLED_ITEM('overriding color',(#4224),#2887,#3603);
#4224 = PRESENTATION_STYLE_ASSIGNMENT((#4225));
#4225 = SURFACE_STYLE_USAGE(.BOTH.,#4226);
#4226 = SURFACE_SIDE_STYLE('',(#4227));
#4227 = SURFACE_STYLE_FILL_AREA(#4228);
#4228 = FILL_AREA_STYLE('',(#4229));
#4229 = FILL_AREA_STYLE_COLOUR('',#3620);
#4230 = OVER_RIDING_STYLED_ITEM('overriding color',(#4231),#2911,#3603);
#4231 = PRESENTATION_STYLE_ASSIGNMENT((#4232));
#4232 = SURFACE_STYLE_USAGE(.BOTH.,#4233);
#4233 = SURFACE_SIDE_STYLE('',(#4234));
#4234 = SURFACE_STYLE_FILL_AREA(#4235);
#4235 = FILL_AREA_STYLE('',(#4236));
#4236 = FILL_AREA_STYLE_COLOUR('',#3620);
#4237 = OVER_RIDING_STYLED_ITEM('overriding color',(#4238),#2951,#3603);
#4238 = PRESENTATION_STYLE_ASSIGNMENT((#4239));
#4239 = SURFACE_STYLE_USAGE(.BOTH.,#4240);
#4240 = SURFACE_SIDE_STYLE('',(#4241));
#4241 = SURFACE_STYLE_FILL_AREA(#4242);
#4242 = FILL_AREA_STYLE('',(#4243));
#4243 = FILL_AREA_STYLE_COLOUR('',#3620);
#4244 = OVER_RIDING_STYLED_ITEM('overriding color',(#4245),#2984,#3603);
#4245 = PRESENTATION_STYLE_ASSIGNMENT((#4246));
#4246 = SURFACE_STYLE_USAGE(.BOTH.,#4247);
#4247 = SURFACE_SIDE_STYLE('',(#4248));
#4248 = SURFACE_STYLE_FILL_AREA(#4249);
#4249 = FILL_AREA_STYLE('',(#4250));
#4250 = FILL_AREA_STYLE_COLOUR('',#3620);
#4251 = OVER_RIDING_STYLED_ITEM('overriding color',(#4252),#3015,#3603);
#4252 = PRESENTATION_STYLE_ASSIGNMENT((#4253));
#4253 = SURFACE_STYLE_USAGE(.BOTH.,#4254);
#4254 = SURFACE_SIDE_STYLE('',(#4255));
#4255 = SURFACE_STYLE_FILL_AREA(#4256);
#4256 = FILL_AREA_STYLE('',(#4257));
#4257 = FILL_AREA_STYLE_COLOUR('',#3620);
#4258 = OVER_RIDING_STYLED_ITEM('overriding color',(#4259),#3039,#3603);
#4259 = PRESENTATION_STYLE_ASSIGNMENT((#4260));
#4260 = SURFACE_STYLE_USAGE(.BOTH.,#4261);
#4261 = SURFACE_SIDE_STYLE('',(#4262));
#4262 = SURFACE_STYLE_FILL_AREA(#4263);
#4263 = FILL_AREA_STYLE('',(#4264));
#4264 = FILL_AREA_STYLE_COLOUR('',#3620);
#4265 = OVER_RIDING_STYLED_ITEM('overriding color',(#4266),#3079,#3603);
#4266 = PRESENTATION_STYLE_ASSIGNMENT((#4267));
#4267 = SURFACE_STYLE_USAGE(.BOTH.,#4268);
#4268 = SURFACE_SIDE_STYLE('',(#4269));
#4269 = SURFACE_STYLE_FILL_AREA(#4270);
#4270 = FILL_AREA_STYLE('',(#4271));
#4271 = FILL_AREA_STYLE_COLOUR('',#3620);
#4272 = OVER_RIDING_STYLED_ITEM('overriding color',(#4273),#3112,#3603);
#4273 = PRESENTATION_STYLE_ASSIGNMENT((#4274));
#4274 = SURFACE_STYLE_USAGE(.BOTH.,#4275);
#4275 = SURFACE_SIDE_STYLE('',(#4276));
#4276 = SURFACE_STYLE_FILL_AREA(#4277);
#4277 = FILL_AREA_STYLE('',(#4278));
#4278 = FILL_AREA_STYLE_COLOUR('',#3620);
#4279 = OVER_RIDING_STYLED_ITEM('overriding color',(#4280),#3143,#3603);
#4280 = PRESENTATION_STYLE_ASSIGNMENT((#4281));
#4281 = SURFACE_STYLE_USAGE(.BOTH.,#4282);
#4282 = SURFACE_SIDE_STYLE('',(#4283));
#4283 = SURFACE_STYLE_FILL_AREA(#4284);
#4284 = FILL_AREA_STYLE('',(#4285));
#4285 = FILL_AREA_STYLE_COLOUR('',#3620);


ENDSEC;
END-ISO-10303-21;