:020000040800F2
:10000000980E0020A10100087D530008692A00080D
:10001000CD400008F5120008AD5D000800000000AA
:100020000000000000000000000000005156000821
:10003000F712000800000000F5540008C956000837
:10004000BB010008BB010008BB010008BB010008A0
:10005000BB010008BB010008BB010008BB01000890
:10006000BB010008BB010008BB010008BB01000880
:10007000BB010008BB010008BB010008BB01000870
:10008000BB010008BB010008BB010008BB01000860
:10009000BB010008BB010008BB010008BB01000850
:1000A000BB010008BB010008BB010008BB01000840
:1000B000BB010008BB010008BB010008BB01000830
:1000C000BB010008BB010008BB010008BB01000820
:1000D000BB010008F55C0008095D0008BB010008D1
:1000E000BB010008BB010008BB010008BB01000800
:1000F000BB010008BB010008BB010008BB010008F0
:10010000BB010008BB010008BB010008BB010008DF
:10011000BB010008BB010008155800083958000849
:10012000BB010008BB010008BB010008BB010008BF
:10013000BB010008BB010008BB010008BB010008AF
:10014000BB010008BB010008BB010008BB0100089F
:10015000BB010008BB010008BB010008BB0100088F
:10016000BB010008BB010008BB010008BB0100087F
:10017000BB010008BB010008BB0100080000000033
:10018000BB010008BB010008DFF810D000F03CFE06
:1001900000480047298A0008AFF30080980E00202D
:1001A0000648804706480047FEE7FEE7FEE7FEE711
:1001B000FEE7FEE7FEE7FEE7FEE7FEE7655700081D
:1001C000890100082DE9F05F0546002092469B4614
:1001D00088460646814640241BE02846414647465D
:1001E000224600F014FB53465A46C01A914110D3E0
:1001F00011461846224600F0FBFA2D1A67EB01085B
:100200004F4622460120002100F0F2FA17EB0009C8
:100210004E41201EA4F10104DFDC484631462A4647
:100220004346BDE8F09FD2B201E000F8012B491E21
:10023000FBD270470022F6E710B513460A46044683
:100240001946FFF7F0FF204610BD30B505460020E7
:10025000034600E05B1C934205D2EC5CC85C201AAC
:1002600001D1002CF6D130BD0FB400B58DB010A96E
:1002700009900B9000914FF0FF300A9000200C90F5
:1002800005480690054807906A4609A80F9900F0AE
:10029000E3FA0DB05DF814FB750800089308000838
:1002A0002DE9FF5F1D464FF0FF3BD5E90146914622
:1002B0005F464FF00008A9697F1C01988847296AAA
:1002C000824688470028F6D1BAF1FF3F0CD024F4CB
:1002D000C064002E19DD600614D5BAF12B0F09D0C9
:1002E000BAF12D0F0ED103E0584604B0BDE8F09FDF
:1002F00044F48064A9697F1C01988847761E824671
:10030000002E02DDBAF1300F03D0B9F1000F26D074
:1003100032E0A969761E44F400747F1C0198884776
:100320008246002E05DDBAF1780F06D0BAF1580FDB
:1003300003D0B9F1000F10D01EE0B9F1000F02D0C8
:10034000B9F1100F18D1A969761E24F400747F1C2E
:10035000019888478246102002E0082000E00A2029
:10036000814609E008FB0908A969761E44F4007477
:100370007F1C019888478246002E05DD494650467D
:1003800000F055FA0028EDDAE96901988847A005E0
:1003900002D46FF00100A8E7E00725D1600613D56D
:1003A000600502D5C8F1000000E0404629680A1D3A
:1003B0002A600968220501D5087015E0220701D5D9
:1003C000088011E008600FE02868011D29600068BE
:1003D000210502D580F8008006E0210702D5A0F8AB
:1003E000008001E0C0F8008038467EE72DE9FF4F2D
:1003F000087883B09946FF2805D0491C2D2804D0E1
:100400000024002008E000200BE00124F9E700EBC5
:10041000800003EB4000491C0B78FF2BF7D104B19F
:10042000404200230293147819461D462D2C01D01A
:100430002B2C04D1521C2D2C13D000240294AA463C
:100440001478FF2C0FD00A25A3FB057801FB05814A
:100450004FF0000C03FB0C11521CE3194AEB010195
:10046000EEE70124EAE7814453EA010002D019F5DE
:10047000C87F06DA03980021C0E9001107B0BDE883
:10048000F08F0025AE4E2F46DFF8B882184600F0F8
:100490007FFCCDE90001B9F1000002DAC9F10004E6
:1004A00000E004460023A74A1AEB030B42EB045A70
:1004B00012E0E00707D02A4633463846414600F0AE
:1004C00086FB074688462A4633461046194600F002
:1004D0007EFB05460E466410002CEAD1DDE90001E2
:1004E000B9F1000F5A46534606DA00F0E2FB3A46ED
:1004F000434600F0DEFB05E000F069FB3A46434668
:1005000000F065FB029A0AB181F00041039AC2E94A
:100510000001B3E72DE9FF4F1F468DB0D7E9014633
:100520004FF0FF382E2045464FF000090B90B96977
:100530006D1C0E988847396A824688470028F6D194
:10054000BAF1FF3F0AD024F4D064002E11DDBAF1D5
:100550002B0F08D0BAF12D0F0BD102E0404611B09D
:100560008DE744F48064B9696D1C0E988847824613
:10057000761E6946600501D52D2000E02B208DF800
:10058000000001F1010B0DF1200809E0B9696D1CB3
:100590000E98884782460F9844F40074761E0560D2
:1005A000002E02DDBAF1300FF0D00B998A453ED112
:1005B00044F0800406E00F99681CA9F1010944F495
:1005C00000740860B9696D1C761E0E9888478246D3
:1005D0003028F0D02BE00B998A4505D1200603D4B2
:1005E00044F08004761E18E0504606F019F908B36E
:1005F0000DF11301761E44F400748B4508D2AAF164
:1006000030000BF8010B200607D5A9F1010003E02B
:10061000200602D409F101008146A00502D50F99F8
:10062000681C0860B9696D1C0E9888478246002EC8
:10063000D1DC53E0002E51DDBAF1650F02D0BAF1E2
:10064000450F4BD1A00549D5B9696D1C24F4407400
:10065000761E0E9888478246002E0CDD2B2804D08B
:10066000BAF12D0F07D144F48074B9696D1C0E984E
:1006700088478246761EE00501D52D2100E02B211A
:1006800008F8011BCDF82C8021E00DF12901761E20
:1006900044F4007488450CD2AAF1300010F0FF0039
:1006A00088F8000002D10B99884509D908F10108A2
:1006B00006E0E00501D5244801E042F20F708146D2
:1006C000B9696D1C0E98884782460F980560002E08
:1006D00004DD504606F0A4F80028D6D1F9690E983A
:1006E0008847FF208BF8000088F800000020069063
:1006F00007904B466A4608A906A8FFF777FEA005B3
:1007000002D46FF001002AE714F0240F0AD0E007AA
:1007100014D1DDE906123868031D3B600068C0E9AA
:1007200000120BE0DDE9060100F030F80146E007B9
:1007300004D13868021D3A600068016028460EE75F
:10074000000014400000F03FF1D8FFFF70B50646EE
:1007500005F062FB046805460A220021304600F0DD
:10076000F7F82C6070BD00F0004230F000400AD075
:10077000C10D01F56071C0F3160042EA0151C208D3
:1007800040071143704700200146704701F00043C5
:1007900030B421F0004150EA010206D00A0DA2F562
:1007A0006072C1F31301002A02DC30BC00207047E4
:1007B000440F44EAC104C100E01830BC00EBC25051
:1007C00000F0FEB830B50B4601460020202201247F
:1007D00009E021FA02F59D4205D303FA02F5491B0F
:1007E00004FA02F52844151EA2F10102F1DC30BD25
:1007F000202A04DB203A00FA02F1002070479140E1
:10080000C2F1200320FA03F3194390407047202AD5
:1008100004DB203A21FA02F00021704721FA02F3AA
:10082000D040C2F1200291400843194670473A284F
:1008300000D2303820F02002412A01D3A2F1370043
:10084000884201D34FF0FF30704700000268114426
:100850001378016018467047D1600449516104491A
:10086000116200211161114600F000BB4D08000823
:10087000590E0008426842B1016811F8013B23B1EA
:10088000521EC0E90012184670470121C160881E3F
:10089000704742685AB1C368016843B983688B42A4
:1008A00005D0491E521CC0E90012002070474FF0CD
:1008B000FF3070470FB4002300B589B00CA9009138
:1008C0000B996FF00042CB601E4B06931E4B0793B3
:1008D0000423CDE901321D4A089202466B460020EE
:1008E000FFF718FE09B05DF814FB70B586B0064638
:1008F0004FF0FF300091CDE90101002015460C4674
:1009000004903246694604A8FFF7D4FF02460498D3
:10091000211825B108B1084600E020462860049857
:1009200000280DD0002A02DD0098884208D0081B5C
:100930000094CDE901043246694604A8FFF7BAFFE6
:1009400006B070BD7508000893080008590E00082D
:100950002DE9F04791460F4680460446002614F8DC
:10096000015B2DB100F074FA0068405DC007F6D15C
:100970002B2D02D02D2D18D0641E4A463946204614
:1009800000F00CFC27B13968A14201D1C7F8008002
:1009900071054FF002040BD54042002803DD05F03D
:1009A0003BFA0460A007BDE8F08746F48066E4E700
:1009B0000028F8DA05F030FA04606FF00040F2E742
:1009C0000029A8BF7047401C490008BF20F0010063
:1009D000704710B4B0FA80FC00FA0CF050EA010441
:1009E00004BF10BC704749B1CCF1200421FA04F4D3
:1009F00011FA0CF118BF012121430843A3EB0C01AC
:100A0000CB1D4FEA00614FEA102042BF002010BC0E
:100A1000704700EBC35010440029A4BF10BC7047BE
:100A2000401C490008BF20F0010010BC7047F0B422
:100A300000F0004221F0004120F00040CE0DC30D37
:100A4000C1F3160141F40001C0F316004C421546F3
:100A500040F40000761E09E010EB440002D582F05D
:100A6000004240428842F7D840005B1EB342F9DAA8
:100A700018B1F0BC0021FFF7ACBF2846F0BC7047AE
:100A80002DE9FE4F804681EA0300C00F0C4600901E
:100A900021F0004123F00045B8EB0200A94105D246
:100AA0004046214690461C460B46024623F0004035
:100AB000104347D0270DC7F30A00C3F30A51029031
:100AC000401A019040286BDAC3F3130040F4801BF6
:100AD0000098924620B10023D2EB030A63EB0B0B84
:100AE00001985946C0F140025046FFF781FE064684
:100AF0000D4650465946019A00F098F910EB08004F
:100B00006141002487EA115284EAE7731A4340D016
:100B1000009A62B3019A012A4FEA075215DC001BC2
:100B200061EB02014FF0004202EA0752CDE90042B8
:100B3000001C41F5801132462B4600F08DFB03B0BE
:100B4000BDE8F08F40462146F9E7001B61EB02014A
:100B5000001C41F5801300185B412018A2F5001716
:100B600047EB030140EAD570B6196D4111E06D08FD
:100B70004FEA360645EAC0754FEA0752001B61EBA3
:100B80000201001C41F5801149084FEA30000019AC
:100B9000514132462B4603B0BDE8F04F00F04DBB4B
:100BA0000098012240000023D0EB020263EBE073C7
:100BB000009821464FEAE074B8EB000061EB0401B5
:100BC000E9E783F000435BE781F0004158E72DE956
:100BD000FE4F81EA030404F0004421F00041009438
:100BE0004FF0000B23F0004350EA01045ED052EABC
:100BF00003045BD0C3F30A54C1F30A552C44A4F296
:100C0000F3340194A0FB0254C1F3130141F48011A9
:100C1000C3F3130343F4801301FB024400FB034EB0
:100C2000840A970A44EA815447EA8357A4FB076879
:100C300002958D0A05FB07854FEA932C04FB0C54A3
:100C40002705029D4FEA065847EA1637B5EB080517
:100C50006EEB070C870E920E47EA811742EA831269
:100C6000A7FB0201B6EB0B0164EB00042B0D43EA7A
:100C70000C335E1844EB1C50DA465146E7FB020188
:100C8000C5F313044FEA0B3343EA14534FEA04321B
:100C9000019C43EA0603A4F10C040294009CCDE9F4
:100CA00000B400F0D9FA03B0BDE8F08F002001468F
:100CB000F9E72DE9F04D81EA030404F0004B21F03F
:100CC000004514464FF0000A23F0004150EA0502A7
:100CD00020D054EA01021DD0C5F30A570246C5F3DD
:100CE0001303C1F31300C1F30A5640F4801543F413
:100CF0008013A7EB0608101BD64608F2FD3873EBED
:100D0000050002D308F1010801E092185B41B8F137
:100D1000000F03DA00200146BDE8F08D00204FF4FB
:100D20008011064684460EE0171B73EB050705D3BA
:100D3000121B63EB050306434CEA010C49084FEA1A
:100D4000300092185B4150EA0107EDD152EA0300EE
:100D500012D082EA040083EA0501084305D0101B83
:100D6000AB4106D20122002306E000224FF00043EF
:100D700002E06FF0010253101AEB06004CEB085131
:100D800010EB0A0041EB0B01BDE8F04D00F055BA45
:100D90000EB540F2334202920022CDE90022134602
:100DA00000F05AFA03B000BDC1F30A52C1F31301B7
:100DB00040F2FF3341F480119A4202DA00200146EA
:100DC000704740F233439A42A2F2334202DC52426D
:100DD000FFF71DBDFFF70CBD30B5041E71F1000417
:100DE00004DB4FF00044404264EB0101141E73F138
:100DF000000405DB1C464FF00043524263EB040342
:100E0000994208BF904230BD064C074D06E0E068AD
:100E100040F0010394E8070098471034AC42F6D341
:100E2000FFF7B6F998AE0008B8AE0008202A06DB36
:100E3000CB17203A41FA02F043EAE07306E041FAA8
:100E400002F3D040C2F12002914008431946704796
:100E500000487047389D000810B50446FFF7F8FFBA
:100E60000068005D00F0010010BD00002DE9F34FA7
:100E70008BB04FF0000801F10C000C464FF0010B55
:100E800046460DF1080A01906269012101989047D8
:100E9000051E2DD0252D2CD0216A8847C0B162694E
:100EA000012101989047216A88470028F7D1411E07
:100EB00062690198904700E0761CA1690B98884709
:100EC000216A88470028F7D1E1690B988847DBE75A
:100ED000A1690B9888470746A84201D1761CD3E741
:100EE000E1690B9888477F1C02D1B8F1000F6FD0E1
:100EF00047E1002762693D463946019890472A2814
:100F000004D162690121019890470125DFF8889298
:100F10006269012101989047A0F130010A290AD2A3
:100F20004F45E5DC07EB870100EB4107303FDFD49D
:100F300045F01005ECE7E90601D46FF000476C2896
:100F40000AD04C2814D0682815D06A280DD07428EF
:100F50001CD07A281AD01DE06269012101989047BF
:100F60006C2802D045F0040514E045F002050DE0C0
:100F700045F020050AE06269012101989047682840
:100F800002D045F0080505E045F4006562690121DD
:100F900001989047C4E9015765283DD019DC5828CD
:100FA0007AD00CDC452837D004DC252826D041280F
:100FB00031D131E046282FD047282CD12CE05B28B6
:100FC00077D0612828D063287CD0642823D15AE0C8
:100FD000D1E06F2848D008DC66281DD067281BD0D8
:100FE000692821D06E2816D127E0702845D07328B3
:100FF00068D0752847D078280DD14DE0A1690B98AD
:101000008847054625283FF469AFE1690B98884772
:101010006D1C3FF46AAFB4E023466A466FF00100EE
:101020000B99FFF777FA9FE045F040006060A80752
:1010300023464FF0000236D43EE0E8077FF447AF86
:101040002068011D21600068290501D506701BE795
:10105000290701D5068017E7A90703D5F117C0E9CD
:10106000006111E706600FE745F040006060A807E7
:1010700023464FF0080216D41EE040F60E0125EA82
:101080000100606016E045F040006060A80723465C
:101090004FF00A0207D40FE045F040006060A80757
:1010A00008D5234610226FF001000B99AFF30080A2
:1010B0005AE007E0234610226FF001000B99FFF77A
:1010C000EFF851E04FF000094F464B46632802D03D
:1010D0005B2807D041E02079C00601D40120A06040
:1010E00001273AE062690121019890475E2805D105
:1010F0004FF001096269494601989047216939B961
:1011000000210A46534643F82120491C0829FADBEE
:10111000B0B3216969B9C11700EBD16253110AEB71
:10112000830122F01F02821A01200B6890400343C2
:101130000B6062690121019890475D28E8D1B9F1FF
:10114000000F09D00020514651F82020D24341F829
:101150002020401C0828F7DB02AB224600976FF0E6
:1011600001000B99AFF3008000280CDA401C08D175
:10117000BBF1000F05D04FF0FF300DB0BDE8F08F90
:10118000FFE74046F9E7E90701D108F10108064405
:101190004FF0000B78E60000CCCCCC0C2DE9F05FD2
:1011A00082460078002715468B460AF10104B946AD
:1011B000302801D09DB113E014F8010B01277828E5
:1011C00003D0582801D045B10AE00DB1102D07D148
:1011D0000027102514F8010B02E0082500E00A257D
:1011E0000026B0460EE005FB080005FB06F10127CE
:1011F00001EB10461FFA80F8B6F5803F00D3B946E0
:1012000014F8010B2946FFF712FB0028EBDABBF1BB
:10121000000F05D00FB1641E00E05446CBF800402B
:10122000B9F1000F06D004F0F7FD02210160C81EDD
:10123000BDE8F09F48EA0640FAE710B5141E73F1C6
:10124000000408DA401C41F1000192185B411A4386
:1012500001D120F0010010BD2DE9F04D92469B46D2
:1012600011B1B1FA81F202E0B0FA80F22032904678
:10127000FFF7BEFA04460F4640EA0A0041EA0B01B6
:1012800053465A46084313D0114653EA010019D079
:10129000C8F140025046FFF7BAFA05460E465046DE
:1012A00059464246FFF7A4FA084305D0012004E05E
:1012B00020463946BDE8F08D0020054346EAE07639
:1012C0002C4337430A986305E40AA0EB0800002288
:1012D000FD0A44EA47540A3002D500200146E9E7F6
:1012E000010510196941DDE9084500196941BDE8AA
:1012F000F04DA2E7FEE77047AFF300800B4628B140
:10130000012807D0022809D001207047114618464D
:1013100007F008BA1146184607F04CBA11461846AD
:1013200007F08ABA72B6FEE72DE9F0410446876DF0
:1013300000F050F9054694F835000026022806D042
:101340008020606584F834600120BDE8F081206869
:10135000016821F0160101602068416921F08001D7
:101360004161206C08B9A06C20B12068016821F0AF
:10137000080101602068016821F0010101600CE0B2
:1013800000F028F9401B052807D9202060650320BC
:1013900084F8350084F83460D7E720680068C00717
:1013A000EED194F85C103F208840B860012084F8AA
:1013B000350084F834600020C7E790F83510022922
:1013C00003D08021416501207047052180F8351048
:1013D0000068016821F001010160002070470000F1
:1013E0002DE9F84FDFF89C910022A9F1040B0327A7
:1013F0004FF00F0C09F1040AABF1040E01250B6844
:1014000095402B40AB426ED10C7904F00304012CC3
:1014100001D0022C15D18668540007FA04F826EA98
:101420000806D1F80C8008FA04F848EA0608C0F863
:1014300008804468AC430D79C5F3001595402543F9
:1014400045600C79E443A40708D0C568540007FA46
:1014500004F6B5438E68A6402E43C6600C7904F0AE
:101460000304022C11D1D40800EB8406356A54071A
:10147000E40E0CFA04F825EA0805D1F8108008FA01
:1014800004F848EA0508C6F820800568540007FA01
:1014900004F6B5430E7906F00306A6402E43066017
:1014A0004C6814F4403F66D0374C256845F48045BD
:1014B0002560246822F0030504F480440094334C32
:1014C00005EB0408D8F808589407260F0CFA06F420
:1014D000A5432F4CA04201D1002424E02D4CA04272
:1014E00002D101241FE046E02B4CA04201D102248E
:1014F00019E02A4CA04201D1032414E0284CA04258
:1015000001D104240FE0274CA04201D105240AE0B8
:10151000254CA04201D1062405E0244CA04201D173
:10152000072400E00824B4402C43C8F80848D9F840
:1015300000404D464E689C43F60200D51C432C608B
:10154000DAF8004055464E689C43B60200D51C436D
:101550002C60DBF800405D464E689C43B60300D526
:101560001C432C60DEF8004075464E689C43F60331
:1015700000D51C432C60521C102AFFF43FAFBDE87D
:10158000F88F0000083C0140443802400030014020
:10159000000002400004024000080240000C02402B
:1015A000001002400014024000180240001C0240DB
:1015B0000069084000D001207047426921EA020317
:1015C0000A4043EA0241816170470AB18161704774
:1015D0000904FBE7014880687047000040000020D4
:1015E00070B5040025D094F83D00002520B984F89A
:1015F0003C50204600F070FA242084F83D0020681A
:10160000016821F0010101602068016841F4004196
:1016100001602068016821F40041016000F022FCB3
:101620004D4B6168994201D84C4900E04C498842D1
:1016300001D2012070BD4B492268B0FBF1F1566820
:1016400026F03F060E43566062689A4206D94FF470
:10165000967251434FF47A72B1FBF2F12268491C41
:10166000166A26F03F06314311626168994210D82C
:101670004900401EB0FBF1F2521CC2F30B02042AD7
:1016800001D2042022E0B0FBF1F0401CC0F30B00BB
:101690001CE0A268F2B301EBC10303EB0116431E89
:1016A000B3FBF6F35B1C43F480431B0549D092B3B4
:1016B00001EBC10202EB0111401EB0FBF1F0401C36
:1016C000C0F30B0040F4804040F400402168CA6938
:1016D0004CF6FF739A431043C861D4E907100143E5
:1016E0002068026822F0C00211430160D4E90301BE
:1016F00001432068826848F2FF339A4311438160B6
:10170000D4E9051001432068C26822F0FF021143AA
:10171000C16001E00EE016E02068016841F00101BF
:1017200001602564202084F83D00256384F83E5044
:10173000002070BD01EB4106431EB3FBF6F35B1CBA
:10174000B3E70120C2E701EB4101401EB0FBF1F01D
:10175000401CC0F30B00B7E7A086010080841E0088
:1017600000093D0040420F002DE9FF4F81B01F46A8
:1017700093460446FFF72EFF054694F83D000026E9
:1017800020287DD11923012250492046009501F0DF
:1017900001FA002874D194F83C00012870D001208F
:1017A00084F83C0020680168C90703D1016841F052
:1017B000010101602068016821F4006101602420BA
:1017C00084F83D004FF0000AC4F840A04048E062B1
:1017D0004FF020092068016841F4807101603B46A8
:1017E00000224FF001112046009501F0D3F950B1CD
:1017F00020680068C00502D54FF400702064032003
:1018000005B0BDE8F08F0298216800F0FE00086185
:10181000FFF7E0FE0546206841694069C1F34001D9
:10182000C0F380204FF0A0080EE0FFF7D3FE401B6E
:10183000B84200D80FB984F83D80206841694069FA
:10184000C1F34001C0F3802094F83D20A02A02D0CB
:1018500009B90028E9D084F83D9020684169C9435E
:10186000890717D4016841F4007101602068564669
:10187000416980691923012214492046009500E03E
:1018800022E001F087F9A8B984F83D9084F83C6023
:101890000020B5E7016841F40071016021686FF430
:1018A000806048611923012208492046009501F013
:1018B00071F908B10120A3E7761C5E458AD384F84C
:1018C0003D9084F83CA0F5E7022099E70200100063
:1018D0000000FFFF2DE9FF4F83B09A46DDE9118735
:1018E00093460446DDF84090FFF774FE054694F8F1
:1018F0003D00202870D1192301227449204600950B
:1019000001F048F90028F5D194F83C00012863D093
:10191000012084F83C0020680168C90703D10168F0
:1019200041F0010101602068016821F4006101605B
:10193000222084F83D00402084F83E0000262664E2
:10194000C4F82490A4F82A80608D20856048E06265
:10195000CDE9007553465A462046049901F09CF89B
:10196000002879D1208DD0B1012821D0022820680B
:1019700024D0416980690090208D032866D8012811
:101980002BD0544902283B464FF00002009557D017
:101990008846204601F0FEF800285DD13AE0206834
:1019A000416981690091016841F4007101607DE045
:1019B0002068016821F480610160F0E7016821F48A
:1019C000806101602068016841F400610160206865
:1019D00041698069009069E075E02A4639462046F1
:1019E00001F079F988BB54E02068016841F4007186
:1019F000016020680069616A0870606A401C60626A
:101A0000218D491E2185618D491E618521680969E5
:101A1000017042E02068016821F480610160206863
:101A20000069616A0870606A401C6062208D401E17
:101A30002085608D401E60853B4600224146009512
:101A4000204601F0A7F800B9CEE705E02A4639465E
:101A5000204601F040F918B1012007B0BDE8F08F31
:101A600020680069616A0870606A401C6062208DAD
:101A7000401E81B22185608D401E608520684269CC
:101A8000D243520712D4032903D1016821F48061A3
:101A9000016020680069616A0870606A401C6062C9
:101AA000208D401E2085608D401E6085208D002881
:101AB0007FF462AF202084F83D0084F83E6084F813
:101AC0003C600020C9E70220C7E7000002001000C8
:101AD0000000FFFF040001002DE9F04186B004463C
:101AE00014216846FEF7A6FB21683A4C384B39486A
:101AF00012220126032504271034994218D10168C7
:101B000041F0020101600068694600F002000590A2
:101B1000C0208DE84500CDE903572F48FFF760FC52
:101B2000206840F400102060206800F400101AE0E3
:101B30002A4B99421BD1016841F0200101600068E5
:101B4000CDE9005200F02000CDE90470CDE9026536
:101B500069462348FFF744FC206840F48000206079
:101B6000206800F48000059006B0BDE8F0811D4BB0
:101B70009942F9D1016841F004010160016801F066
:101B800004010591016841F0010101600068CDE99F
:101B9000026500F0010005905815CDE9000290465D
:101BA000694604971048FFF71BFC4FF48070CDE99D
:101BB0000008CDE90265694604970C48FFF710FC60
:101BC000206840F400002060206800F40000CAE7AC
:101BD00000540040303802400004024000580040E9
:101BE00000140240005C0040000802400000024077
:101BF00002488168027811448160704740000020EB
:101C00000B4810B5016841F400710160016841F4AE
:101C100080610160016841F480710160032000F07F
:101C20006FF80F2000F006F800F024F8002010BD37
:101C3000003C024070B50D4D04464FF47A7128788F
:101C4000B1FBF0F00A490968B1FBF0F000F008FBC5
:101C500048B9102C07D200222146501E00F030F85F
:101C600000206C6070BD012070BD000040000020AD
:101C70004C0000200A4808B5016841F48041016029
:101C8000006800F4804000900548001F016841F0A2
:101C900080510160006800F08050009008BD000095
:101CA00044380240002809DB00F01F020121914066
:101CB0004009800000F1E020C0F8001170470000EA
:101CC000F0B40E4B1B68C3F30223C3F10704042CCA
:101CD00000D904241D1D072D01D2002300E0DB1EC6
:101CE000012606FA04F56D1E0D409D409E40761EAD
:101CF000164045EA0601F0BC04F07DB80CED00E0AA
:101D0000064A00F0070110684FF6FF03184040EA4A
:101D10000120034908431060704700000CED00E00B
:101D20000000FA052DE9F0470D46040065D0DFF804
:101D30001491D9F80000EFB200F00700A84207D2D2
:101D400089F80070D9F8000000F00700A84254D1CB
:101D500020683D4E810712D5400703D5306840F416
:101D6000E05030602078000703D5306840F46040D0
:101D700030603068A16820F0F000084330602078BF
:101D8000C0072DD0304960680839012812D00228D8
:101D900013D0032811D00968890700292DDA31688A
:101DA00021F0030101433160FFF714FC804641F24A
:101DB000883A0EE009688903EFE709688901ECE7D2
:101DC000FFF708FCA0EB0801514502D90320BDE84C
:101DD000F0873068616800F00C00B0EB810FEFD144
:101DE000D9F80010484601F00701A94207D9077049
:101DF000006800F00700A84201D00120E7E7207842
:101E0000400705D53068E16820F4E05008433060B1
:101E10002078000706D53068216920F4604040EA48
:101E2000C100306000F03EF83168084AC1F3031188
:101E3000515CC8400649086006480068FFF7FAFE92
:101E40000020C4E7003C0240083802407C9C0008A7
:101E50004C0000204400002001480068704700004A
:101E60004C0000200448054900680968044AC1F391
:101E70008221515CC84070474C0000200838024065
:101E80008C9C00080448054900680968044AC1F3AD
:101E90004231515CC84070474C0000200838024075
:101EA0008C9C0008154810B5006810F00C0114480F
:101EB00013D0144B04290FD008290ED10F4C241F26
:101EC000216801F03F022168490207D52068C0F36C
:101ED0008810A0FB030106E0184610BD2168C1F37D
:101EE0008811A1FB00010023FEF76CF92168C1F302
:101EF0000141491C4900B0FBF1F010BD0838024017
:101F00000024F40040787D012DE9F84F040075D0DD
:101F10002078DFF838A3C007AAF1040548D00AF1F9
:101F200004000168C1F38101012908D00068C0F3F1
:101F3000810002280AD1DAF80000400206D528689C
:101F4000800335D560680028E1D031E06068B0F5E5
:101F5000803F10D0B0F5A02F286810D020F480303A
:101F60002860286820F4802028606068A0B1FFF70E
:101F700031FB06460CE0286840F48030F4E740F47A
:101F800080202860F7E7FFF725FB801B642871D8C5
:101F900028688003F7D50BE0FFF71CFB064604E03A
:101FA000FFF718FB801B6428F1D828688003F7D45A
:101FB0002078DFF89C9280074FF0000B3DD5A348B6
:101FC000001D016811F00C0F08D00068C0F38100FB
:101FD00002280AD1DAF80000400206D428688007F7
:101FE00015D5E068012809D111E0E068B8B10120F9
:101FF000C9F80000FFF7EEFA064605E022E1FFF718
:10200000E9FA801B0228C2D828688007F7D528681B
:10201000216920F0F80040EAC10028600DE0C9F80D
:1020200000B0FFF7D7FA064604E0FFF7D3FA801BAB
:1020300002281FD828688007F7D42078000722D507
:10204000824F84486169703771B101210160FFF7E7
:10205000C1FA064604E0FFF7BDFA801B022809D842
:1020600038688007F7D50EE0C0F800B0FFF7B2FA85
:10207000064605E082E0FFF7ADFA801B02287DD816
:1020800038688007F7D42078400765D56F484FF04F
:1020900000083C300068C0000BD46C483C3001683C
:1020A00041F08051016000684FF0010800F080505D
:1020B0000090694F3868C0050FD4386840F48070CC
:1020C0003860FFF787FA064604E0FFF783FA801BC3
:1020D000022853D83868C005F7D55C4FA0686C3724
:1020E00001280FD00528386810D020F00100386092
:1020F000386820F004003860A068B0B1FFF76AFAD1
:1021000006460EE0386840F00100F4E740F00400B5
:102110003860F7E7FFF75EFA811B41F288308142B1
:1021200063D838688007F5D50DE0FFF753FA064607
:1021300006E0FFF74FFA811B41F28830814254D804
:1021400038688007F5D4B8F1000F05D03F483C301F
:10215000016821F080510160A069B8B33B49091DB5
:102160000968C1F38101022946D00228584606D0E9
:10217000C9F86000FFF72EFA044639E035E04F4613
:10218000C9F86000FFF726FA064604E0FFF722FAD6
:10219000801B022829D828688001F7D4D4E90701D8
:1021A0000843A16A2D4A490802EB0141626A41EAEB
:1021B0008211084394F82C1040EA0161CAF800101B
:1021C00001203866FFF706FA044605E03CE0FFF719
:1021D00001FA001B022808D828688001F7D533E0EF
:1021E000FFF7F8F9001B022802D90320BDE8F88F99
:1021F00028688001F4D427E00128F7D0DAF800003D
:10220000E26900F4800191421CD1226A00F03F0192
:10221000914217D147F6C071626A0140B1EB821F4B
:1022200010D1A26A4FF0FF3300F4403103EB5202A9
:10223000B1EB024F06D194F82C1000F07060B0EBB7
:10224000016F01D00120D1E70020CFE70438024020
:1022500000004742800E4742007000400000FFFF30
:1022600010B5401EB0F1807F01D3012010BD4FF0AA
:10227000E02460610F21601703F0BDFD0020A06124
:1022800007202061002010BD10B590F83C20012AE5
:1022900022D0012280F83C20CA688C6822F4407267
:1022A00022434C6822F4806222430C6822F40062CC
:1022B00022430C6922F4805222434C6922F40052DA
:1022C0002243C969002322F480420A4301684A6418
:1022D00080F83C30002010BD022010BD70B590F891
:1022E0003C20012A32D0012580F83C50022280F89F
:1022F0003D2002685368946823F070060B683343EE
:102300005360134B02689A4214D0B2F1804F11D03F
:10231000104B9A420ED0104B9A420BD00F4B9A4260
:1023200008D00F4B9A4205D00E4B9A4202D00E4B6A
:102330009A4204D1496824F080031943916080F8DF
:102340003D50002180F83C10084670BD022070BD51
:10235000000001400004004000080040000C004064
:1023600000040140004001400018004070B586B0F4
:10237000044614216846FDF75DFF2B4A21680024BE
:102380002A4802250126914211D1016841F010012D
:1023900001600068694600F0100005904FF4285075
:1023A0000090CDE90154CDE90346214822E0214ABD
:1023B000914223D1016841F001010160016801F0FF
:1023C00001010591016841F0020101600068694660
:1023D00000F002000590C0200090CDE9015416489D
:1023E000CDE90345FEF7FCFF0096CDE901546946AF
:1023F000124815E0FEF7F4FF06B070BD104A914296
:10240000FAD1016841F0080101600068694600F0F6
:10241000080005904FF4E0400090CDE901540948D0
:10242000CDE90345E6E700000000014030380240F6
:10243000001002400004004000000240000402407E
:1024400000080040000C024070B5044690F83C00C3
:1024500000260D4601280FD0012084F83C006AB107
:10246000042A1DD0082A2FD00C2A3FD00126002094
:1024700084F83C00304670BD022070BD206803F037
:1024800061FA2068816941F00801816120688169F1
:1024900021F004018161206881692A69114311E0FA
:1024A000206803F07FFA2068816941F4006181614E
:1024B0002068816921F480618161206881692A69CD
:1024C00041EA02218161D2E7206803F0A1FA206885
:1024D000C16941F00801C1612068C16921F00401AE
:1024E000C1612068C1692A69114311E0206803F0C5
:1024F000C3FA2068C16941F40061C1612068C16903
:1025000021F48061C1612068C1692A6941EA022120
:10251000C161ACE710B5040003D094F83D0010B1E0
:1025200007E0012010BD002084F83C00204600F0A8
:102530001FF8022084F83D00211D206803F08CF96B
:10254000012084F8460084F83E0084F83F0084F8B7
:10255000400084F8410084F8420084F8430084F885
:10256000440084F8450084F83D00002010BD0000C0
:1025700008B500681249884208D11248016841F044
:1025800001010160006800F001000BE00D490E4AF6
:10259000091F904208D1086840F0020008600868EE
:1025A00000F00200009008BD084A9042FBD1086884
:1025B00040F004000860086800F00400F2E7000042
:1025C0000000014044380240000400400008004080
:1025D00010B5044649B104290AD008290BD094F853
:1025E000410001280AD0012010BD94F83E00F8E710
:1025F00094F83F00F5E794F84000F2E70220B1B309
:10260000042938D0082939D084F8410001222068F3
:1026100003F08AF91B4920681B4A884201D0904286
:1026200003D1436C43F4004343642068884213D0D1
:10263000B0F1804F10D0154988420DD0144988421E
:102640000AD01449884207D0904205D012498842E6
:1026500002D01249884204D1816801F0070106299D
:1026600003D0016841F001010160002010BDFFE7C7
:1026700084F83E00CAE784F83F00C7E784F84000CA
:10268000C4E70000000001400004014000040040D5
:1026900000080040000C00400040014000180040CD
:1026A00070477047F8B5016804460868CA684B6906
:1026B00010F00F0F4FF0000559D003F0010602F49F
:1026C0009077374365D0C10705D0D10503D5616C3C
:1026D00041F001016164410705D5D90703D0616C60
:1026E00041F002016164810705D5D90703D0616C0F
:1026F00041F004016164010707D502F02001314374
:1027000003D0616C41F008016164616C00293AD02A
:10271000800604D5900602D5204603F003FA20680F
:102720004069616CC0F38010090700D460B3204693
:1027300003F0D1F920684069400621D520681430A3
:1027400050E8001F21F0400140E80012002AF5D1B6
:10275000E06BA8B172490165E06BFEF72EFE002820
:1027600011D0E06B016D01B0BDE8F0400847830671
:102770000FD593060DD52046BDE8F84003F0D2B939
:102780002046FFF78EFFF8BD2046FFF78AFF6564FD
:10279000F8BD266B2023012E7ED1C6067CD5D60639
:1027A0007AD508684868009048694FF002064006EC
:1027B0004DD5E26B106840684FF480770004000C40
:1027C0003AD0A18D814237D9E085D069B8422DD069
:1027D00020680C3050E8001F21F4807140E800129E
:1027E000002AF5D12068143050E8001F21F00101C3
:1027F00040E80012002AF5D12068143050E8001F8C
:1028000021F0400140E80012002AF5D184F842305E
:10281000256320680C3050E8001F21F0100140E8CB
:102820000012002AF5D1E06BFEF77EFD6663A08DF5
:10283000E18D401A81B206E0A18D8142A8D1D06914
:10284000B842A5D166632046FFF72AFFF8BDA08DE8
:10285000E18D401A81B2E08D0028F7D00029F5D033
:1028600020680C3050E8002F22F4907240E80027D6
:10287000002FF5D12068143050E8002F22F001021B
:1028800040E80027002FF5D184F842302563206806
:102890000C3050E8002F00E006E022F0100240E883
:1028A0000023002BF3D1CDE705062BD5150629D53E
:1028B00094F841002128C9D1A068B0F5805F01D10A
:1028C0002069B0B1206A411C21622168007848600B
:1028D000E08C401E0004000CE084B7D12068C16881
:1028E00021F08001C1602068C16841F04001C160F1
:1028F000F8BD206A0088C0F308004860206A801C88
:102900002062E5E74006F3D55006F1D5CA682046B7
:1029100022F04002CA6084F8413000F0A4F8F8BD0B
:10292000C95A000870B5040004D094F8410000258D
:1029300010B106E0012070BD84F84050204600F040
:1029400023F8242084F841002068C16821F4005154
:10295000C160204603F048F92068016921F49041E4
:1029600001612068416921F02A0141612068C16844
:1029700041F40051C1606564202084F8410084F86E
:1029800042006563002070BD2DE9F04186B0054628
:1029900014216846FDF74EFC2D4A286800212D4C75
:1029A000022603274FF00708904223D12948103010
:1029B000026842F400320260006800F400300590C2
:1029C000206840F008002060206802AA00F008009B
:1029D000059082E882016020CDE9000669461E4824
:1029E000FEF7FEFC002211462620FFF769F926209B
:1029F000FFF758F919492868884225D1154814303D
:102A0000016841F010010160006800F010000590BD
:102A1000206840F001002060206802AA00F0010058
:102A200005904FF4C060CDE90006012082E88101E5
:102A300069460B48FEF7D4FC002211462520FFF71B
:102A40003FF92520FFF72EF906B0BDE8F081000020
:102A50000044004030380240000C024000100140A9
:102A60000000024070477047FEE701684A69D243A0
:102A700052050FD46FF480624A61002140F8301F84
:102A8000202242738173026942F0040202610173E1
:102A900001207047002070472DE9F84F0446006878
:102AA00089460B9E01689846174641F48061016093
:102AB0002068016841F48071016000964FF0011BAD
:102AC0000022594620460A9B00F064F84FF4007A31
:102AD00040B120680068C00501D5C4F840A00320BB
:102AE000BDE8F88F216809F0FE00086133462849E7
:102AF00020460A9A00F092F8F0BB2068416980698C
:102B00000090324620460A9900F01FF940B1206C2F
:102B100004283AD12068016841F40071016034E072
:102B2000FDB2B8F1010F09D02168380A08613246B8
:102B300020460A9900F009F90028E8D120680561CB
:102B4000324620460A9900F000F90028DFD12068BB
:102B5000016841F4807101600096002259462046C8
:102B60000A9B00F017F80028B3D1216809F0FF0094
:102B700040F00100086100E007E0334604492046C8
:102B80000A9A00F04BF80028AAD00120A8E700001C
:102B9000020001002DE9F0471E4690460D4604460E
:102BA000C1F30747DDF8209026E0701C24D0FEF723
:102BB00011FDA0EB0900B04200D8EEB92068012F4A
:102BC00016D0806925EA00000004000C12D0002015
:102BD000404511D1002044F8300F20216173A073CB
:102BE000216941F02001216120730120BDE8F087B7
:102BF0004069E7E70120EBE72068012F0AD08069F0
:102C000025EA00000004000C06D000204045CCD08E
:102C10000020EBE74069F3E70120F7E72DE9F047F3
:102C2000984616460D4604464FF000094FF0200A1C
:102C3000C1F3074723E020684069C043400515D42D
:102C40002068016841F40071016021686FF48060C0
:102C50004861C4F8309084F83DA084F83E90216C1F
:102C600041F00401216484F83C9020E0701C06D0FF
:102C7000FEF7B0FCA0EB0800B04203D816B1012F5C
:102C80001ED020E02068012F14D0806925EA0000C2
:102C90000004000C17D044F8309F84F80DA084F88D
:102CA0000E90216941F02001216184F80C900120EF
:102CB000BDE8F087406925EA00000004000CEAD175
:102CC0002068406901E02068806925EA000000046E
:102CD000000CB0D1ECE72DE9F04116460D46044654
:102CE00000274FF0200829E04069C043C0060DD4FA
:102CF00054F8301B6FF01000486144F80D7B04F865
:102D00001D89A777206A2062277714E0FEF762FC0E
:102D1000801BA84200D88DB920684069C043400696
:102D20000CD544F8307F84F80D80A773206940F0FB
:102D30002000206127730120BDE8F08120684169EF
:102D4000C9434906D0D40020F6E770B516460D46B3
:102D500004461EE02046FFF788FE08B1012070BD42
:102D6000681C16D0FEF736FC801BA84200D885B937
:102D700020684069C04300060BD5002044F8300F9E
:102D800020216173A073216941F02001216120732A
:102D9000E4E720684069C0430006DBD4002070BD32
:102DA0009FED0E0AF7EE000A80ED000A80ED010AA1
:102DB000C0ED020A80ED030A80ED040A9FED080AC7
:102DC000C0ED050A80ED060A9FED060A80ED070AB0
:102DD0009FED050A80ED080A704700000000000022
:102DE0006F12833AA69B443B8FC2F53CB5EEC01AE6
:102DF000F1EE10FA04D911EE101AB1F17C5F01DD89
:102E00009FED271A90ED014A90ED003A90ED052ACA
:102E100070EEC40AD0ED042AD0ED063A01EE203A55
:102E2000D0ED030AF0EE601A41EE420A51EE021AAA
:102E300071EEE21A41EE422A71EEA33AD0ED021A87
:102E400041EE231AD0ED073A03EE812A90ED081ADD
:102E500071EE814A81EEA41AC2EEA43A70EE434AA2
:102E6000B0EE430AB0EE613A01EE240A01EE613A97
:102E700080ED000A03EEA44A43EEE12A03EEE02AC5
:102E800080ED014A80ED023AB0EE603A01EE603A20
:102E900080ED033AC0ED042A80ED052A704700005A
:102EA0000AD7A33B10B504462DED028BB0EE408A45
:102EB00006F0D6F9DFED1D0AA16811B3411A00EE44
:102EC000101A9FED1B1AB8EE400A20EE010A00BF4F
:102ED000B5EEC00AF1EE10FA04D910EE101AB1F1F5
:102EE0007C5F01DDB0EE600AA060D4ED000AF5EE73
:102EF000C00AF1EE10FA07D8B0EE480ABDEC028B1A
:102F000010BDB0EE600AE3E730EE800A80EE801A72
:102F100094ED010AF7EE000A20EE010A70EEC10AF4
:102F200000EE880A84ED010AE8E700000AD7A33B17
:102F3000BD378635F0B52DED048BF0EE409A85B0A7
:102F4000F5EEC09AF1EE10FA04D919EE902AB2F11A
:102F50007C5F01DDDFED689A684C22789FED680A9E
:102F6000D1ED000A012A7CD094ED2B1A10EE801AC4
:102F700084ED251AD4ED2C0A91ED011A51EE000AC8
:102F8000C4ED260AD4ED2D0A91ED021A51EE000A85
:102F9000C4ED270A9FED5B0AD0ED000AD4ED288A24
:102FA00070EEE80A40EE808AC4ED288AD0ED010A6E
:102FB00094ED299A70EEC90A00EE809A84ED299A60
:102FC000D0ED020A94ED2A8A70EEC80A00EE808ADB
:102FD00028EEA80A84ED2A8A08EE080A03F05CFAB3
:102FE000F0EE400AB0EE490A02F01AFFB0EE409A45
:102FF000F0EE480AB1EE680A02F012FFB0EE408A25
:10300000D4ED250AB0EE691AB0EE490A04F1F000D9
:10301000FFF7ECFE84ED200AD4ED260AB0EE691A23
:10302000B0EE480A04F58A70FFF7E0FE84ED210A4D
:10303000D4ED220A94ED271A41EE290AC4ED220AA2
:1030400094ED201ADFED300A21EE201A20EE200A3E
:1030500084ED231A84ED240A05B0BDEC048BF0BD89
:10306000FFE7D4ED391A40EE801AC4ED391A94ED19
:103070003A1AD1ED010A00EE801A84ED3A1AD4ED25
:103080003B0A91ED022A42EE000AC4ED3B0AD4F855
:10309000E000401CC4F8E000C828DDD301209FED0B
:1030A0001B0AC1EE008A81EE808A80EE801A84EDD0
:1030B0002B8AC4ED2C8A84ED2D1A84F8B8000220E6
:1030C000207011EE100AFDF74EFB06460F4618EE73
:1030D000900AFDF748FB04460D4618EE100AFDF76E
:1030E00042FB8DE8F00041EC100B094853EC102B2B
:1030F00002F05EFEB0E700000AD7A33B60090020A3
:1031000035FA8E3CCDCC4C3EE02E65420000484363
:1031100004AE000810B521492DED028B90B191F855
:10312000B80048B10220087049781DA0BDEC028BA0
:10313000BDE8104002F03CBEBDEC028BBDE8104083
:1031400000F080BB9FED268A0020087081ED328A56
:1031500081ED338A81ED348AB0EE481AF0EE480AE8
:10316000B0EE480A06F0D0FA0120B0EE481AF0EEB0
:10317000480AB0EE480A06F0C7FA0220B0EE481A34
:10318000F0EE480AB0EE480A06F0BEFABDEC028B3B
:1031900014A0BDE8104002F00BBE00006009002042
:1031A0005B4C51525D2042616C616E636520456EDF
:1031B00061626C656420284D6F64653A202564293E
:1031C0002C2077616974696E672063617074757211
:1031D000652077696E646F772E2E2E0D0A00000031
:1031E000000000005B4C51525D2042616C616E63D7
:1031F000652044697361626C65642E0D0A000000ED
:1032000070B5364C00252DED028B294625709FEDBB
:10321000340A657084ED350A9FED320ADFED330A1A
:1032200084ED360A9FED300A9FED311A84ED1F0AB6
:10323000C4F8DC50DFED2F1A9FED2F2A9FED2F8A67
:10324000B1EE080AC4F8E05001EB410004EBC00005
:1032500080ED058A80ED060A001DC0EC040A04EB2F
:103260008100491C80ED2F8A80ED328A80ED2B8A07
:103270000329E9DB0021DFED220ADFED221A9FEDB1
:10328000222AB3EE0C1A00BF01EB410004EBC00090
:10329000491C80ED131AC0ED140AC0ED151A80ED1B
:1032A000162A80ED178A80ED180A0229ECDB0B48FC
:1032B000F030FFF775FD1548FFF772FD84ED208AA9
:1032C00084ED218A84ED228A84ED238A84ED248A88
:1032D00084F8B850BDEC028B70BD0000600900207E
:1032E000920A863EC2B8B23D9A99993E00000042C9
:1032F0009A9919400AD7A33D6F12033C00000000C1
:10330000CDCC0C40295C8F3DA69BC43B740A0020A9
:103310002DE9F05F2DED068B05F0A2FFDFF8F883B5
:103320009FEDFE0AD8F8DC10E9B3411A00EE901ABE
:10333000F8EE600A9FEDFA1A60EE818AF5EEC08A17
:10334000F1EE10FA04D918EE901AB1F17C5F01DDAC
:10335000F0EE408AC8F8DC0098F800009FEDF18A92
:10336000B0B3012838D098F80140EF4E04274FF051
:10337000030A9FEDEEAADFF8B893DFEDEEAAEE4D5B
:10338000DFF8B8B3022C7CD884B3012C34D098ED8C
:10339000220AD8ED270A00BF04EB440108EBC10163
:1033A00091ED051A00E014E030EE411AD8ED351A1F
:1033B000B0EEC10AB4EEE10AF1EE10FA21DD08EB3D
:1033C000840088F80070B0EE480A80ED2F0A77E09C
:1033D00002E0F0EE408AB1E788ED328A88ED338A68
:1033E00088ED348ABDEC068BBDE8F09FFFE798EDD1
:1033F000200AD8ED250ACFE798ED210AD8ED260A54
:10340000CAE7042801D002280CD1D8ED361AB4EE50
:10341000E10AF1EE10FA4FD208EB840088F800A020
:1034200080ED2F8AC64800EB8400D0ED001A08EB2F
:10343000840090ED2F0A01EEA80A10EE102A80ED0C
:103440002F0AB24201DD80ED2FAAD0F8BC204A45F8
:1034500001D9C0ED2FAA91ED010ABA4A20EE010A66
:1034600091ED021A52F8242001EE200A002A01DA16
:10347000B1EE400AD1ED030A00EEE10AD1ED040AF3
:1034800000E05CE090ED2F1A00EEC10AD1ED060AD3
:10349000AD4991ED001AF4EEC10AF1EE10FA01DD2A
:1034A000F0EE410AB1EE601AB4EEC10AF1EE10FA84
:1034B00010D2B0EE410A14E0B0EE480A08EB8400E6
:1034C000F0EE400A80ED320A05EB840090ED001A20
:1034D00020460CE1B4EEE00AF1EE10FA01DDB0EEA8
:1034E000600AF0EE408AC0ED328A204605F08AFA82
:1034F0000BEBC400B0EE680A80ED010AF0EE480A5A
:10350000C0ED000A05EB840090ED001A204606F09D
:10351000FBF80026A6420ED008EB8600B0EE480A63
:1035200080ED320A05EB8600F0EE400A90ED001ABD
:10353000304606F0E9F8761C032EEBDB52E7032C4D
:10354000FCD198ED200AD8ED170A70EE609A98ED3C
:10355000210AD8ED1D0A30EE609A29EEA90A09EE7B
:10356000090A02F099FFD8ED350AF4EEC00AF1EE2F
:1035700010FA08D288F8007088ED2F8A88ED308A1A
:1035800088ED318A9AE098F80000042801D00228DA
:1035900008D1D8ED360AF4EEC00AF1EE10FA7DDD5E
:1035A00088F800A0664A00214FEA090308EB810071
:1035B00002EB810490ED2F0AD4ED000A00EEA80A78
:1035C00010EE104A80ED2F0AB44201DD80ED2FAAE3
:1035D000D0F8BC409C4201D9C0ED2FAA491C032958
:1035E000E4DB92ED001A92ED020AD2ED010AB6EE8A
:1035F000002A71EE001A30EE410A41EEC20A9FED38
:10360000533AD8ED2F1A98ED301A60EE032A98ED50
:10361000310A71EE803A30EE610A03EEC21A60EEB2
:10362000031A98ED140AD8ED253A20EE230AD8EDB6
:10363000133A03EEA90AD8ED153A03EEE00AD8EDE5
:10364000160A00EEC10AD8ED1A0A98ED261A20EEE5
:10365000811AD8ED190A00EE891AD8ED1B0A00EE7E
:10366000E21AD8ED1C0A00EEE11AD8ED1F0AD8EDD7
:10367000271A60EEE12ADFED360A61EE201A40EEED
:10368000421ADFED343A21EE031AF0EE400A42EE20
:10369000A30A42EEA31A00EE421A00E00EE02A4806
:1036A00002EEA31A90ED002AB1EE420AF4EEC01A1F
:1036B000F1EE10FA21D2F0EE401A25E00020B0EE33
:1036C000481AF0EE480AB0EE480A06F01DF801204C
:1036D000B0EE481AF0EE480AB0EE480A06F014F8C8
:1036E0000220B0EE481AF0EE480AB0EE480ABDECEF
:1036F000068BBDE8F05F06F007B8F4EEC21AF1EEF3
:1037000010FA01DDF0EE421AF4EEC00AC8ED321AEA
:10371000F1EE10FA23D21FE0600900200AD7A33B84
:10372000BD378635000000000000484200004842D6
:10373000000048C2000048C20C09002030090020E7
:103740001C0800205800002070000020D7B35D3F07
:10375000D7B35DBFAAAAAA3EF0EE400A06E0F4EE97
:10376000C20AF1EE10FA01DDF0EE420AB4EEC01A20
:10377000C8ED330AF1EE10FA02D2B0EE401A06E0BC
:10378000B4EEC21AF1EE10FA01DDB0EE421A88ED85
:10379000341A00245E46204605F034F908EB840014
:1037A000F0EE480A90ED320A06EBC40080ED010A03
:1037B000C0ED000A05EB840090ED001A204605F0EC
:1037C000A3FF641C032CE6DB0CE600000C499FED14
:1037D0000D0A487081ED2F0A81ED300A81ED310A22
:1037E00038B1012807D0022807D007A109A002F0AC
:1037F000DFBA0EA1FAE70FA1F8E710A1F6E7000083
:103800006009002000000000434F524E45525F33D4
:10381000440000005B4C51525D204D6F6465207385
:10382000657420746F3A2025730D0A00454447459E
:103830005F4D3100454447455F4D320045444745A3
:103840005F4D3300094801219FED090A01700021F5
:10385000C0F8E01080ED390A80ED3A0A80ED3B0AAD
:1038600080F8B810034802F0A3BA000060090020F5
:1038700000000000B8AD00082DE9F0472DED048BE5
:1038800086B0B0EE418AF0EE608AB0EE409A824691
:1038900003282DD219480AEB4A0100EBC10080ED44
:1038A000019AC0ED028A80ED038AC0ED041A11EE80
:1038B000900AFCF758FF8046894618EE100AFCF77C
:1038C00052FF06460F4618EE900AFCF74CFF0446DE
:1038D0000D4619EE100AFCF746FF8DE8F00341ECA7
:1038E000100B0AF1010153EC102B054802F060FAAD
:1038F00006B0BDEC048BBDE8F08700006009002035
:103900004CAE000870B52DED028B82B0B0EE408A4F
:10391000044603281ED212489FED100A04EB44010E
:1039200000EBC10028EE000A80ED050A10EE100A37
:10393000FCF719FF05460E4618EE100AFCF713FFB8
:1039400041EC100BCDE9005653EC102B611C05A087
:1039500002F02EFA02B0BDEC028B70BD35FA8E3C3F
:10396000600900205B4C51525D204D25642042616E
:103970006C616E6365205A65726F20416E676C657D
:103980002073657420746F3A20252E32662064659A
:10399000672028252E346620726164290D0A0000F4
:1039A0007FB5054600200C460090019002900390E0
:1039B00002A9684600F076F8BDF9000000EE100A92
:1039C000F8EEC00A9FED1D0A60EE800AC5ED000A00
:1039D000BDF9020000EE900AF8EEE00A60EE800AFF
:1039E000C5ED010ABDF9040000EE900AF8EEE00A08
:1039F00020EE800A85ED020ABDF9080000EE100AEB
:103A0000F8EEC00A9FED0E0A60EE800AC4ED000ACF
:103A1000BDF90A0000EE900AF8EEE00A60EE800AB6
:103A2000C4ED010ABDF90C0000EE900AF8EEE00AC0
:103A300020EE800A84ED020A7FBD000040DA7F3864
:103A4000295C8F3D10B501F057FD142004F04AFDAC
:103A50000121122001F0EAFD322004F043FD00F0C4
:103A600015F86B2801D0012010BD4421122001F06F
:103A7000DDFD4021102001F0D9FD4C21112001F085
:103A8000D5FD0A2004F02EFD002010BD08B5002051
:103A90008DF80000012269460F2001F08FFD9DF88E
:103AA000000008BD3EB50C4605460C2269462220A2
:103AB00001F084FDBDF800002080BDF802006080A8
:103AC000BDF80400A080BDF806002880BDF80800FD
:103AD0006880BDF80A00A88000203EBD7FB505467D
:103AE00000200C46009001900290039002A96846C5
:103AF00000F0ACF8BDF9000000EE100AF8EEC00AC4
:103B00009FED1D0A60EE800AC5ED000ABDF90200B6
:103B100000EE900AF8EEE00A60EE800AC5ED010AB8
:103B2000BDF9040000EE900AF8EEE00A20EE800AEB
:103B300085ED020ABDF9080000EE100AF8EEC00A91
:103B40009FED0E0A80EE801A84ED001ABDF90A007E
:103B500000EE900AF8EEE00A80EE801A84ED011A79
:103B6000BDF90C0000EE900AF8EEE00A80EE801A33
:103B700084ED021A7FBD000000008038333383419A
:103B800010B52A4888B00024016841F002010160A4
:103B90000068142100F0020006906846FCF74AFB1A
:103BA0004FF440600090112001900120029003200A
:103BB000039069461E48FDF713FC1D484FF48061D1
:103BC00018300160C1140160142004F08BFC8021C6
:103BD0006B2005F020FD322004F084FC00216B20D6
:103BE00005F019FD142004F07DFC8DF8144001222D
:103BF00005A9752005F0E2FC9DF81400682802D0A4
:103C0000012008B010BD0721192005F004FD062190
:103C10001A2005F000FD18211B2005F0FCFC0021F6
:103C20001C2005F0F8FC0020EBE7000030380240D3
:103C30000004024008B500208DF80000012269460A
:103C4000752005F0BBFC9DF8000008BD7FB50C4653
:103C500005460E2269463B2005F0B0FC10B101205C
:103C600004B070BDBDF8000040BA2880BDF8020065
:103C700040BA6880BDF8040040BAA880BDF80800CA
:103C800040BA2080BDF80A0040BA6080BDF80C0040
:103C900040BAA0800020E3E7F0B587B01421684661
:103CA000FCF7C8FA35480024016841F020010160A2
:103CB000016801F020010591016841F08001016077
:103CC000016801F080010591016841F00101016086
:103CD000016801F001010591016841F002010160F4
:103CE000016801F002010591016841F040010160A5
:103CF000016801F040010591016841F01001016087
:103D0000016801F010010591016841F008010160AE
:103D1000016801F008010591016841F004010160AA
:103D20000068174E00F0040040F2FF1505900022D5
:103D300029463046FDF749FC124F0022072138463C
:103D4000FDF743FC00950125CDE901546946304655
:103D50000394FDF745FB07200090CDE90154694627
:103D600038460394FDF73CFB8020CDE9000469460A
:103D700038460294FDF734FB07B0F0BD30380240FE
:103D800000180240000C02400D4810B50B490160BC
:103D90000C49416000214FF480428160C0E9031268
:103DA00041618161C1610162FDF71AFC002803D005
:103DB000BDE81040FDF7B6BA10BD00000054004049
:103DC000AC000020801A06000D4810B50B490160B8
:103DD0000C49416000214FF480428160C0E9031228
:103DE00041618161C1610162FDF7FAFB002803D0E6
:103DF000BDE81040FDF796BA10BD00000058004025
:103E000000010020801A06000D4810B50B49016022
:103E10000C49416000214FF480428160C0E90312E7
:103E200041618161C1610162FDF7DAFB002803D0C5
:103E3000BDE81040FDF776BA10BD0000005C004000
:103E400054010020801A060030B591B000240F9470
:103E50001C2168461094FCF7EDF9202107A8FCF717
:103E6000E9F93248304D20210560C0E901414FF4A5
:103E70005261C0E903148021C0E90541FEF74AFB05
:103E800008B1FDF74FFA0F940FA928481094FEF7D8
:103E900025FA08B1FDF746FA6020CDE90004029446
:103EA0000394049405940022694620480694FEF782
:103EB000CBFA08B1FDF736FA042269461B48FEF733
:103EC000C3FA08B1FDF72EFA082269461748FEF733
:103ED000BBFA08B1FDF726FA0794089409944FF449
:103EE00000500A94CDE90B4007A910480E94FEF744
:103EF000CBF908B1FDF716FA0C48FEF737FA0021A6
:103F00000A48FEF765FB04210848FEF761FB08211B
:103F10000648FEF75DFB686C40F4004068640348A7
:103F2000FEF724FA11B030BD00000140A8010020C6
:103F300010B58AB0002407941C2168460894FCF749
:103F400079F91F481D49C0E900142021816040F221
:103F50008F61C0E9031480218161FEF7DBFA08B1AB
:103F6000FDF7E0F9079407A915480894FEF7B6F99C
:103F700008B1FDF7D7F96020CDE9000402940022D2
:103F800069460F480494FEF75FFA08B1FDF7CAF9D5
:103F9000042269460A48FEF757FA08B1FDF7C2F94C
:103FA000082269460648FEF74FFA08B1FDF7BAF94C
:103FB0000348FEF7DBF90AB010BD00000004004022
:103FC000F001002010B58AB0002407941C21684637
:103FD0000894FCF72FF91F481D49C0E9001420215F
:103FE000816040F28F61C0E9031480218161FEF796
:103FF00091FA08B1FDF796F9079407A915480894B6
:10400000FEF76CF908B1FDF78DF96020CDE90004E9
:104010000294002269460F480494FEF715FA08B18D
:10402000FDF780F9042269460A48FEF70DFA08B147
:10403000FDF778F9082269460648FEF705FA08B147
:10404000FDF770F90348FEF791F90AB010BD0000C2
:10405000000800403802002010B50D480B4C4FF40A
:10406000E131C0E90041002181600C22C160C0E95A
:1040700004128161C161FEF755FC08B1FDF752F9E8
:10408000E06840F02000E06010BD0000001001403A
:10409000C80700200C4810B50A4901604FF4E1310F
:1040A0004160002181600C22C160C0E9041281617D
:1040B000C161FEF737FC002803D0BDE81040FDF7D2
:1040C00031B910BD0044004080070020FEE7000029
:1040D0002DE9F04F2DED068BB1B0F54DF54895ED7E
:1040E000009A01F065FEF44801F062FEF34801F029
:1040F0005FFEF3A001F05CFEFE4E00241021FD489F
:10410000FDF75BFA642004F0EDF9641C0A2CF5DB82
:10411000002210213046FDF758FAF74801F048FE1A
:10412000E348B0EE080AF54980ED000A0320087064
:1041300005F066FC0CA900240DF1280BDFEDF09AC8
:104140009FEDF08AB0EE00AA2B9195E0002C79D07B
:10415000012C78D004202D900020289029900A90DE
:104160000B900C90269027901E9004EB84012590D4
:104170001D901F9023900D900EAF229024902090C0
:104180000591219007F8210007EB81050026688042
:10419000A88085ED028A85ED038A85ED048A611C7D
:1041A000D9A001F005FE0094002C6BD0012C6BD03F
:1041B0000423DA48611C621C01F0FAFD0AAA28A94E
:1041C0000020FDF799F8E0B35FF000008DF83400AF
:1041D000D8460BF104020DF1A00901200DF1A20156
:1041E000FDF78AF880B300208DF8350009F104014D
:1041F00002202B9AFDF780F838B300208DF83600A6
:10420000002025AA4FEA080101EB8003904693EDB8
:10421000000A02EB8003401C83ED000A0328F3DB55
:1042200001EB84002F908B4690ED000A002185ED74
:10423000020A084605F068FB601C2E90C0B20121FE
:1042400004E023E018E01BE022E023E005F05CFB43
:10425000142004F047F94FF0E0208169B04840F89D
:104260002410B04800EB840080ED008AFDF7B2F91D
:104270000746BA46079094E00120F0EE4A8A6AE7C2
:10428000022068E7012394E7032392E701209DE7DA
:104290000120A9E70120B1E7B0EE680A05F096FC1D
:1042A000FDF798F9A0EB0A00642806D3FDF792F910
:1042B000824690482D99FDF780F9FDF78BF9079913
:1042C000401A14286DD3FDF785F9761C0790B6B215
:1042D0000AAA28A90020FDF70FF8B0B35FF000008C
:1042E0008DF834000BF1040209F102010120FDF701
:1042F00003F858B35FF000008DF8350009F10401B0
:1043000002202B9AFCF7F8FF28B300208DF8360026
:1043100000200DAA115CE9B320A9DFF80CC231F826
:1043200010305B1C21F810300BEB800108EB800390
:10433000D1ED000A93ED000A30EEC00A10EE101A1B
:1043400061450ADD30EE690A0FE000E001E001207E
:10435000C6E70120D0E70120D8E710EE101ADFF8F9
:10436000CCC1614501D930EE290A1DA901EB8001BC
:10437000D1ED001AB0EEC01A31EE211A81ED001A0B
:1043800022A901EB800191ED001A31EE000A81EDC6
:10439000000A01E002E004E0C3ED000A401C03282B
:1043A000B8DBFDF717F9C01BB0F5FA6F2046FFF434
:1043B00073AFB0EE480AB0EE401AF0EE400A05F0D6
:1043C000A3F92E980021C0B205F09EFA00224948B8
:1043D0002D99FDF7FAF836B1BDF884006421484301
:1043E000B0FBF6F000E0002008901F98FCF7BBF946
:1043F0008846074636B1BDF8820064214843B0FBC9
:10440000F6F000E0002004901E98FCF7ACF98A4614
:10441000814636B1BDF8800064214843B0FBF6F018
:1044200000E0002000901D98FCF79DF9CDE906788A
:1044300041EC100BCDE9029A53EC102B611C3C4867
:1044400001F0B6FC20A86E8030F81410A9808846D0
:104450002F990027374B91ED000A1DA901EB84022B
:1044600085ED030A92ED000AF2000DF1380985EDA1
:10447000040A4FF0FF3E0A268C4682465CF827006D
:10448000984272DBB2FBF6F13AF8170081426CD821
:10449000002F6DDB28480755059A002009F82200F7
:1044A0005CF8270028613AF81710A98046E0000060
:1044B00070000020E0A80008C49D000824A900089E
:1044C0005B544553545D20506861736520313A2038
:1044D000504734204C454420626C696E6B696E67AE
:1044E00020666F722031207365636F6E642E2E2EEE
:1044F0000D0A000000180240B0A70008500000207C
:104500000000B4430000000024544553545F53544A
:1045100045502C4D2564230D0A00000018A7000803
:10452000540900201008002000003443000034C368
:10453000109F00080000A041540000200BEB8701F1
:1045400091ED000A22A901EB870185ED030A91EDA7
:10455000000AB5EEC00AF1EE10FA28DDFE4A01218C
:1045600042F8241026E000E002E07F1C032F85DBE8
:10457000B8F1000F7DD00598022209F820206420B0
:1045800003F0B0FF641C032CFFF6E0AD00214FF0F8
:10459000010A08464FEA090500EB800215F82220BF
:1045A000002A67D0012A66D0022A64D084E0EA4A51
:1045B00042F824E0FCF7D7F8CDE90201E64850F8CC
:1045C000240001286BD0E5A000907B1C621C611CBC
:1045D000E44801F0EDFB2E980121C0B205F094F9FA
:1045E000142003F07FFF20469FEDDF1ADF49F0EE35
:1045F000480A91ED000A05F087F8DD4E00253046A7
:104600002D99FCF7DAFF642003F06CFF6D1C082D78
:10461000F5DB204605F0F6F9D64800EB8405204688
:1046200085ED008A03F074FF85ED000A2046B0EEA8
:10463000481AF0EE480AB0EE480A05F065F82E98E0
:104640000021C0B205F060F9CB49012000220855D5
:1046500030462D99FCF7B9FFD5ED00AA9FEDC70AAA
:104660006AEE800A9FEDC61A80EE810A10EE100AEB
:1046700002E016E01FE025E0FCF775F805460E465F
:104680001AEE900AFCF76FF841EC100BCDE90056DA
:1046900053EC102B611CBB4801F08AFB6FE7BAA0FA
:1046A00092E705990320621C09F82100611CB8A05B
:1046B00001F07EFB63E7491C401C0328FFF66CAF4A
:1046C00019B104E04FF0000AFAE74FF0000AC048C1
:1046D00080ED009A05F094F9AFF2EC1001F068FB60
:1046E000BC4801F065FBBC4801F062FBB94801F031
:1046F0005FFBBA4801F05CFBB94801F059FB0024AC
:104700000FF2E02B04EB84020EA810F8221001290E
:1047100004D0022904D0032904D005E0B3A102E0AB
:10472000B5A100E0B7A18B4600EB82052869FCF734
:104730001AF806460F46E868FCF715F880468946E1
:10474000A868FCF710F86A883AB1AB884FF0640C9F
:1047500003FB0CF3B3FBF2F300E000230DF1080CB4
:104760008CE80303CDE90667A888CDE900020DF1C6
:1047700038085A46611CA64801F01AFB641C032C39
:10478000BEDB974801F014FB1C98FBF7ECFF0446D6
:10479000BDF862000D4628B1BDF864106422514393
:1047A000B1FBF0F081461798FBF7DDFF0646BDF838
:1047B0004E000F4628B1BDF8501064225143B1FBA2
:1047C000F0F083461298FBF7CEFFBDF83A3043B1C4
:1047D000BDF83C204FF0640C02FB0CF2B2FBF3F28C
:1047E00000E00022BAF1000F01D07EA300E089A30F
:1047F0000894CDE909539DF86030EBB3032B6FD0DB
:10480000012B6FD085A300BFCDF81C900496CDE995
:1048100005739DF84C3083B3032B67D0012B67D011
:104820007EA300BF8DE80B089DF8380030B3032845
:1048300062D0012862D079A17B4801F0B9FABAF1BF
:10484000000F5FD0794801F0B3FA794801F0B0FA6F
:10485000474D012210212846FCF7B7FE4FF47A702D
:1048600003F040FE002410212846FCF7A6FE962007
:1048700003F038FE641C02E030E035E03AE0062C3C
:10488000F1DB002210212846FCF79FFE694880EDED
:10489000038A80ED048A80ED058A80ED068A4FF058
:1048A000FF3004F0D1FE6449012000240870454621
:1048B00004EB840015F82000002804F10100C0B2C8
:1048C0001ED0002105F020F8641C032CF0DB01E071
:1048D00006E007E059A001F06BFA34E041A393E74A
:1048E00066A391E767A38FE73EA39BE763A399E7DE
:1048F00064A397E73BA19FE760A19DE761A19BE7C8
:104900000121DFE7624801F053FA62A001F050FA9A
:104910006F4801F04DFA464801F04AFA144D002460
:1049200010212846FCF749FE3C2003F0DBFD641C07
:10493000142CF5DB002210212846FCF746FE00214E
:10494000084604F0E1FF05F05BF862A001F030FAE0
:1049500031B0BDEC068BC3E058000020434357281C
:104960002D312900D8AB0008E4CB96406800002028
:104970000018024028080020640000200000344392
:10498000DB0F494068A900084357282B3129000054
:1049900020205B4D2564204E6F746963655D204D5A
:1049A0006F746F72202564202F20456E636F6465DD
:1049B00072206973206E6F7420696E7374616C6C01
:1049C00065642028736B6970292E0D0A00000000B1
:1049D0007000002024A90008809D000890AB00080A
:1049E00038A6000850415353000000004641494C8E
:1049F00028493243290000004641494C285354417C
:104A00004C4C2900534B4950284E4F4E452900002D
:104A1000F4A500084641494C000000004641494CBD
:104A20005F5354414C4C0000CC9E00089CA80008E9
:104A30003C9D00080000002050000020436F6E7471
:104A4000726F6C206D6F646520737769746368653D
:104A50006420746F20434C4F5345445F4C4F4F507C
:104A600020666F722063616C696272617465642094
:104A70006D6F746F72732E0D0A000000534B495016
:104A8000000000004641494C5F49324300000000ED
:104A900058A80008546970733A204641494C284987
:104AA000324329202D3E20436865636B2049324301
:104AB00020776972696E672C20332E33562F474E4C
:104AC000442C2070756C6C2D7570732E0D0A0000CF
:104AD000FCA700084F4B20544553540D0A0000001A
:104AE000BDE8F08F30B587B014216846FBF7A2FB14
:104AF0000D480024016841F00801016000680B4D79
:104B000000F008000590224607212846FCF75DFDCD
:104B1000072000900120CDE901046946284603944E
:104B2000FCF75EFC07B030BD30380240000C02409C
:104B30002DE9F04F2DED088B85B04FF000080446AD
:104B4000B0EE08BA0B2540F69807ADF80C809FED43
:104B5000958A02288DED028AF0EE488A00D9002459
:104B60009148005D049091A001F022F9611C9CA085
:104B700001F01EF9A5A001F01BF90021084604F080
:104B8000C3FE04F1010909F0FF00012104F0BCFE9D
:104B9000322003F0A7FC9FEDA91BAAA053EC112B18
:104BA00001F006F92046DFEDB4AAF0EE480AB0EEB7
:104BB0004B0AB0EE6A1A04F0A7FD40F2DC5003F095
:104BC00091FC02AA03A90498FCF796FB0298FBF754
:104BD000CAFD41EC100BBDF90C00009053EC102BFA
:104BE000A6A001F0E5F8B2EE06AADFEDB1BA2A46BA
:104BF0009DED029A1146AF4801F0DAF8DFF8B8A24D
:104C000000264FF0320BDFEDAD9A00BF7AEEABAA73
:104C10002046F0EE480AB0EE4B0AB0EE6A1A04F0F5
:104C200073FD40F2DC5003F068FC96FBFBF10BFBDC
:104C30001160F0B9ADF804808DED008A6A4601A9D3
:104C40000498FCF759FB9DED000A70EE491A11EE2D
:104C5000900A504502DD71EEE91A06E011EE900A65
:104C60009749884201D971EEA91AB0EE409A78EEC0
:104C7000A18A761CBE42C9DB4FF4FA7003F032FC05
:104C8000ADF804808DED008A6A4601A90498FCF70E
:104C900033FB9DED000A30EE490A10EE100A504534
:104CA00002DD30EE690A06E010EE100A84498842FF
:104CB00001D930EE290A204678EE808AB0EE480A03
:104CC000B0EE401AF0EE400A04F01EFD09F0FF00BD
:104CD000002104F019FE00EE905AB0EEE80A10EE42
:104CE000100AF8EEE00AB0F17E5F20EEA99A01DD2D
:104CF00089EE008A73A001F05BF819EE100AFBF749
:104D000032FD41EC100B76A053EC102B009501F016
:104D10004FF818EE900AFBF726FD41EC100B7FA030
:104D200053EC102B01F044F818EE100AFBF71BFDB2
:104D3000B6EE001A41EC100B38EE011A53EC102BB2
:104D400081A0FDEEC18ACDED008A01F031F8B1EE0F
:104D50000C0A8C4838EE400AB0EEC00A10EE101A69
:104D6000814201DA88A008E038EE4A0AB0EEC00AB3
:104D700010EE101A814203DA92A001F019F804E053
:104D800018EE901A9EA001F013F8A9A001F010F8F7
:104D900004F036FEB3A001F00BF805B0BDEC088BB3
:104DA000BDE8F08F00000000540000200D0A3D3DDA
:104DB0003D3D3D3D3D3D3D3D3D3D3D3D3D3D3D3D23
:104DC0003D3D3D3D3D3D3D3D3D3D3D3D3D3D3D3D13
:104DD0003D3D3D3D3D3D3D3D3D3D0D0A000000005A
:104DE00020204D4F544F5220256420504F4C4520D9
:104DF0005041495253204D4541535552454D454E22
:104E00005420285050290D0A000000003D3D3D3D32
:104E10003D3D3D3D3D3D3D3D3D3D3D3D3D3D3D3DC2
:104E20003D3D3D3D3D3D3D3D3D3D3D3D3D3D3D3DB2
:104E30003D3D3D3D3D3D3D3D0D0A00000000000073
:104E400000000840312E20416C69676E696E672052
:104E5000726F746F7220746F20656C656374726911
:104E600063616C207A65726F2028553D252E31666E
:104E700056292E2E2E0D0A00E4CB964020202049E4
:104E80006E697469616C204D656368616E69636108
:104E90006C20416E676C653A20252E326620646571
:104EA0006720285261773A202564290D0A00000006
:104EB000FDAD003D60A70008000034430000B4438E
:104EC000000034C3332E204D6561737572656D65C6
:104ED0006E742046696E69736865643A0D0A000055
:104EE000202020546F74616C20456C656374726976
:104EF00063616C20526F746174696F6E3A20252E65
:104F0000316620646567202825642066756C6C20F6
:104F10006379636C6573290D0A000000202020541A
:104F20006F74616C204D656368616E6963616C20AC
:104F3000526F746174696F6E3A20252E3266206458
:104F400065670D0A0000000020202043616C637536
:104F50006C6174656420506F6C6520506169727378
:104F60003A2020202020252E33662028436C6F73A2
:104F700065737420496E74656765723A20256429EB
:104F80000D0A0000CDCC4C3F2020203E3E20434F58
:104F90004E434C5553494F4E3A204D6F746F72201B
:104FA000686173203720504F4C452050414952537F
:104FB00020283134206D61676E65747329203C3C74
:104FC0000D0A00002020203E3E20434F4E434C550A
:104FD00053494F4E3A204D6F746F722068617320B1
:104FE000313120504F4C45205041495253202832F6
:104FF00032206D61676E65747329203C3C0D0A0098
:105000002020203E3E20434F4E434C5553494F4EA7
:105010003A204D6F746F72206861732025642050B0
:105020004F4C45205041495253203C3C0D0A000052
:105030003D3D3D3D3D3D3D3D3D3D3D3D3D3D3D3DA0
:105040003D3D3D3D3D3D3D3D3D3D3D3D3D3D3D3D90
:105050003D3D3D3D3D3D3D3D3D3D3D3D0D0A0D0A46
:10506000000000004F4B2050500D0A0010B50AA060
:1050700000F09EFE002000F03DF8012000F03AF81C
:10508000022000F037F84FF0FF3004F0DDFABDE801
:1050900010400DA000F08CBE0D0A3D3D3D20537424
:1050A000617274696E6720332D41786973204D54A5
:1050B000363730312053656E736F7220416C6967EB
:1050C0006E203D3D3D0D0A003D3D3D20332D417894
:1050D00069732053656E736F7220416C69676E202F
:1050E00046696E6973686564203D3D3D0D0A0D0A91
:1050F000000000002DE9F0472DED088B86B0044636
:10510000DFED7E8A7E48032C90ED00BA05D30120A6
:1051100006B0BDEC088BBDE8F0877A48002505AAEB
:10512000075DADF81050CDED058A04A93846FCF7AF
:10513000E3F8DFF8D49138B17A1C611C73A000F059
:1051400037FE09F80450D4E0601CC0B2012104F01D
:10515000DBFB322003F0C6F920469FED7A9AF0EE91
:10516000680AB0EE4B0AB0EE491A04F0CDFA4FF4DB
:105170002F7A504603F0B6F9204604F043FC20464F
:1051800004F02EFCB0EE40AA0025DFED6F9A9FEDF3
:105190006F8A4FF4FA6600BF00EE105AB0EE491A5B
:1051A0002046F8EEC00A80EEA90AF0EE680A00EE8A
:1051B000081AB0EE4B0A04F0A7FA204604F022FCCD
:1051C000304603F09AF96D1CC82DE5DD204604F049
:1051D00019FC204604F004FCF0EE68BAF0EE40AA98
:1051E000C825F0EE498A00BF00EE105AB0EE681AEA
:1051F0002046F8EEC00A80EEA90AF0EE6B0A00EE37
:10520000081AB0EE4B0A04F07FFA204604F0FAFBCD
:10521000304603F072F96D1EE6D5204604F0F2FB2D
:10522000C82003F05FF93AEECA0A494910EE100AA5
:10523000884202DD30EE480A06E010EE100A4549C9
:10524000884201D930EE080A0126DFF80C81B5EE5C
:10525000C00AF1EE10FA02DD48F8246003E04FF0D6
:10526000FF3148F82410B0EE6B8A2046B0EE681A81
:10527000F0EE480AB0EE4B0A04F046FA504603F04E
:1052800031F9204604F0BEFB344800EB840520468B
:1052900085ED008A03F03CF985ED000A2046B0EE6A
:1052A000481AF0EE480AB0EE480A04F02DFA09F860
:1052B000046095ED008A9FED2A0A9FED2A1A68EE98
:1052C000000A80EE810A10EE100AFBF74CFA054640
:1052D0000E4618EE100AFBF746FA8DE8630058F800
:1052E0002400012807D020A37A1C611C204800F06C
:1052F0005FFD00200CE71FA3F6E7000000000000A0
:10530000680000205400002064000020416C6967A0
:105310006E204D25643A20456E636F646572206F80
:105320006E204932432564206973206E6F742069B2
:105330006E7374616C6C65642028736B6970292EC0
:105340000D0A0000E4CB964000004843DB0FC94043
:10535000DB0F4940DB0F49C058000020280800201F
:1053600000003443DB0F4940434357282D312900C7
:1053700074AD00084357282B31290000FEE70000D8
:1053800010B504462DED028BB0EE408A03F068FFA5
:105390009FED530A216A79B3411A00EE901AF8EE94
:1053A000600A9FED501A20EE811A00BFB5EEC01AB8
:1053B0004FF07C52F1EE10FA03D911EE101A91421F
:1053C00001DDB0EE401A206294ED000AD4ED070A28
:1053D00094ED042A20EE083A94ED010AF1EE422AF7
:1053E00020EE080A40EE010AF4EEE02AF1EE10FA8F
:1053F00006DDF0EE620A0AE0FFE7B0EE401AD5E7FC
:10540000B4EEE02AF1EE10FA01D2F0EE420AC4ED59
:10541000070A94ED020AB5EEC00AF1EE10FA1BDDA0
:1054200011EE100A3049884216DDD4ED051A78EEE7
:10543000611A20EE210AC0EE011A11EE900AB0F1B5
:105440003F4F02D9FEEE001A08E011EE900A90429A
:1054500004DDF6EE001A01E0DFED241A33EE200A37
:1054600084ED058A30EE210AF4EEC02AF1EE10FA3E
:1054700002DDB0EE620A06E0B4EEC02AF1EE10FAE8
:1054800001D2B0EE420AD4ED031AF5EEC01AF1EEE5
:1054900010FA1FDD11EE100A154988421ADDD4ED0D
:1054A000060A70EE602A82EE812AF4EEC21AF1EE4C
:1054B00010FA04D2B0EE600A01EE810A0AE0F1EEC1
:1054C000612AF4EEC22AF1EE10FA03DDB0EE600AB2
:1054D00001EEC10A84ED060ABDEC028B10BD00008E
:1054E0006F12833ABD3786356F12033B0000000010
:1054F0006F12033A704700002DE9F0412C4886B046
:105500004FF00008016841F002010160006800F0FE
:105510000200059026481030016841F48041016086
:105520000068142100F4804005906846FAF782FE76
:1055300001244FF480550326CDE900541D4FCDE9D9
:10554000024669463846FBF74BFF1A48183005609B
:105550004FF46040009001A9022081E8510005202D
:10556000049069463846FBF73BFF1348C0F80080BB
:10557000016841F004010160016841F0100101601F
:10558000016841F002010160016841F00101016020
:10559000016841F400710160016841F480710160AB
:1055A000016841F04001016006B0BDE8F0810000F3
:1055B000303802400004024000380040F0B50C4F83
:1055C0000E464FF080511546396040F0800000F0E3
:1055D00011F8002405E0FF2000F00CF83055641CA1
:1055E000A4B2AC42F7D34FF480503860F0BD000055
:1055F0001804024010B54CF2503211460A4B01E03B
:10560000491E0ED01C68A407FAD50749091D086079
:1056100001E0521E05D01868C007FAD00868C0B271
:1056200010BDFF2010BD00000838004030B5074C09
:105630000D464FF08051216000F07F00FFF7DAFF48
:105640002846FFF7D7FFA014206030BD18040240A1
:105650007047000010B5194B0021DFED171A9FEDC0
:10566000180A9FED182A0A46F7EE080AB1EE081A42
:1056700003F16C0401EBC10003EB8000C0ED001AE4
:10568000C0ED010A80ED020A80ED030A80ED041AE4
:1056900080ED050A80ED060A80ED070A026201EB43
:1056A000410004EB8000491C80ED002A80ED010AD6
:1056B00082600329DEDB10BDCDCC4C3E7C0800208F
:1056C00000000000A69B443CFCF792BA30B593B0B2
:1056D00030216846FAF7AEFD14210CA8FAF7AAFDAE
:1056E0001E480025016841F080510160006800F00B
:1056F000805011901A48016841F4804101600068AF
:10570000022400F4804011900120009000040190D8
:105710008001CDE90640192008904FF4A870CDE92A
:10572000090404200B906846FCF7EEFB08B172B642
:10573000FEE70CA90F2081E831004FF4A0500F9034
:105740004FF48050109005210CA8FCF7EBFA0028CC
:1057500001D072B6FEE713B030BD00004038024001
:10576000007000400248016841F470010160704718
:1057700088ED00E0104808B50268002142F00802F8
:105780000260006800F0080000900C4801600B4BBC
:10579000532228331A604A1E1B1D1A60074A2432FE
:1057A0001160064914310A6842F001020A6001687A
:1057B00041F00101016008BD40380240000C00408A
:1057C00038B512480024016841F0100101600068FA
:1057D000224600F01000009001213620FCF770FAFC
:1057E0003620FCF75FFA0A4804605321816240F2D8
:1057F000E731C1620121C160416941F001014161AC
:10580000016841F00101016038BD000040380240EC
:105810000010004006480169C90708D06FF0010177
:10582000016104480168491C0160FCF7E1B9704757
:10583000001000403C00002005480168C90706D060
:105840006FF00101016003480168491C0160704765
:10585000101400407C000020F0B50268274D284E4F
:10586000284FDFF8A4C0294B4FF0804EA84209D042
:10587000704507D0B04205D0B84203D0604501D092
:10588000984203D122F070044A682243A8421BD0F8
:10589000704519D0B04217D0B84215D0604513D02A
:1058A000984211D01A4CA0420ED01A4CA0420BD0F4
:1058B000194CA04208D0194CA04205D0184CA04267
:1058C00002D0184CA04203D122F44074CA6822438B
:1058D0004C6922F0800222438C68C4620C688462A6
:1058E000A84201D0984201D109690163016841F0E1
:1058F00004010160012141610260F0BD000001402E
:105900000004004000080040000C0040000401407A
:1059100000400140004401400048014000180040A0
:10592000001C00400020004010B501F01F010123C1
:10593000046A8B409C430462036A8A4013430362F7
:1059400010BD0000F0B5026A036A23F00103036290
:1059500043688469114E24F073050C68104F2C4382
:1059600022F002058A682A43B04201D0B84205D12C
:1059700022F00805CA682A4322F00402B04201D08E
:10598000B84205D14D6923F440731D438B692B4305
:1059900043608461496841630262F0BD00000140D8
:1059A00000040140F0B5026A036A23F010030362A9
:1059B000436884690D6824F4E64444EA05248D684C
:1059C00022F0200242EA05120F4D104EA84201D0EB
:1059D000B04206D1CF6822F0800242EA071222F0DC
:1059E0004002A84201D0B04207D14D6923F4406380
:1059F00043EA85038D6943EA85034360846149680E
:105A000081630262F0BD000000000140000401401B
:105A1000F0B5026A036A23F4807303624368C469C1
:105A200022F4007224F073050C68124E2C438D682A
:105A300042EA05220E4DA84201D0B04206D1CF68FD
:105A400022F4006242EA072222F48062A84201D0D6
:105A5000B04207D14D6923F4405343EA05138D69E1
:105A600043EA05134360C4614968C1630262F0BD43
:105A7000000001400004014030B5036A026A22F4CC
:105A8000805202624268C4690D6824F4E64444EA24
:105A900005248D6823F4005343EA0533084DA842DA
:105AA00002D0084DA84204D14D6922F4804242EA56
:105AB00085124260C46149680164036230BD000020
:105AC000000001400004014010B5806B0021C18539
:105AD000FCF7E7FD10BD01680C3151E8002F22F4FE
:105AE000907241E80023002BF5D10168143151E890
:105AF000002F22F0010241E80023002BF5D1016BB9
:105B0000012909D101680C3151E8002F22F010025F
:105B100041E80023002BF5D1202180F8421000211C
:105B20000163704708B590F84210222901D0022085
:105B300008BD81684FF48053994201D1026922B1B6
:105B4000826A99421BD049B10AE00268816A5268B0
:105B5000C2F308020A80816A891C08E0016971B1F8
:105B60000168496801F07F011170816A491C8162F6
:105B7000C18D491E0904090CC18503D01BE00168D1
:105B80004968F1E70168CA6822F02002CA6001682A
:105B9000CA6822F48072CA6001684A6922F0010270
:105BA0004A61202180F8421000214163026B012AE2
:105BB00003D0FCF757FF002008BD016301680C31DA
:105BC00051E8002F22F0100241E80023002BF5D10C
:105BD00001680A68D20602D50A6849680091818D79
:105BE000FCF75EFDE7E7000070B504460068016958
:105BF000E26821F4405111430161A1682069E26922
:105C000001436069104301432068C26849F20C6394
:105C10009A430A43C26020684169A26921F4407135
:105C20001143416131492068884202D0304988429D
:105C300002D1FCF727F901E0FCF714F9E26900232F
:105C4000192164253226B2F5004F626828D0A0FBE6
:105C50000101930F9200FAF7B5FA0146B0FBF5F097
:105C60006FF01802504301EB800006EB0010B0FB10
:105C7000F5F000F0F002B1FBF5F002EB0012B1FB21
:105C8000F5F06FF01803584301EB800006EB0010AD
:105C9000B0FBF5F000F00F0021681044886070BD83
:105CA000A0FB010192185B41FAF78CFA0146B0FBA8
:105CB000F5F00201B1FBF5F06FF01803584301EB6A
:105CC000800006EBC000B0FBF5F000F0F80002EB3E
:105CD0004002B1FBF5F0584301EB800006EBC00039
:105CE000B0FBF5F000F00700D6E70000001001401F
:105CF0000014014010B500F011F8BDE81040014853
:105D0000FCF7D0BCC807002010B500F007F8BDE8CC
:105D100010400148FCF7C6BC8007002030B51F4981
:105D2000C86802061E4814D50A68120611D54288B2
:105D300083889A4209D01B4A8388D25C4A60828851
:105D4000521CC2F30902828003E0CA6822F080027A
:105D5000CA600A68920616D549680288CBB2110457
:105D600011D40D2B10D00E4900240F4D09880A2B99
:105D7000C1F30D010BD0FF290ED26B5402F4804207
:105D8000491C0A43028030BD42F4804102E06C5459
:105D900042F40041018030BD048030BD001001405C
:105DA000340000208003002080020020FEE7000075
:105DB0000FB4054B10B503A9044A029800F04EFD3C
:105DC00010BC5DF814FB0000658500088000002011
:105DD0004100080218BF04200A0E18BF40F001005D
:105DE0004FF07F4232EA010108BF40F00200012873
:105DF00008BF052070470907090E002804DB00F1E1
:105E0000E02080F80014704700F00F0000F1E0205F
:105E100080F8141D7047000000487047840000207F
:105E200070B54FF068422DED048BF0EE408A18EE0D
:105E3000900AB0EE608A18EE101A02EB4003B3F13C
:105E4000654F3CBF02EB4102B2F1654F7DD200BF0E
:105E5000C0F3C753C1F3C7529A1A1B2A09DD10F0C9
:105E6000004F14BF9FED830A9FED830ABDEC048BA6
:105E700070BD12F11A0F36DA11F0004F09D010F090
:105E8000004F0CBF9FED7D0A9FED7D0ABDEC048B9A
:105E900070BD88EE889A19EE100AFFF799FF042862
:105EA00008BF00F025FB18EE900AFFF791FF0546AA
:105EB00018EE100AFFF78CFF044619EE100AFFF7E0
:105EC00087FF042D18BF052D08D1042C18BF052C01
:105ED00004D1002804BF022000F0D2FBB0EE490A32
:105EE000BDEC048B70BD4200B2EB410F3AD910F00B
:105EF000004F19BFDFED630A9FED630ADFED630A10
:105F00009FED630AB0EE481A0A46B1EE688A80F047
:105F10000041F0EE418A10460A1A5200B2F1807F29
:105F200034D2484010F0004FDFED5A1A9FED5A2A44
:105F30001DBFBEEE001A70EEE10A30EE420AB6EE68
:105F4000001A08BF70EEA10A00E040E008BF30EE82
:105F5000020AB0EE682A01EE482A08EE818AC2EEF3
:105F6000081A15E011F0004F04BF9FED4C0AF0EE47
:105F7000400AD1D010F0004F19BFDFED490A9FED64
:105F8000490ADFED490A9FED490AC5E7C8EE881ABC
:105F900021EEA11A9FED462ADFED462A41EE022AA4
:105FA0009FED452A01EE222ADFED442A41EE022A26
:105FB0009FED432ABDEC048B01EE222A21EE811ACB
:105FC00001EE020A30EE210A30EE200A70BD4FF0D9
:105FD0007F42B2EB400F28BFB2EB410F09D2F0EE87
:105FE000480AB0EE680ABDEC048BBDE8704000F0D2
:105FF00073BA40EA01035B0008BF41F0FF410BD0D8
:10600000B2EB400F08BFB2EB410F08D120F0804047
:1060100008EE900A21F0804108EE101A18E7B2EB62
:10602000400F12BF5FEA410340F0FF4001F0004122
:106030003FF40EAFB2EB410F12BF5FEA400200F037
:10604000004041F0FF413FF403AF4A0092EA4003B1
:106050003FF5FEAE002AACBF9FED1A0A9FED1A0A6B
:1060600068EE808A28EE008A18EE900A18EE101A60
:10607000EEE60000DB0FC9BFDB0FC93FDB0F494075
:10608000DB0F49C00000C9BF22AAFDB90000C93F0B
:1060900022AAFD390060ED3EC30ACE3700000000A1
:1060A000000049C022AA7DBA0000494022AA7D3AD8
:1060B0002DAD65BD8FB8D53D0FB511BE61C84C3E45
:1060C000A8AAAABE0000804F0000802F0000000098
:1060D00030B583B0044600F0BDFA9FED090B0546CC
:1060E0008DED000B002221466846FAF7FEFB28469C
:1060F00000F0C6FA9DED000B03B030BD00000000BB
:10610000000000000000000010EE101A08B5444A1C
:106110006846B2EB410F28D94FF0E640B0EB410F93
:1061200094BF00204FF0FF3000900098002861DB02
:1061300060EE000A10F0010F45D010F0020FDFED05
:10614000391A9FED391A00EEE11ADFED381A40EEE8
:10615000811A21EEA01AF0EE400A40EE010A08BFB3
:10616000F1EE600AB0EE600A08BD314B21F000424A
:1061700093423CD911F0004FDFED2E0A20EE201A99
:10618000DFED2D0A19BF31EE601A71EE200A31EEF3
:10619000201A71EE600ABDEEE01A11EE100A9FEDB2
:1061A000271A00F0030000EEC10A9FED251A0090A7
:1061B00000EEC10A9FED231A00EEC10A9FED221ADC
:1061C00000EEC10AB1E79FED211A9FED210A10F000
:1061D000020F00EE810A9FED1F1A00EE801AB7EE43
:1061E000000A00EE810A18BFB1EE400A08BD00F0B7
:1061F00087F99AE710EE100A4000B0F17F4F3CBFDC
:10620000B7EE000A08BD07D14FF0010000F038FAE0
:10621000BDE8084000F064B9BDE8084000F059B995
:10622000B61F927E336D4C39DA82083CA0AA2ABE92
:10623000490E494683F9223F0000004B0000C93F48
:1062400000A0FD390020A2331A61342CB93AB2BA49
:10625000CA9F2A3DDDFFFFBE10B52DED028BF0EE8B
:10626000408A18EE900AB0EE608A20F00040C0F13B
:10627000FF40C00F07D118EE100A20F00040C0F117
:10628000FF40C00F2BD018EE101A18EE900AFAF744
:10629000CEFB00EE100A10EE100A6FEAD05010F09C
:1062A000FF0F04BFBDEC028B10BD18EE900A00F08A
:1062B000004110EE100A00F00040814204BFBDEC26
:1062C000028B10BD18EE101A10EE100ABDEC028BF6
:1062D00061F31E0000EE900A30EE600A10BD18EE69
:1062E000900A4FF07F41B1EB400F1CBF18EE100A2F
:1062F0005FEA4000C7D1012000F0C2F9BDEC028B7B
:10630000BDE8104000F0ECB800B510EE101A2DED0D
:10631000028B81B0524A6846B2EB410F2ED94FF042
:10632000E640B0EB410F94BF00204FF0FF300090EB
:106330000098B0EE408A00286ADB10F0010F4BD0C5
:1063400068EE080A9FED471A9FED470A00EE810AA2
:106350009FED461A10F0020F00EE801AB7EE000A09
:1063600000EE810A02BF01B0BDEC028B00BD00BF90
:1063700001B0B1EE400ABDEC028B00BD3C4B21F0F8
:106380000042934241D911F0004FDFED3A0A20EE6E
:10639000201ADFED390A19BF31EE601A71EE200ABA
:1063A00031EE201A71EE600ABDEEE01A11EE100A0D
:1063B0009FED321A00F0030000EEC10A9FED301A83
:1063C000009000EEC10A9FED2F1A00EEC10A9FED6A
:1063D0002E1A00EEC10AABE728EE080A9FED2B1A31
:1063E000DFED2B0A10F0020F40EE410A9FED291A53
:1063F00000EE201A61EE000AB0EE480A08EE200A0C
:10640000B6D101B0BDEC028B00BD00F079F88FE78A
:1064100018EE100A4000B0F17F4F0DD218EE100AAE
:10642000FFF7D6FC042808BF00F062F8B0EE480A77
:1064300001B0BDEC028B00BD09D1012000F020F9B4
:1064400001B0BDEC028B5DF804EB00F049B801B07F
:10645000B0EE480ABDEC028B5DF804EB00F039B8F1
:10646000B61F927EB93AB2BACA9F2A3DDDFFFFBE7F
:10647000490E494683F9223F0000004B0000C93F06
:1064800000A0FD390020A2331A61342C336D4C3941
:10649000DA82083CA0AA2ABE10B52DED028BB1EE1F
:1064A000C08A18EE100A20F00040C0F1FF40C00F73
:1064B0000AD010EE100A20F00040C0F1FF40C00FDB
:1064C00004BF012000F0DCF8B0EE480ABDEC028BFE
:1064D00010BD30EE000A704730EE200A7047000011
:1064E000DFED020A80EEA00A704700000000000005
:1064F0009FED020A20EE000A704700000000001025
:106500002DE9F0014FF07F42B2EB410F9FBF4FF0FA
:10651000FF310160BDE8F00170474FF0004242EAF0
:106520000123C1F3C752783A551112F01F0C434CA6
:10653000CCF120067C44C1F3C752A2F178024FEAA5
:10654000621204EB820254F8254008BFD2E90156DA
:1065500012D0556804FA0CF425FA06F73C43976804
:1065600005FA0CF527FA06F8D26807FA0CFCF24097
:1065700045EA08054CEA0206A4FB034CA5FB0352BE
:10658000A6FB03631D449D4234BF01260026131958
:10659000334416B1934202D903E0934201D201225F
:1065A00000E00022624402F1200C9206DC0C42EA78
:1065B000443200EE102A5B03DFED210AF8EEC01A28
:1065C00000EE103A4FEA9C1C11F0004FB8EE400A62
:1065D000C0F800C020EE201A00EE105ADFED190AB4
:1065E000B8EE400A20EE200A71EE810A70EE800AB1
:1065F00010EE902A02F500626FF30B0200EE902A73
:1066000070EEE11A31EEC11ADFED101A30EE411AC8
:106610009FED0D0A20EE800A01EE210A9FED0C1A73
:1066200000EE810A04BFBDE8F0017047CCF1805153
:106630000160BDE8F001B1EE400A70475C37000030
:10664000000000360000802C22AAFD29DB0FC92F94
:106650000000C92F01480068704700008400002036
:1066600002E008C8121F08C1002AFAD1704770471B
:10667000002001E001C1121F002AFBD17047000079
:1066800001490860704700008400002000EE900A75
:10669000F8EEE00A20EE200A704700002DE9FF5FC7
:1066A00082B00021DDE90430020DDDF840B0034383
:1066B00018D044F61050A2F2FF324243151411983C
:1066C00001281FD0A5EB0B00401C5FEA000A4FF029
:1066D00000064E4FDFF83891B046504615D5CAF146
:1066E000000413E0119801244AA3012801D16FEAA4
:1066F0000B010298119AC0E90031C0E9024206B0CC
:10670000BDE8F09FCBF10000DFE704460021404ADE
:10671000491842EB0450CDE9001012E0E00707D021
:1067200032463B4640464946FAF751FA804689468A
:1067300032463B4610461946FAF749FA06460F46D6
:106740006410002CEAD1DDE90401DDE90023BAF18F
:10675000000F06DAFAF73BFA42464B46FAF737FAE9
:1067600005E0FAF7A6FA42464B46FAF7A2FA0446C3
:106770000E460022284BFAF72FFB03D84FF0FF30CC
:10678000014607E00022254B20463146FAF778F90A
:10679000FAF70AFB102409E0002C0ADB0A22002386
:1067A000F9F710FD039B30321A55641E50EA0102BE
:1067B000F2D1641C039AC4F111031444119A012A02
:1067C00003D0012208430DD10AE0084304D0002081
:1067D0004FF0110B119072E7A3EB0B056D1E0DE04E
:1067E0005B4504DD4FF0000205F1010504E003DA2A
:1067F0004FF00002A5F10105002AECD00298119992
:10680000C0E90231C0E9004579E70000000014400A
:106810000000F03F300000000000F0430000E03FC7
:1068200030380A2801D2012070470020704700004C
:1068300010B52DED028B9FED088AF0EE480AFFF7A8
:106840000BFDB5EEC00AF1EE10FA01DA30EE080ADF
:10685000BDEC028B10BD0000DB0FC9402DE9FF4FDE
:1068600095B09A46884606460025EEE1252877D160
:1068700000242746F94A0121039400E0044316F856
:10688000013F203B01FA03F01042F7D130782A286B
:1068900011D06FF02F033078A0F13002092A16D8FA
:1068A000039A44F0020402EB820203EB420210441A
:1068B000761C0390EFE758F8042B0392002A03DAC2
:1068C000504244F40054039044F00204761C3078A3
:1068D0002E2816D116F8010F44F004042A280DD0F2
:1068E0006FF02F023078A0F13003092B09D807EBA5
:1068F000870302EB4303C718761CF3E758F8047BC1
:10690000761C30786C280FD006DC4C2817D068280D
:106910000DD06A2814D104E0742810D07A280FD141
:106920000DE044F400140AE044F4801401E044F45F
:1069300040147278824202D104F58014761C761CD1
:10694000307866280BD013DC582877D009DC002873
:1069500075D04528F6D04628F4D047281AD193E1BF
:1069600018E0632835D0642879D0652812D18BE1EE
:10697000702873D008DC6728F1D069286FD06E28A2
:106980000DD06F2806D1ACE073282CD0752874D0B8
:10699000782853D05246179990476D1C54E1C4F3A0
:1069A0000250022809D003280DD0D8F8001004287E
:1069B0000DD00D6008F1040846E1D8F80010EA1780
:1069C000C1E90052F6E7D8F800100D80F2E70D702B
:1069D000F0E718F8041B8DF8001000208DF8010076
:1069E000EB46012003E058F804BB4FF0FF3061078D
:1069F0004FF0000102D40DE009F101018946B942CE
:106A00000FDA8145F8DB1BF809100029F4D108E002
:106A100009F1010189468142FADB1BF809100029BE
:106A2000F6D103985346A0EB090721463846179A3A
:106A300000F080FA284400EB090507E044E008E193
:106A40000DE01BF8010B524617999047B9F1010967
:106A5000F7D2534621463846179AF2E039E00A2128
:106A6000C4F302524FF0000B0091022A06D058F8EE
:106A7000040BC117032A09D00AE023E008F107003C
:106A800020F00702F2E80201904605E000B2C117CB
:106A9000042A01D140B2C117002906DA0A460021B2
:106AA000404261EB02012D2202E0220504D52B2297
:106AB0008DF80420012203E0E20701D02022F7E74D
:106AC000914657E00A2100E010214FF0000B0091A1
:106AD0000BE010214FF0000B44F004040827009154
:106AE00003E008204FF0000B0090C4F30252022A8A
:106AF00005D058F8040B0021032A08D008E008F15B
:106B0000070020F00702F2E80201904603E080B29D
:106B1000042A00D1C0B24FF0000922072AD53278EA
:106B2000702A07D0DDF800C08CF0100C5CEA0B0C6A
:106B300005D00EE040228DF80420012208E050EA42
:106B4000010306D030238DF804308DF80520022291
:106B50009146009B83F0080353EA0B030AD150EAE5
:106B6000010201D1620705D530228DF804204FF0D3
:106B700001097F1E3278582A04D039A20C920CAA3F
:106B800002920BE03BA2F9E75B46009AF9F71AFB89
:106B90000C9B9B5C029A521E0292137050EA0102F7
:106BA000F2D1029804A9081A00F1200B600702D55F
:106BB00024F4803400E001275F4502DDA7EB0B00E1
:106BC00000E0002000EB0B01009003984944401ABC
:106BD0000390E00306D453462146179A039800F029
:106BE000A9F90544002706E001A85246C05D17999F
:106BF00090476D1C7F1C4F45F6DBE0030CD55346D8
:106C00002146179A039800F095F9054404E03020D6
:106C10005246179990476D1C0099481E0090002914
:106C2000F5DC08E00298029952460078491C02916E
:106C3000179990476D1CBBF10001ABF1010BF1DC22
:106C40005BE100F065F90544761C307800287FF49C
:106C50000DAE19B02846BDE8F08F000009280100EC
:106C600030313233343536373839616263646566C2
:106C70000000000030313233343536373839414284
:106C80004344454600000000600700D4062708F191
:106C9000070020F00700F0E80223804603F0004CD4
:106CA0005FEA0C0001D097A009E0200501D596A06D
:106CB00005E0E00701D095A001E0AFF24C00139091
:106CC000307823F0004365280CD006DC452809D035
:106CD00046281DD047287FD13BE0662818D067287A
:106CE0007AD136E00021112F01DB112000E0781C61
:106CF000CDE9000104A90CA8FFF7D0FCDDE90D01E6
:106D00000C9A4FF0000B07F10109109200914EE030
:106D10004FF000400097CDE9011004A90CA8FFF73F
:106D2000BDFCDDE90D020C9B0F994FF0000B914665
:106D30001093009211B9791C00EB0109B7EB09001F
:106D400003D4C0F1FF3B07F10109A9EB0700019053
:106D500042E0012F00DA01270021112F01DD11206F
:106D600000E03846CDE9000104A90CA8FFF796FC25
:106D7000DDE90D010C9A00914FF0000BB94610921D
:106D800021070FD4009A4A4503DA914601E0A9F1A0
:106D90000109B9F1010F05DD109AA9F10101515C5A
:106DA0003029F4D0B84202DA10F1040F03DA0121DD
:106DB000CDE9011010E0002803DC8344A9EB0001B9
:106DC00002E0411C494500DD8946A0EB0B00401C58
:106DD00001904FF000400290200705D401984845EB
:106DE00002DB4FF0FF30019000208DF84B0002983D
:106DF0000DF14B07B0F1004F25D002200C902B2055
:106E00000D90029800280CDA404202902D200D903F
:106E100007E00A210298F9F7D5FC3031029007F813
:106E2000011D0C99481E0C900029F2DC02980028E4
:106E3000EFD1791E0D980870307800F0200040F0F6
:106E4000450007F8020D11A8C01BC01D0290139841
:106E5000007800B1012000EB0901019801EBE0711D
:106E6000029801440398401A401E0390E00306D4A0
:106E700053462146179A039800F05CF8054413988E
:106E8000007818B15246179990476D1CE00323D53E
:106E900053462146179A039800F04CF805441BE02E
:106EA000BBF1000F07DB0098584504DD10981799D7
:106EB00010F80B0001E017993020524690470198D6
:106EC0000BF1010B401E05F10105019004D12E20AC
:106ED0005246179990476D1CB9F10001A9F10109BB
:106EE000DEDC05E017F8010B5246179990476D1C40
:106EF0000299481E02900029F4DC53462146179A55
:106F000003989EE62D0000002B00000020000000EA
:106F10002DE9F041044600251E461746880404D496
:106F200005E039462020B0476D1C641EF9D528467F
:106F3000BDE8F0812DE9F041044600251E4690464B
:106F4000C80301D5302700E02027880404D505E0D8
:106F500041463846B0476D1C641EF9D52846BDE849
:106F6000F081000010B504462DED028BB0EE408A92
:106F700002F076F9334ADFED340A52F8241091B367
:106F8000411A00EE101A9FED311AB8EE400A20EEB9
:106F9000010A00BFB5EEC00A42F82400F1EE10FA73
:106FA00004D910EE100AB0F17C5F01DDB0EE600A8A
:106FB0002748284900EB840090ED001AD1ED041A0F
:106FC00078EE410A61EE802AB0EEE02AB4EEE22AC1
:106FD000F1EE10FA1EDDF5EEC00AF1EE10FA06D25F
:106FE0004FF0FF320BE0FFE7B0EE600AD2E7F5EEBC
:106FF000C00AF1EE10FA01DD012200E0002200EEED
:10700000902AF8EEE00A60EEA10A00EE801A80ED08
:10701000001A01E080ED008A90ED000A91ED028AED
:10702000C868FFF733FBB0EE401A2046DFED0A0ACE
:10703000B0EE480A02F068FBB0EE480ABDEC028BE5
:1070400010BD0000540900206F12833ABD37863509
:107050001008002068000020000000002DE9F04F1B
:10706000F9482DED028BAFB00088000470D5F74DC4
:1070700000E06D1C28782028FBD00928F9D010F0FA
:10708000FF0F01F0C1810422F1A12846F9F7DDF8D4
:10709000002857D00422F0A12846F9F7D6F8002896
:1070A00050D00522EEA12846F9F7CFF8002849D0A4
:1070B0000522EDA12846F9F7C8F8002842D002229F
:1070C000EBA12846F9F7C1F8002842D00222E9A135
:1070D0002846F9F7BAF800283BD00422E6A1284652
:1070E000F9F7B3F8DFF89883002847D00422E5A128
:1070F0002846F9F7AAF8002840D00422E3A1284640
:10710000F9F7A3F80126002843D00422E1A128467C
:10711000F9F79BF800283CD00422E0A12846F9F7B3
:1071200094F89FEDE08A00287ED00422DEA1284654
:10713000F9F78BF80028F7D0287853283ED0732829
:107140003CD042E0DAA0FEF733FEFCF7C1FFCCE30F
:10715000F4E3A97800200A463139022901D808460B
:1071600008E0202A06D1E978312903D3332901D850
:10717000A1F13100C0B2FDF7DBFCE8E7281DF9F70B
:10718000E5FA08B1012100E0002188F80310D5A03C
:10719000AEE3281DF9F7DAFA012802D048B1D54844
:1071A00044E34FF0FF3002F04FFAD3480670D3A00B
:1071B000F6E7D14803210170D8A0F1E768780028EC
:1071C000B2D02028B0D00928AED00622DBA12846B4
:1071D000F9F73BF800287DD00622DAA12846F9F716
:1071E00034F80028F7D00422D8A12846F9F72DF862
:1071F000D84C00286FD00422D7A12846F9F725F8EB
:107200000028F7D00322D6A12846F9F71EF8002857
:10721000F0D00322D3A12846F9F717F80028E9D0C7
:107220000322D1A1284600E0DEE0F9F70EF800289D
:107230007DD00322CDA12846F9F707F80028F7D022
:107240000422CBA12846F9F700F8002870D00422C8
:10725000C9A12846F8F7F9FF0028F7D00522C8A1F0
:107260002846F8F7F2FF00287ED00522C6A128465E
:10727000F8F7EBFF0028F7D00522C5A12846F8F75C
:10728000E4FF0028F0D00522C3A12846F8F7DDFF6F
:107290000028E9D00322C2A12846F8F7D6FF00282B
:1072A0007DD00322BFA12846F8F7CFFF0028F7D0F2
:1072B0000422BDA12846F8F7C8FFDFF8F4B2002881
:1072C0006ED00422BBA12846F8F7BFFF0028F7D0F4
:1072D000052201E096E0C1E1B8A12846F8F7B5FF24
:1072E00000287DD00522B7A12846F8F7AEFF002878
:1072F000F7D00822B5A12846F8F7A7FF0028F0D05C
:107300000822B5A12846F8F7A0FF0028E9D00322FB
:10731000B4A12846F8F799FF002872D00322B2A141
:107320002846F8F792FF0028F7D0072201E0FDE198
:107330003EE2AEA12846F8F788FF002875D0072264
:10734000ACA12846F8F781FF0028F7D00722ABA1AF
:107350002846F8F77AFF0028F0D00722A9A128468E
:10736000F8F773FF002800E061E2E7D00422A7A14C
:107370002846F8F76AFF002862D00422A5A1284613
:10738000F8F763FF0028F7D00322A4A12846F8F7F6
:107390005CFF002855D00322A1A1284601E04DE260
:1073A000C2E2F8F752FF0028F4D008229DA1284637
:1073B000F8F74BFF0028EDD008229DA12846F8F7EA
:1073C00044FF0028E6D002229CA12846F8F73DFFA2
:1073D000002837D002229AA12846F8F736FF00E0AD
:1073E000B8E20028F5D02CE388ED038A88ED048A02
:1073F00088ED058A88ED068A0020FBF78BFE91A0B8
:10740000CEE6D0E2A81DF9F7A1F9012803D00228A1
:1074100001D08F48C4E6C0B288F80500012805D025
:10742000FCF7AEFB28B1002004E00BE3FCF70AFBFD
:10743000F8E7012088F80400C2B298F8051009E1C5
:1074400001E301E301E3000034000020800200209A
:10745000544553540000000074657374000000002C
:10746000434845434B000000636865636B000000C0
:10747000505000007070000054454C450000000062
:107480000000002074656C65000000004D4F44450D
:10749000000000006D6F64650000000053544F5001
:1074A000000000000000000073746F700000000016
:1074B0000D0A5B434D445D205472696767657269CC
:1074C0006E67204D6F746F72202620456E636F6467
:1074D00065722053656C662D546573742E2E2E0DC7
:1074E0000A0000004F4B2054454C453A25640D0AD4
:1074F0000000000064A50008500000204F4B204D04
:107500004F44453A312028436C6F7365642D6C6F8E
:107510006F70205370656564290D0A004F4B204D34
:107520004F44453A3020284F70656E2D6C6F6F7058
:10753000205370656564290D0A00000053454E53C1
:107540004F52000073656E736F72000048414C4CDF
:10755000000000001C08002068616C6C0000000046
:10756000454E4300656E6300494D5500696D7500D9
:107570005343414E000000007363616E0000000041
:10758000414C49474E000000616C69676E00000085
:1075900043414C494200000063616C696200000095
:1075A000504944007069640042414C2000000000D2
:1075B0006009002062616C2000000000424D4F44D1
:1075C00045000000626D6F646500000042414C5F41
:1075D0004D4F44450000000062616C5F6D6F646553
:1075E000000000004C5152006C71720043414C5F2E
:1075F000494D550063616C5F696D7500494D555F7C
:1076000043414C00696D755F63616C005A45524F90
:10761000000000007A65726F0000000041545400C1
:107620006174740042414C5F5354415400000000A7
:1076300062616C5F7374617400000000454E00006D
:10764000656E00004F4B2053544F500D0A00000050
:10765000809F0008FDA0FEF7ABFB78E517AA15A9EF
:107660000020F9F749FEE8B3002015AD059018AAEF
:107670000120A91CF9F740FEA8B30020049019AA24
:10768000291D0220F9F738FE70B300200C90A046A7
:10769000A068F9F768F806460F461998F9F763F8F5
:1076A00004460D46D8F80400F9F75DF882468B468B
:1076B0001898F9F758F8CDE90201D8F80000F9F761
:1076C00052F8804689461798F9F74DF80A46014660
:1076D0000C9810ABCDE9137083E87000BDF858002A
:1076E00003B202E01CE01DE01EE0049CCDF828A0DF
:1076F000CDE90D30CDE90BB4DDE90234CDE9083434
:10770000BDF8564005988DE8060304A923B281E828
:107710001900BDF85420D44811B2FEF749FB16E514
:107720000120A2E70120A9E70120AFE7CF484FF0F1
:10773000000B4079012802D0022803D005E0FCF7B5
:10774000A5F901E0FCF776FA8346C94EB068F9F76F
:107750000AF804460D467068F9F705F807468846AA
:107760003068F9F700F80C36CDE90601B068F8F793
:10777000FAFF81468A467068F8F7F5FFCDE9020105
:107780003068F8F7F0FFCDE90001CDE90878CDE9E0
:107790000A45B648CDE9049A4179012906D0B5A138
:1077A00002795B46B848FEF703FBD0E4B7A1F7E7E0
:1077B000BBA0FEF7FDFA01254FF6FF7404EA450170
:1077C00005230222C048F9F7CFFF18B92946BFA008
:1077D000FEF7EEFA6D1C802DF0DBBEA0FEF7E8FA96
:1077E0005FF0010504EA450105230222BC48F9F7D0
:1077F000BBFF18B92946B5A0FEF7DAFA6D1C802D3B
:10780000F0DBB8A0FEF7D4FA5FF0010504EA450109
:1078100005230222B648F9F7A7FF18B92946ABA0FD
:10782000FEF7C6FA6D1C802DF0DBB2A07DE3B7A099
:10783000FEF7BEFAFDF71AFCBCA076E38DED058AD3
:107840008DED078A8DED068AEC78BB4E06A8312CAB
:107850001BD0322C19D0332C17D0009007AB05AABF
:10786000B6A1E81CF8F700FD014602285ADBDDE965
:107870000542DDF81C50002000EBC00306EB83033B
:107880000329C3E9004534D034E0009007AB05AAD2
:10789000AAA1281D313CF8F7E7FC022826DB04EBFF
:1078A000C40106EB8101059A0A60079D91464D606F
:1078B000032803D19DED060A81ED020A8868F8F7D6
:1078C00052FF074688462846F8F74DFF05460E4604
:1078D0004846F8F748FF41EC100B8DE8E00153EC07
:1078E000102B611C98A0FEF763FA8FE2611C9FA029
:1078F00054E09A60401C0328BEDB1046F8F733FFC3
:10790000074688462846F8F72EFF05460E462046CD
:10791000F8F729FF8DE8E00141EC100B9EA053EC35
:10792000102B22E3A6A000E3281DF8F70FFF012883
:1079300005D00020FBF7EEFBACA0F6E25CE30121F2
:10794000002001F0E1FF0120FBF7E4FB9BF80110B0
:10795000AEA023E06C1D0822AFF290312846F8F764
:1079600074FC30B10822AFF290312846F8F76DFC74
:1079700018B905F1080400E0641C20782028FBD029
:107980000928F9D02046F8F7E1FE0446401E0328F6
:1079900007D8C0B2FBF71AFF2146A6A0FEF708FAE7
:1079A00034E2A848C1E28DED088A8DED098A8DED9B
:1079B0000A8A8DED078AE8789BF80140EF1C5E4645
:1079C000312803D0322801D0332802D1A0F131046C
:1079D0002F1D07A90AA8CDE9000109AB08AA9AA1A1
:1079E0003846F8F741FC032829DB042828D004EBAB
:1079F000440006EBC000D0ED041A08A9E0B291ECF7
:107A0000030AFBF739FF04EB440006EBC0052869C5
:107A1000F8F7A9FE82468B46E868F8F7A4FE804690
:107A20008946A868F8F79FFE06460F466868F8F78B
:107A30009AFE41EC100B611C53EC102B0AE112E191
:107A40000EE1F1E111E114E139E1E2E14F4B2053A4
:107A5000454E534F523A2564206F6E6C696E653DFA
:107A600025640D0A00000000ACA9000800000020F9
:107A7000880000204D50552D363035302028536F6A
:107A800066742D4932432900FCAA00084C534D3638
:107A900044535254522028535049322900000000C8
:107AA0002D2D2D2049324320427573205363616E82
:107AB0002028312D31323729202D2D2D0D0A493224
:107AC00043313A2000000000AC000020307825301F
:107AD000325820000D0A493243323A20000000009B
:107AE000000100200D0A493243333A200000000013
:107AF000540100200D0A2D2D2D20456E6420536366
:107B0000616E202D2D2D0D0A00000000537461724E
:107B100074696E67204D6F746F7220416C69676E77
:107B20006D656E742E2E2E0D0A0000004F4B204105
:107B30004C49474E0D0A00007C0800202566202590
:107B400066202566000000004F4B20504944256404
:107B50003A20503D252E33662C20493D252E336694
:107B60002C20443D252E34660D0A0000455252203B
:107B700050494420666F726D6174202855736167A7
:107B8000653A205049442564203C503E203C493E03
:107B9000205B445D290D0A004F4B20414C4C205086
:107BA00049443A20503D252E33662C20493D252E50
:107BB00033662C20443D252E34660D0A000000005B
:107BC0004552522050494420666F726D61742028DE
:107BD00055736167653A20504944203C503E203C33
:107BE000493E205B445D290D0A0000004F4B2042B6
:107BF000414C3A30202842616C616E6365204469D3
:107C00007361626C6564290D0A0000004F4B2042CD
:107C1000414C3A31202842616C616E636520456EAB
:107C200061626C65642C204D6F64653D2564290D8F
:107C30000A0000004F4B20424D4F44453A25640D49
:107C40000A000000ACA500082566202566202566F0
:107C5000202566008DE8C00FE8A0FEF7A9F8D3E361
:107C6000DDED071AC9E6F1A05FE1FBF7EBFDFEA031
:107C70005BE128799BF80140291D312803D0322887
:107C800001D0332802D1A0F13104691D0846FEF766
:107C90001FFA51EC100BF8F779FD08EE100AE0B26C
:107CA000B0EE480AFBF72EFE18EE100AF8F75BFD5F
:107CB00041EC100B611C53EC102BF7A006E19BF874
:107CC0000070FBA55C46012F06D0022F06D0032FC3
:107CD00006D0042F06D006E0F8A504E0FAA502E0DD
:107CE000FBA500E0FDA560782A902B9000EB4000FA
:107CF00004EBC00696ED050ADFEDFC0A20EE200A33
:107D000010EE100AF8F72FFDCDE924013069F8F7DD
:107D10002AFDCDE92201F068F8F725FDCDE9200123
:107D2000B068F8F720FDCDE91E017068F8F71BFD7B
:107D3000CDE92C01D4F8D0008034F8F714FDCDE95A
:107D40001C01E06CF8F70FFDCDE91A01A06CF8F703
:107D50000AFDCDE91801606BF8F705FDCDE91401C6
:107D6000206BF8F700FDCDE91201E06AF8F7FBFCA3
:107D7000CDE91001E069F8F7F6FCCDE90E01A06944
:107D8000F8F7F1FCCDE90C016069F8F7ECFCCDE9FE
:107D90000A016068F8F7E7FCCDE908012069F8F707
:107DA000E2FC82468B462068F8F7DDFC8046894677
:107DB000E068F8F7D8FC02460B46DDE92401CDE97E
:107DC0002801DDE92201CDE92601DDE92001CDE927
:107DD0002401DDE91E01CDE92201DDE92C01CDE917
:107DE00020012B98401C1E9094F83800169002A891
:107DF00080E80C0F2B98032809D0BDA02A9B009087
:107E00003A462946BC485B1CFDF7D2FFFCE2BBA00A
:107E1000F4E7A87820282ED009282CD0312809D0C2
:107E2000322812D033281BD028784D2851D06D2805
:107E30004FD059E0E81CF8F789FCC1B2012001F0ED
:107E400063FD98F80010B0A0A8E5E81CF8F77EFCE8
:107E5000C1B2022001F058FD98F80110ADA09DE5D7
:107E6000E81CF8F773FCC1B2032001F04DFD98F84F
:107E70000210ABA092E504A800900296039603AB13
:107E800002AAAAA10496A81CF8F7EEF9032803D0C9
:107E900001280FD0A8A048E00298C1B2012001F04B
:107EA00033FD0398C1B2022001F02EFD0498C1B247
:107EB000032002E00298C1B2002001F025FD98F8ED
:107EC000023098F8012098F80010A6A0FDF770FF86
:107ED0009AE26978202912D0092910D0312908D0D6
:107EE000322908D0332908D054285AD0742858D0C1
:107EF00065E0A81CEAE1A81CF9E1A81C08E28DEDE8
:107F0000048A8DED068A8DED058A05A806AB04AAC4
:107F1000AFF2D8310090681CF8F7A6F9032807D013
:107F2000012825D0022825D092A0FDF741FF6BE261
:107F30000498C8F81000069C8146C8F814400598BB
:107F4000C8F81800F8F70FFC06460F462046F8F769
:107F50000AFC04460D464846F8F705FC8DE8F0009B
:107F600041EC100B91A053EC102BFDF721FF4BE2DD
:107F7000049850E1049EC8F810600698C8F81400F0
:107F8000F8F7F1FB04460D463046F8F7ECFB41EC00
:107F9000100B8EA053EC102BCDE90045FDF708FF28
:107FA00032E26978202920D009291ED02B291CD043
:107FB0002D291AD0A1F13002092A16D9A9B15528C4
:107FC00014D0752812D0DFF81CA24C280FD06C28D2
:107FD0000DD031280CD032280BD033280AD04828B5
:107FE00009D0682807D03F28FEE00DE123E148E1F1
:107FF0006BE17BE18BE130E109E200004F4B204C6B
:10800000515225643A204B703D252E32662C204B70
:10801000643D252E32662C204B773D252E34662C70
:10802000204B693D252E34660D0A00004552522032
:108030004C515220666F726D6174202855736167D0
:10804000653A204C51525B312F322F335D203C4B2F
:10805000703E203C4B643E203C4B773E205B4B699E
:108060005D290D0A000000004F4B2043414C5F4941
:108070004D5520284B656570204375626C692073EF
:1080800074696C6C20666F722031207365636F6E4B
:1080900064290D0A000000004F4B205A45524F251D
:1080A000643A20252E3266206465670D0A000000C0
:1080B00044495341424C45440000000043414C496F
:1080C00042524154494E47005354414E4442590094
:1080D00042414C414E43494E4700000046414C4C02
:1080E0005F50524F5445435400000000E02E65425B
:1080F00031445F454447450020AC000833445F43AA
:108100004F524E45520000004F4B20454E313A250C
:10811000640D0A004F4B20454E323A25640D0A008B
:108120004F4B20454E333A25640D0A002564202527
:10813000642025640000000045525220454E206610
:108140006F726D6174202855736167653A20454EE2
:10815000203C65313E203C65323E203C65333E2963
:108160000D0A00004F4B20454E3A256425642564D6
:108170000D0A0000455252204D20666F726D6174E9
:10818000202855736167653A204D203C76313E20AA
:108190003C76323E203C76333E206F72204D3120BB
:1081A0003C76616C3E290D0A000000004F4B204DCB
:1081B000313A252E32662C4D323A252E32662C4D20
:1081C000333A252E32660D0A000000004F4B204D39
:1081D000313A252E32662C4D323A252E32660D0A62
:1081E000000000007800002037D004228AA1284631
:1081F000F8F72BF888B3042289A12846F8F725F868
:1082000058B3294688A01FE6681CFDF761FF51ECB2
:10821000100BF8F7BBFAC8F80C00C8F81000C8F843
:108220001400C8F81800F8F79EFA41EC100B85A06E
:1082300053EC102B7BE0681CFDF74AFF51EC100B50
:10824000F8F7A4FA00EE100A824A10EE100A8249EA
:10825000904203DA9FED810A06E06BE010EE100A0F
:10826000884201DD9FED7E0A7E4880ED000A10EE17
:10827000100AF8F778FA41EC100B7BA053EC102BA6
:1082800055E0681CFDF724FF51EC100BF8F77EFA5F
:1082900000EE100A784910EE100AB0F17E5F02DAA3
:1082A000B7EE000A05E010EE100A884201DD9FEDEE
:1082B000730A8AED000A10EE100AF8F754FA41EC3E
:1082C000100B6FA053EC102B31E0681CFDF700FF82
:1082D00051EC100BF8F75AFAC8F81000F8F743FA07
:1082E00041EC100B6AA053EC102B20E0681CFDF74A
:1082F000EFFE51EC100BF8F749FAC8F81400F8F744
:1083000032FA41EC100B66A053EC102B0FE0681C06
:10831000FDF7DEFE51EC100BF8F738FAC8F818003C
:10832000F8F721FA41EC100B61A053EC102BFDF78C
:108330003FFD69E0A146A068F8F715FA04460D462E
:10834000D8F81800F8F70FFA06460F46D9F80400D7
:10835000F8F709FACDE90A01D8F81400F8F703FA9A
:10836000CDE90801D9F80000F8F7FDF9CDE90601DB
:10837000D8F81000F8F7F7F9CDE90401DAF80000B1
:10838000F8F7F1F9814637488A460068F8F7EBF9C3
:108390000A460146CDE9184598F802001496CDE941
:1083A0001570DDE90A34CDE91234DDE9083498F8B6
:1083B0000100CDE90E341090DDE90634CDE90C342E
:1083C00098F800000A90DDE904343D48CDE908340E
:1083D0000078012812D03BA098F8053098F80340A7
:1083E0000494CDE905308DE806069BF801309BF832
:1083F000002003F1010303D135A102E034A0EBE733
:1084000030A13648FDF7D4FC3548002101802FB05B
:10841000BDEC028BBDE8F08F48454C5000000000D9
:1084200068656C700000000045525220556E6B6EFE
:108430006F776E20636F6D6D616E643A2025730DEA
:108440000A0000004F4B20414C4C3A252E32660D5D
:108450000A000000CDCCCC3D9A99D940CDCCCC3D82
:108460009A99D940700000204F4B2056713A252E22
:1084700032660D0A000000000000A0420000A04289
:108480004F4B20566C696D3A252E32660D0A00005E
:108490004F4B204D313A252E32660D0A0000000068
:1084A0004F4B204D323A252E32660D0A0000000057
:1084B0004F4B204D333A252E32660D0A0000000046
:1084C000500000204F50454E5F4C4F4F5000000071
:1084D000434C4F5345445F4C4F4F500010A0000891
:1084E0003400002070B50446F9F774F80546F9F732
:1084F00071F8401BA042FAD370BD70B5044600F07D
:10850000AFFE054600F0ACFE401BA042FAD370BDA2
:10851000032802D39FED0F0A70470F4901EB80013A
:1085200091ED000A0D4951F8201000EE901A0A4909
:108530000C3101EB8000B8EEE01AD0ED001A0848CB
:10854000D0ED000AF8EEE00A61EEA00A11EE200A72
:10855000FEF76EB900000000280800205800002037
:108560007400002030B50B4A5188491CC1F309033F
:10857000094903E0CC6844F08004CC609488A342AD
:10858000F8D0064C558860555380CA6842F0800286
:10859000CA6030BD3400002000100140800300207C
:1085A0002DE9F04F07460068534985B0884205D150
:1085B000DFF848A14026D146802511E05049884285
:1085C00005D1DFF840A10226D146012508E04E4939
:1085D00088427CD1DFF834A18615DFF83491451547
:1085E0004FF0040829464846F8F7E2FF18B138680A
:1085F000806980077CD53868016841F400410160DA
:108600000520FFF77AFF3868016821F40041016016
:108610003868016821F00101016014216846F7F70C
:1086200009FE012403204FF0110BCDE90240CDE9F2
:10863000006B69465046F8F7D3FE00200095CDE95F
:10864000010469464846F8F7CBFE00240022314673
:108650005046F8F7BAFF0520FFF74FFF01223146D9
:108660005046F8F7B2FF0520FFF747FF2946484676
:10867000F8F79EFF012802D0641C092CE6DBCDE947
:10868000005B69464846F8F7ABFE0022294648469B
:10869000F8F79BFF0520FFF730FF012231465046D7
:1086A000F8F793FF0520FFF728FF012229464846E7
:1086B000F8F78BFF0520FFF720FF4FF0120BCDE9F5
:1086C000006B012403266946504602AA00E00FE031
:1086D00082E85001F8F784FE02AA694682E8500158
:1086E000CDE9005B4846F8F77BFE3846F8F778FF9F
:1086F00005B0BDE8F08F00000054004000040240C7
:108700000058004000140240005C0040000002409D
:108710000008024008B500200090401C0090192875
:10872000FBDB08BD7FB505461E4E00200390306878
:108730000C4628B18069800702D53046FFF730FF2C
:108740000A22022103A88DE80700012303220C213D
:108750001448F9F7BFF860B113490870306C4860ED
:108760001048FFF71DFF202086F83D00012004B0CF
:1087700070BD9DF80C00DFED0D0A81019DF80D0024
:1087800041EA900000EE100A28800020B8EEC00AEE
:1087900020EE200ADFED060A20EE200A84ED000A12
:1087A000E5E70000AC0000202C0000200000B443EE
:1087B000000080387FB505461C4E002003903268CB
:1087C0000C462AB19069800702D53046FFF7E8FED3
:1087D0000A22022103A88DE80700012303220C21AD
:1087E0001248F9F777F840B11048FFF7D9FE20207A
:1087F00086F83D00012004B070BD9DF80C009DF886
:108800000D10800140EA910200EE102ADFED080A07
:108810002A80B8EEC00A002020EE200ADFED050A0B
:1088200020EE200A84ED000AE5E7000000010020A8
:108830000000B443000080387FB505461C4E002080
:10884000039032680C462AB19069800702D5304601
:10885000FFF7A6FE0A22022103A88DE807000123E4
:1088600003220C211248F9F735F840B11048FFF700
:1088700097FE202086F83D00012004B070BD9DF8D1
:108880000C009DF80D10800140EA910200EE102AC4
:10889000DFED080A2A80B8EEC00A002020EE200A88
:1088A000DFED050A20EE200A84ED000AE5E700006E
:1088B000540100200000B443000080382DE9F05F2F
:1088C0001C4E4FF40067834600243760DFF864A035
:1088D00025464FF48068AAF1080A4FF080696006C7
:1088E000040EC6F80080FFF715FFDAF80000000557
:1088F00001D544F00104C6F80090FFF70BFF6D1C92
:10890000EDB2082DEBD3BBF1000F03D04FF00060A8
:10891000306000E03760FFF7FDFEC6F80080FFF72B
:10892000F9FEC6F800903760FFF7F4FE2046BDE878
:10893000F09F00001804024010B50A4C4FF400608C
:10894000206040102060FFF7E5FE4FF000602060DF
:10895000FFF7E0FE4FF080602060BDE81040FFF7B9
:10896000D9BE00001804024010B5074C4FF000605B
:10897000206040142060FFF7CDFEE0142060BDE8C9
:108980001040FFF7C7BE0000180402402DE9F04771
:108990001B4E054600244FF400674FF0006A4FF469
:1089A00080684FF08069280601D5376001E0C6F87D
:1089B00000A06806050EFFF7ADFEC6F80080FFF7C1
:1089C000A9FEC6F80090FFF7A5FE641CE4B2082CCF
:1089D000E9D33760FFF79EFEC6F80080FFF79AFEE6
:1089E000074808380068C6F80090C0F3C024FFF7B5
:1089F00091FE14B10120BDE8F0870020FBE70000E4
:108A00001804024010B50446032809D200F0FAFF0A
:108A10002046FFF77DFD034800EB840080ED000A4F
:108A200010BD00000C0900202DED048BAEB0F9F74D
:108A3000E7F8FCF74BFEFBF72FF9FBF72BFBFBF7F7
:108A40000BFBFBF7C1F9FBF79FF9FBF7DDF9FBF730
:108A50006FFAFBF7B7FAFBF7F7F9F9F7FDF90146FB
:108A6000D6A0FDF7A5F9F9F7FDF94100DEA0FDF765
:108A70009FF9F9F707FA4100E4A0FDF799F9FCF72F
:108A800031F8FCF777FEFCF79BFEE94C0122102140
:108A90002046F8F79AFDC820FFF724FD0022102198
:108AA0002046F8F792FDE348B2EE080A80ED000A8E
:108AB000E148B1EE080A80ED000A9FEDE00AE048C7
:108AC000E04980ED000A03200870DF4907200860B4
:108AD000FCF7C0FDFAF794FB4FF0FF3000F0B4FD57
:108AE0000021084600F010FFD8A0FDF761F9DFF87B
:108AF000908301254FF0000998F80500012803D064
:108B00004446022814D022E0DE48FDF751F9FAF776
:108B100099FF30B188F80490FAF7B8FF0146DAA05F
:108B200013E088F80450FAF7B1FF0146E5A00CE025
:108B3000EDA0FDF73DF9FBF723F8002847D084F8B6
:108B40000490FBF777F80146F4A0FDF731F9FE48F1
:108B5000FDF72EF9CA49FD4A24310020F8F7CCFB75
:108B600098B30020C64CF94DA41D04F11E062070D8
:108B70002A1DB11C0120F8F7BFFB38B30020F34ACF
:108B800060700832311D0220F8F7B6FB48B30020B0
:108B9000BB498346891DAA468870A868F7F7E3FD9C
:108BA00006460F46DAF80400F7F7DDFD04460D46E9
:108BB000DAF80000F7F7D7FD41EC100BBBF1000F1E
:108BC000CDE906670FD0E2A00EE006E007E02571D0
:108BD000FBF730F80146E0A0B7E70120C2E701202B
:108BE000CDE70120D4E7E5A00294CDE90350A448E5
:108BF000801D417809B1D6A100E0E0A10091007884
:108C000008B1D3A100E0DDA153EC102BDDA0FDF7EE
:108C1000CFF80021EA48F9F7DBFC0421E848F9F72E
:108C2000D7FC0821E648F9F7D3FC0021E548F9F71D
:108C3000CFFC0421E348F9F7CBFC0821E148F9F720
:108C4000C7FC00F0DDFEE048FDF7B2F89FEDDF0A5B
:108C5000444688ED030A88ED040A88ED050A88ED8C
:108C6000060ADFF86C83DB4DF8F7B4FC216A411A81
:108C7000052929D300EE101AB8EE400ADFEDD60A16
:108C80002062207920EE208AD0B16079012802D0BC
:108C9000022807D00CE0AD490C39A1F10C00FAF71D
:108CA0007FFE05E0A9490C39A1F10C00FAF716FF87
:108CB000A649B0EE480A0C39A1F10C00FAF73AF9CE
:108CC000287808B1FAF724FBD8F80010282972D3C5
:108CD000C8F80090E069401CE061C04890ED000ACF
:108CE000DFEDBF0A20EE201A9FEDBE0A81EE008A5A
:108CF00090ED011A21EE201AC1EE008A90ED021AC1
:108D0000E07861EE200A002880EE809A54D0D5F8F1
:108D10009000F7F728FDCDE92201D5F88C00F7F790
:108D200022FDB14ECDE92001B068F7F71CFDCDE979
:108D30001E017068F7F717FDCDE91C013068F7F7E1
:108D400012FDCDE91A0119EE100AF7F70CFDCDE975
:108D5000180118EE900AF7F706FDCDE9160118EE96
:108D6000100AF7F700FD794ECDE91401183EB068FE
:108D7000F7F7F9FCCDE912017068F7F7F4FCCDE9DB
:108D800010013068F7F7EFFC0C36CDE90E01B06842
:108D9000F7F7E9FCCDE90C017068F7F7E4FCCDE9E1
:108DA0000A013068F7F7DFFC904ECDE90801B068A2
:108DB000F7F7D9FC1CE105E294E100000D0A2D2D26
:108DC0002D2053544D333246343037205379737449
:108DD000656D20436C6F636B3A20256C6420487A84
:108DE000202D2D2D0D0A00002D2D2D20415042311A
:108DF0002054696D657220436C6F636B3A20256C5B
:108E00006420487A202D2D2D0D0A00002D2D2D20B7
:108E1000415042322054696D657220436C6F636B20
:108E20003A20256C6420487A202D2D2D0D0A000053
:108E3000001802406C00002070000020000070420A
:108E400078000020500000207400002033206D6F57
:108E5000746F727320696E697469616C697A656494
:108E600020616E642049444C45202853616665208A
:108E70004C6F636B204D6F6465292E0D0A00000056
:108E8000000000207CA600084C534D364453525439
:108E90005220696E6974206661696C6564206F7226
:108EA000206E6F7420726573706F6E64696E6720D8
:108EB0002857484F5F414D5F493D30782530325843
:108EC000290D0A004C534D364453525452207265BA
:108ED000616479212057484F5F414D5F493D3078AB
:108EE000253032580D0A0000496E6974204D5055E6
:108EF0002D36303530206F6E20736F667420493206
:108F0000432028504231303D53434C2C20504231B5
:108F1000313D534441292E2E2E0D0A004D50552D22
:108F20003630353020696E6974206661696C65641D
:108F3000202857484F5F414D5F493D3078253032FA
:108F400058290D0A00000000C89F0008A00000205A
:108F50004F4E4C494E4500004D50552D3630353062
:108F6000207265616479212057484F5F414D5F4908
:108F70003D3078253032580D0A0000004F46464CEF
:108F8000494E45004D54363730313A204D313D255C
:108F90007328252E316620646567292C204D323DCB
:108FA000257328252E316620646567292C204D33D2
:108FB0003D257328252E316620646567290D0A003A
:108FC000F001002038020020C4A6000800000000C4
:108FD0003C000020600900206F12833A3408002012
:108FE00000003443DB0F49401C080020100800201B
:108FF000CDE906017068F7F7B6FBCDE904013068EA
:10900000F7F7B1FBCDE902018D480068F7F7ABFB3C
:1090100006460F46A069F7F7A6FBCDE90001606997
:10902000F7F7A1FB82468B462069F7F79CFB41ECE2
:10903000100B28782C90DDE92201CDE92A01DDE929
:109040002001CDE92801DDE91E01CDE92601DDE998
:109050001C01CDE92401DDE91A01CDE92201DDE998
:109060001801CDE92001DDE91601CDE91E01DDE998
:109070001401CDE91C01DDE91201CDE91A01DDE998
:109080001001CDE91801DDE90E01CDE91601DDE998
:109090000C01CDE91401DDE90A01CDE91201DDE998
:1090A0000801CDE91001DDE90601CDE90E01DDE998
:1090B0000401CDE90C01DDE90201CDE90A01A17845
:1090C000607822780496CDE90701CDE90572DDE9E3
:1090D0000001CDE9020153EC102B5A48CDE900AB59
:1090E000FCF766FEE2690520B2FBF0F100FB1120FF
:1090F00018BB207820B101215348F8F75EFA04E04C
:10910000002201215048F8F760FA607820B102216E
:109110004D48F8F752FA04E0002202214A48F8F7D5
:1091200054FAA07820B104214748F8F746FA04E041
:10913000002204214448F8F748FAE069192847D387
:10914000C4F81C90E078E8BB3D480068F7F70BFBDB
:1091500006463E480F468068F7F705FB82463B48C7
:109160008B464068F7F7FFFACDE900013748006801
:10917000F7F7F9FA41EC100B3548CDE910670068B4
:109180003349091F0968324A083A1268CDF828A005
:10919000CDE90D102F48CDE90BB200682D49091F0C
:1091A00009682C4A083A12680692CDE90710DDE9F1
:1091B0000001CDE904012848C26B816B406B8DE84A
:1091C000070000E004E053EC102B2448FCF7F0FD0E
:1091D000287838BB207828B1002094ED040A00F0EC
:1091E00045F806E01C49C1F83490C1F83890C1F840
:1091F0003C90607828B1012094ED050A00F036F823
:1092000009E014490839C1F80090091DC1F800901F
:10921000091DC1F80090A07828B1022094ED060A3B
:1092200000F024F809E00A490839C1F80090091D46
:10923000C1F80090091DC1F80090FDF70FFF13E57C
:1092400070000020089E000800180240100800204E
:109250003C0800403C04004000000140B0AA000867
:109260000148006870470000240C00402DE9F05FC1
:1092700004462DED048BF0EE408A032828D2B64830
:10928000B7490278B54801EB84089FEDB68ADFF84C
:10929000D89200EBC406002A7ED0B448012A00EB25
:1092A000840519D0032A78D0042A11D1204600F071
:1092B000A9FBAF48B0EE680A00EB8400C0ED008A5D
:1092C0002046FDF74FFE00BF86ED010A86ED008ABD
:1092D000BDEC048BBDE8F09F2046FFF793FBA64949
:1092E000B0EEE89A01EB840BA449A64AC5ED008ACA
:1092F00019EE100A01EB840A9E4BA14902EB84058A
:1093000004EBC40201EB820798422ADA9E48DBEDA7
:10931000000A50F8240000EE100AB8EEC00A20EE51
:10932000201AD9ED030A9AED000AF8EEE00A11EED0
:10933000200A85ED000AFFF793FF01469348B0EE3F
:10934000480A40F8241087ED070A87ED050A86EDE4
:10935000010A86ED000A98ED001A2046F0EE400A58
:10936000E9E0FFF77DFF894A52F82410DFED880A13
:10937000E1B3411A00EE101AB8EE400A9FED851ACB
:1093800020EE010AB5EEC00AF1EE10FA07D910EE90
:10939000101AB1F17C5F01E0ACE0D2E001DDB0EE8B
:1093A000600A42F82400D9ED030A95ED001A7648C8
:1093B000F8EEE01AF8EEE00A68EEA11A01EE801A63
:1093C00085ED001A50F82400DBED001A00EE100ABB
:1093D000B8EEC00A60EE211A9AED000A11EEA00A5A
:1093E00031EE400ADFED6C0A6C4909E0FFE7B0EEB0
:1093F000600AC7E731EE601A30EE600A85ED001AA8
:1094000010EE100A8842F5DC654900BF10EE100A24
:10941000884206D931EE201A30EE200A85ED001A76
:10942000F4E710EE100A5F49884202DDD9ED029A96
:109430000FE010EE100A5C49884204D999ED020A47
:10944000F1EE409A05E0FCF75FFFD9ED020A60EE0D
:10945000209A564800EB840090ED000A38EEC00ACE
:10946000DFED530A4D46384640EE209AD9ED020A08
:10947000C7ED040AFBF784FFB0EE401A9FED4D0ADA
:1094800019EE100A4C4908EE801AF7EE000A8842DD
:1094900004DCB0EE600AF0EE480A11E019EE100AA2
:1094A000B0F1824F02DBB0EE480A09E0B2EE000AEA
:1094B000B1EE042A70EE491A81EE820A70EEC00AFB
:1094C00020EE290A00EE810AD5ED020AB1EE601AFB
:1094D000B4EEC10AF1EE10FA02D2B0EE410A06E093
:1094E000B4EEE00AF1EE10FA01DDB0EE600A86EDAE
:1094F000010A19E02046FFF785FAD9ED020AB1EE1C
:10950000600AF4EEC08AF1EE10FA02D2F0EE408A60
:1095100006E0F4EEE08AF1EE10FA01DDF0EE608A8A
:10952000C6ED018AB0EE680AF0EE480AC6ED000A00
:1095300098ED001A2046BDEC048BBDE8F05F00F00A
:10954000E3B8204600F05EFAC5ED008AB0EE680A86
:10955000204600F03BFBB7E6500000203009002019
:109560000C090020000000006800002018090020FD
:10957000240900200AD7233C1008002028080020D6
:109580007C0800206408002058000020700800209B
:109590006F12833ABD378635DB0FC940DB0F494078
:1095A000DB0F49C0DB0FC93FDB0FC9BF1C08002020
:1095B0009A99993ECDCC4C3D000040402DE9F041B8
:1095C00015460F460446FFF7B7F9D020FFF7DEF93E
:1095D00048B92046FFF7DAF928B9FFF7ADF9D120ED
:1095E000FFF7D4F920B1FFF7BFF90120BDE8F08102
:1095F00000246E1E09E0B44201D0012000E00020EA
:10960000FFF75CF93855641CE4B2AC42F3D3FFF7C2
:10961000ABF90020EAE770B50C460546FFF78CF978
:10962000D020FFF7B3F938B92846FFF7AFF918B9DA
:109630002046FFF7ABF918B1FFF796F9012070BD8E
:10964000FFF792F9002070BD70B5032801D20446DF
:1096500001E04FF0000401D34FF00200054648E05E
:10966000254850F8240000EE100A244800EB84003E
:10967000B8EEC00AD0ED000A204800F1180000EB57
:10968000840020EE201A90ED000A1D48D0ED000A5B
:109690001A48F8EEE00A00F1540000EB840011EEE5
:1096A000200A80ED000AFFF7DBFD14499FED150A43
:1096B000603104EB440241F82400104804EBC4017B
:1096C0006C3000EB8100002180ED050A80ED060A78
:1096D00080ED070A01620948D83000EB820080ED76
:1096E000010A816005480C3000EB8400641C80EDA9
:1096F000000AAC42B4DD70BD580000201008002004
:10970000740000200000000010B504462DED048B0D
:10971000F0EE419AB0EE408AF0EE608AB0EE690A4F
:10972000FCF7F2FCB0EE409AB0EE690AFCF7ECFDF3
:1097300029EE281AF0EE401ABEEE000A01EEC81A11
:1097400061EEA81A49EE081A61EE000AB0EE600A4E
:109750009FED652A41EE820A01EEC20AB4EEE01ADC
:10976000F1EE10FA07D2B4EEC01AF1EE10FA0AD2F6
:10977000B0EE413A09E0F4EEC00AF1EE10FA02D27E
:10978000B0EE603A01E0B0EE403AB4EEE01AF1EE2D
:1097900010FA07DDB4EEC01AF1EE10FA0ADDF0EEB1
:1097A000412A09E0F4EEC00AF1EE10FA02DDF0EE13
:1097B000602A01E0F0EE402A4C48F6EE003A72EEE4
:1097C000832A90ED012A62EE231A42EEE31A31EE6B
:1097D000211A70EEA12A70EE210AC1EE021A9FED45
:1097E000443A4FF07E51F5EEC01AF1EE10FA02D273
:1097F000F0EE431A05E011EE900A884201DDF7EE23
:10980000001A82EE821AB5EEC01AF1EE10FA02D2F8
:10981000B0EE431A05E011EE100A884201DDB7EE02
:10982000001A80EE820AB5EEC00AF1EE10FA02D2FA
:10983000B0EE430A05E010EE100A884201DDB7EEF3
:10984000000A04B3DFED2B0A012C35D0022C17D10E
:1098500061EEA01A2849FCEEE11A11EE900A0860A8
:1098600021EE201A091DBCEEC11A11EE100A086083
:1098700020EE200A091DBCEEC00A10EE100A086096
:10988000BDEC048B10BDDFED1D0A1D4861EEA01A72
:10989000FCEEE11A11EE901A416321EE201ABCEEA3
:1098A000C11A11EE101A816320EE200ABCEEC00A24
:1098B00010EE101AC163E3E761EEA01A1149FCEE45
:1098C000E11A11EE900A086021EE201A091DBCEE83
:1098D000C11A11EE100A086020EE200A091DBCEE24
:1098E000C00A10EE100ACAE7D7B35D3F6800002037
:1098F000000000000000D24434080040000052453F
:1099000000000140340400402DE9F0412F4EDFF803
:10991000C0800F4605004FF0000401D0012D18D182
:109920000FB1012000E00020307040B10020FFF7AF
:109930008BFE012211464046F7F747FE08E0002261
:1099400001214046F7F741FE224844638463C46323
:109950000DB1022D1AD10FB1012000E0002070706E
:1099600040B10120FFF770FE012202214046F7F7C7
:109970002CFE0AE0002202214046F7F726FE164898
:109980000460001D0460001D04600DB1032D1AD198
:109990000FB1012000E00020B07048B10220FFF7B5
:1099A00053FE4046BDE8F04101220421F7F70DBE09
:1099B000002204214046F7F708FE08480460001D15
:1099C0000460001D0460BDE8F0810000000000207C
:1099D000000C024000000140340400403408004004
:1099E000032805D2044901EB800090ED000A70477E
:1099F0009FED020A704700001008002000000000E0
:109A0000704700002DE9F04304462DED028B83B032
:109A10000020ADF800009FED608A8DED018AFFF710
:109A20001FFC0546032C43D25C4801AA6946005D31
:109A3000F7F762FC00283BD1BDF9000000EE100AE8
:109A4000B8EEC00ADFED561A20EE210ADFED550A06
:109A5000554BA3F1300000F10C0101EB84061831E5
:109A600020EE201A01EB840253F8247000F148091B
:109A7000183101EB840100EB84006FB192ED000A14
:109A80004A4FDFF82CC171EE400A10EE908AB845BB
:109A900013DD70EEE10A16E082ED001A81ED001A86
:109AA00043F8245049F8245080ED001A86ED008ACE
:109AB00003B0BDEC028BBDE8F08310EE908AE04568
:109AC00001D970EEA10A82ED001A43F8245090EDFE
:109AD000000A30EE200A80ED000A59F824002A1A04
:109AE000B2F57A7FE4D391ED000A71EE400A10EEF0
:109AF000900AB84202DD70EEE10A05E010EE900A2D
:109B0000604501D970EEA10ADFF89C80DFF8A4C09F
:109B100004EB4400B0EEE00A10EE107A08F1A80859
:109B200008EB800067452BDB00EE102ADFED221AE0
:109B30001A4AB8EE400A121D52F8242020EE210ADB
:109B400081ED001A49F82450C0EE801A00EE102A68
:109B50001A4AB8EEC00A21EE800A10EE101A91429D
:109B600002DD9FED170A06E010EE101A154A914229
:109B700001D99FED150AF9F795F986ED000A97E7E7
:109B80004CF25037BA4293D381ED001A49F8245071
:109B9000B0EE480AEFE7000000000000540000208B
:109BA000DB0FC9400000803840080020DB0F49402F
:109BB000DB0F49C052499D39BD3786350000C84288
:109BC0000000C8420000C8C20000C8C270B5044608
:109BD0002DED028BB0EE408AFFF742FB22499FED4C
:109BE000230A51F82420D2B3821A00EE902A9FED66
:109BF000201AF8EE600A60EE810A00BFF5EEC00A96
:109C000041F82400F1EE10FA04D910EE900AB0F1F8
:109C10007C5F01DDF0EE400A13480C3800EB840550
:109C200095ED000A08EE200AFCF702FE85ED000A19
:109C3000104DD5ED030AF8EEE00A20EE200AFCF7FD
:109C4000F7FDB0EE401A2046DFED0B0A95ED020A53
:109C5000FFF75AFD95ED020ABDEC028B70BDFFE7E0
:109C6000F0EE400ACAE70000540900206F12833A60
:109C7000BD378635680000200000000000000000AD
:109C800000000000010203040607080900000000AC
:109C900001020304000000006E83F9A22915444E5E
:109CA000D15727FCC0DD34F5999562DB4190433CE8
:109CB000AB6351FE00404040404040404040414185
:109CC0004141414040404040404040404040404091
:109CD000404040404005020202020202020202022B
:109CE0000202020202202020202020202020200228
:109CF00002020202020290909090909010101010B8
:109D00001010101010101010101010101010101053
:109D100002020202020288888888888808080808E7
:109D200008080808080808080808080808080808B3
:109D30000202020240000000B59C00083D3D3D3D8E
:109D40003D3D3D3D3D3D3D3D3D3D3D3D3D3D3D3D43
:109D50003D3D3D3D3D3D3D3D3D3D3D3D3D3D3D3D33
:109D60003D3D3D3D3D3D3D3D3D3D3D3D3D3D3D3D23
:109D70003D3D3D3D3D3D3D3D3D3D0D0A0D0A000053
:109D80002020202020202020202020202020204DA6
:109D90004F544F52202620454E434F4445522044B5
:109DA0004941474E4F5354494353205245504F5217
:109DB00054202020202020202020202020200D0A98
:109DC0000000000020202020202020535441525425
:109DD000494E4720332D41584953204D4F544F523F
:109DE000202620454E434F444552204F50454E2D8E
:109DF0004C4F4F50205445535420202020202020E9
:109E000020200D0A000000002454454C452C4D3103
:109E10003A252E32662C4D323A252E32662C4D33A1
:109E20003A252E32662C56713A252E32662C454E36
:109E30003A2564256425642C41313A252E32662C5E
:109E400041323A252E32662C41333A252E32662C89
:109E500047783A252E31662C47793A252E31662CE3
:109E6000477A3A252E31662C41783A252E32662CD7
:109E700041793A252E32662C417A3A252E32662CCB
:109E800048313A252E31662C48323A252E31662C3F
:109E900048333A252E31662C53313A252E32662C22
:109EA00053323A252E32662C53333A252E32662C05
:109EB0005069743A252E32662C526F6C3A252E3238
:109EC000662C42616C3A2564230D0A0024544553E4
:109ED000545F5245504F52542C4D313A25733A2518
:109EE000643A252E31662C4D323A25733A25643A70
:109EF000252E31662C4D333A25733A25643A252EAA
:109F000031662C414C4C3A2573230D0A00000000A9
:109F100020205B4D2564205370696E20446F6E6570
:109F20005D20456E6331206D6F7665643A20252E85
:109F300031662A2028636F6D6D2025642525292C24
:109F400020456E6332206D6F7665643A20252E3190
:109F5000662A2028636F6D6D2025642525292C2015
:109F6000456E6333206D6F7665643A20252E316629
:109F70002A2028636F6D6D2025642525290D0A0090
:109F80004552522053454E534F5220666F726D61B9
:109F900074202855736167653A2053454E534F52DC
:109FA000203120666F72204C534D364453522C2082
:109FB00053454E534F52203220666F72204D5055FC
:109FC00036303530290D0A00456E636F64657220A6
:109FD0006D6F64653A20493243206162736F6C751E
:109FE0007465202849324331205042362F50423781
:109FF0002C2049324332205046312F5046302C20FD
:10A0000049324333205041382F504339290D0A003B
:10A010002D2D2D204375626C6920332D4D6F746F8B
:10A020007220436F6E74726F6C6C65722026204CC8
:10A0300051522042616C616E636520456E67696EA6
:10A0400065202D2D2D0D0A4D203C76313E203C768D
:10A05000323E203C76333E20205365742033206D01
:10A060006F746F7220737065656473202872616409
:10A070002F73290D0A4D312F4D322F4D33203C7651
:10A08000616C3E202020536574204D312F4D322FBE
:10A090004D332073706565640D0A53544F50202072
:10A0A0002020202020202020202020456D65726760
:10A0B000656E63792073746F702028616C6C20303A
:10A0C00020262062616C616E6365206F6666290DD3
:10A0D0000A454E203C65313E203C65323E203C65C1
:10A0E000333E20456E61626C652F64697361626CFA
:10A0F0006520445256383331332028312F30290D12
:10A100000A4D4F4445203C302F313E202020202056
:10A110002020537769746368204F70656E2D6C6FD3
:10A120006F70283029202F20436C6F7365642D6C6D
:10A130006F6F70283129205B637572723D25735DE6
:10A140000D0A414C49474E202F2043414C494220A3
:10A1500020202052652D616C69676E20656C6563F7
:10A1600074726963616C207A65726F20616E676CCE
:10A17000650D0A54455354202F20434845434B2036
:10A180002020202052756E20332D61786973206F56
:10A1900070656E2D6C6F6F70206D6F746F722026FE
:10A1A00020656E636F64657220746573740D0A5068
:10A1B0004944203C503E203C493E205B445D2020E9
:10A1C0005365742076656C6F63697479206C6F6F6A
:10A1D0007020504944206761696E730D0A2D2D2D42
:10A1E000204C51522042616C616E636520436F6D5B
:10A1F0006D616E6473202D2D2D0D0A42414C203C63
:10A20000302F313E2020202020202020546F6767EF
:10A210006C65204C51522062616C616E63652063F5
:10A220006F6E74726F6C205B73746174653D25642E
:10A230005D0D0A424D4F4445203C317E343E202086
:10A240002020202042616C616E6365204D6F646543
:10A250002028313A45646765204D312C20323A453B
:10A26000646765204D322C20333A45646765204D84
:10A27000332C20343A436F726E65722033442920A8
:10A280005B637572723D25645D0D0A4C51525B3102
:10A290002F322F335D203C503E203C443E203C5723
:10A2A0003E205B495D20536574204C51522067610C
:10A2B000696E732028503D74686574612C20443D9C
:10A2C0006474686574612C20573D776865656C2CF3
:10A2D00020493D696E74290D0A43414C5F494D5533
:10A2E0002020202020202020202043616C696272E1
:10A2F00061746520494D55206779726F207A6572C7
:10A300006F2D6269617320286B65657020737469B5
:10A310006C6C20666F72203173290D0A5A45524FBA
:10A320005B312F322F335D203C6465673E5365748B
:10A330002062616C616E636520657175696C69622C
:10A340007269756D20616E676C65206F66667365F6
:10A35000740D0A415454202F2042414C5F53544104
:10A360005420202051756572792061747469747568
:10A37000646520616E676C65732026204C51522005
:10A38000636F6E74726F6C6C657220737461747538
:10A39000730D0A2D2D2D2D2D2D2D2D2D2D2D2D2DEA
:10A3A0002D2D2D2D2D2D2D2D2D2D2D2D2D2D2D0DFD
:10A3B0000A553C76616C3E20202020202020202061
:10A3C000202053657420766F6C74616765206C691A
:10A3D0006D69742028302E317E362E305629205B50
:10A3E000637572723D252E32665D0D0A4C3C7661B6
:10A3F0006C3E202020202020202020202053657427
:10A400002076656C6F63697479206C696D6974205E
:10A410005B637572723D252E32665D0D0A54454CA4
:10A4200045203C302F313E20202020202020546F1A
:10A4300067676C652074656C656D657472792073EF
:10A44000747265616D205B637572723D25645D0D8C
:10A450000A494D5520202020202020202020202087
:10A460002020517565727920362D617869732067D7
:10A4700079726F73636F706520616E6420616363CE
:10A48000656C65726F6D657465720D0A48414C4C60
:10A49000202F20454E43202020202020205175656C
:10A4A00072792033206D6F746F722048616C6C2F4D
:10A4B000656E636F64657220616E676C65732028DA
:10A4C0004D5436373031290D0A53454E534F5220E3
:10A4D0003C312F323E20202020205377697463685E
:10A4E0002073656E736F722028313A4C534D364499
:10A4F00053522C20323A4D50553630353029205B9E
:10A50000637572723D25645D0D0A53746174653A1A
:10A51000204D6F64653D2573204D313D252E3266FB
:10A5200028656E3D25642C6163743D252E326629B5
:10A53000204D323D252E326628656E3D25642C6106
:10A5400063743D252E326629204D333D252E32661B
:10A5500028656E3D25642C6163743D252E32662985
:10A560000D0A0000455252204D4F444520666F723F
:10A570006D6174202855736167653A204D4F4445DD
:10A58000203120666F7220436C6F7365642D6C6F91
:10A590006F702C204D4F4445203020666F72204F45
:10A5A00070656E2D6C6F6F70290D0A004552522038
:10A5B000424D4F444520666F726D6174202855737B
:10A5C0006167653A20424D4F444520317E33206615
:10A5D0006F722045646765204D317E4D332C2034E9
:10A5E00020666F7220334420436F726E6572290DAE
:10A5F0000A000000204D25642020207C20252D31DC
:10A6000030737C20253364252520282532642F25AE
:10A6100032642920207C202025362E31662A2020F5
:10A620007C2025362E31662A20207C202025362EBF
:10A6300031662A0D0A0000002D2D2D2D2D2D2D2DDA
:10A640002D2D2D2D2D2D2D2D2D2D2D2D2D2D2D2D3A
:10A650002D2D2D2D2D2D2D2D2D2D2D2D2D2D2D2D2A
:10A660002D2D2D2D2D2D2D2D2D2D2D2D2D2D2D2D1A
:10A670002D2D2D2D2D2D0D0A00000000496E697421
:10A68000204C534D364453525452206F6E20535039
:10A6900049322028504231323D43532C2050423120
:10A6A000333D53434B2C20504231343D4D49534FA1
:10A6B0002C20504231353D4D4F5349292E2E2E0D21
:10A6C0000A00000053797374656D20696E697469BE
:10A6D000616C697A65642E204D6F746F72732069A6
:10A6E000646C652C2077616974696E6720666F728F
:10A6F000205570706572436F6D707574657220536C
:10A70000656C662D54657374202854455354292E66
:10A710002E2E0D0A000000005B544553545D20545A
:10A72000657374696E67204D6F746F7220256420A5
:10A730002844525638333133202325642C20505777
:10A740004D2054696D65722054494D25642C204C70
:10A7500045443A2050472564292E2E2E0D0A00002C
:10A76000322E20526F746174696E67207374617445
:10A770006F72206669656C6420736D6F6F74686CAE
:10A780007920666F7220256420656C656374726938
:10A7900063616C206379636C6573202825642A33B8
:10A7A000363020646567292E2E2E0D0A0000000029
:10A7B0005B544553545D20506861736520323A20E4
:10A7C0005374617274696E6720332D6178697320E8
:10A7D00073657175656E7469616C206D6F746F72ED
:10A7E000206F70656E2D6C6F6F7020726F74617466
:10A7F000696F6E2E2E2E0D0A0000000020202020F2
:10A8000020204641494C285354414C4C29202D3E90
:10A8100020436865636B206D61676E6574206469B1
:10A820007374616E63652F706F6C61726974792CDB
:10A83000206D6F746F7220776972696E67206F7216
:10A84000206D656368616E6963616C207374616C0F
:10A850006C2E0D0A00000000526573756C743A206E
:10A860003E3E3E205741524E494E473A20454E43C8
:10A870004F4445522F4D4F544F5220414E4F4D4162
:10A880004C592044455445435445442028464149A9
:10A890004C29203C3C3C0D0A0000000052657375B9
:10A8A0006C743A203E3E3E20414C4C20494E53545D
:10A8B000414C4C4544204D4F544F52532043414C42
:10A8C000494252415445442026204845414C544871
:10A8D0005920285041535329203C3C3C0D0A00008C
:10A8E0000D0A3D3D3D3D3D3D3D3D3D3D3D3D3D3DFB
:10A8F0003D3D3D3D3D3D3D3D3D3D3D3D3D3D3D3D88
:10A900003D3D3D3D3D3D3D3D3D3D3D3D3D3D3D3D77
:10A910003D3D3D3D3D3D3D3D3D3D3D3D3D3D3D3D67
:10A920000D0A00003D3D3D3D3D3D3D3D3D3D3D3D34
:10A930003D3D3D3D3D3D3D3D3D3D3D3D3D3D3D3D47
:10A940003D3D3D3D3D3D3D3D3D3D3D3D3D3D3D3D37
:10A950003D3D3D3D3D3D3D3D3D3D3D3D3D3D3D3D27
:10A960003D3D0D0A0000000020205B4D2564204382
:10A97000616C69625D205A65726F20456C65632069
:10A98000416E676C653A20252E3266207261642024
:10A9900028252E31662064656729205B43414C4998
:10A9A0004252415445445D0D0A0000002D2D2D20DA
:10A9B0004D6F746F722048616C6C2F456E636F64CD
:10A9C00065722053656E736F727320284D5436374D
:10A9D000303129202D2D2D0D0A4D312028493243AB
:10A9E00031293A205261773D25642028307825307E
:10A9F0003458292C20416E676C653D252E32662027
:10AA00006465672C205370643D252E326620726188
:10AA1000642F732C204F6E6C696E653D25640D0AA2
:10AA20004D32202849324332293A205261773D2560
:10AA3000642028307825303458292C20416E676CEA
:10AA4000653D252E3266206465672C205370643D79
:10AA5000252E3266207261642F732C204F6E6C6934
:10AA60006E653D25640D0A4D332028493243332954
:10AA70003A205261773D25642028307825303458BB
:10AA8000292C20416E676C653D252E326620646559
:10AA9000672C205370643D252E3266207261642F2E
:10AAA000732C204F6E6C696E653D25640D0A0000A5
:10AAB0004D313A252E33665B256C7520256C75204B
:10AAC000256C755D20204D323A252E33665B256C52
:10AAD0007520256C7520256C755D20204D333A2539
:10AAE0002E33665B256C7520256C7520256C755D95
:10AAF000202056713D252E32660D0A002D2D2D2069
:10AB0000494D552053656E736F722053746174758F
:10AB100073202D2D2D0D0A547970653A2025732C44
:10AB2000204F6E6C696E653A2025642C2057484F83
:10AB30005F414D5F493A203078253032580D0A4741
:10AB400079726F2028647073293A202047783D2558
:10AB50002E32662C2047793D252E32662C20477AEE
:10AB60003D252E32660D0A416363656C20286729F6
:10AB70003A20202041783D252E33662C2041793D16
:10AB8000252E33662C20417A3D252E33660D0A0092
:10AB90004D6F746F72207C20526573756C74207CCD
:10ABA000202049324320436F6D6D2052617465202F
:10ABB000207C20537461727420446567207C20459A
:10ABC0006E6420446567207C2054726176656C2039
:10ABD0004465670D0A00000020205B4D256420437A
:10ABE000616C69625D20447269766572202564201B
:10ABF0002D3E20456E636F646572202564207C20A5
:10AC00004469723A202573207C2054726176656C09
:10AC10003A20252E3166206465670D0A0000000089
:10AC20002D2D2D204375626C69204C5152204261BC
:10AC30006C616E6365202620417474697475646567
:10AC400020537461747573202D2D2D0D0A5374617A
:10AC500074653A2025732028636F64653D25642957
:10AC60002C204D6F64653D256420282573290D0A2D
:10AC7000416E676C65733A2050697463683D252E98
:10AC80003266206465672028252E33662072616451
:10AC9000292C20526F6C6C3D252E3266206465672E
:10ACA0002028252E336620726164290D0A526174B2
:10ACB000657320287261642F73293A2047783D25F7
:10ACC0002E33662C2047793D252E33662C20477A7B
:10ACD0003D252E33660D0A5A65726F2D62696173C8
:10ACE00020287261642F73293A20583D252E34663E
:10ACF0002C20593D252E34662C205A3D252E3466B5
:10AD0000202863616C69623D2564290D0A4C51520B
:10AD10002055202856293A204D313D252E32662CCB
:10AD2000204D323D252E32662C204D333D252E32CE
:10AD3000660D0A4761696E73204D25643A204B7099
:10AD40003D252E32662C204B643D252E32662C206C
:10AD50004B773D252E34662C204B693D252E3466DD
:10AD60002C205A65726F3D252E3266206465670D72
:10AD70000A000000416C69676E204D2564204F4B2E
:10AD800020287573696E67204932432564293A206B
:10AD90004469723D25732C205A65726F5F456C655E
:10ADA000633D252E3266207261642028252E31668F
:10ADB00020646567290D0A005B4C51525D20494DA6
:10ADC00055205A65726F2D626961732043616C6909
:10ADD00062726174696F6E20737461727465642E3F
:10ADE00020506C65617365206B65657020437562EA
:10ADF0006C692073746174696F6E6172792E2E2E86
:10AE00000D0A00005B4C51525D2043616C69627217
:10AE10006174696F6E20436F6D706C65746521207D
:10AE20004779726F204269617320287261642F73C1
:10AE3000293A20583D252E34662C20593D252E34A4
:10AE4000662C205A3D252E34660D0A005B4C51526B
:10AE50005D204D2564204761696E732055706461E3
:10AE60007465643A204B5F74686574613D252E32C9
:10AE7000662C204B5F6474686574613D252E3266D4
:10AE80002C204B5F773D252E34662C204B5F693D8F
:10AE9000252E34660D0A0000B8AE00080000002020
:10AEA000880000006066000840AF000888000020AD
:10AEB000100E000070660008010101010001000091
:10AEC0000000000000000000000000000000000082
:10AED0000000000000000000000000000000000072
:10AEE0000000000000000000000000000000000062
:10AEF0000000000000000000010000001000000041
:10AF0000000000000024F400010000000001020025
:10AF1000010000000100000001000000000000002E
:10AF20003333334000000000000000000000000048
:10AF30000000000000000000000000000000000011
:040000050800018965
:00000001FF
