:020000040800F2
:10000000100D0020A1010008DD470008052A0008A6
:10001000CD340008F5120008E5510008000000008A
:10002000000000000000000000000000B14A0008CD
:10003000F71200080000000055490008294B00088D
:10004000BB010008BB010008BB010008BB010008A0
:10005000BB010008BB010008BB010008BB01000890
:10006000BB010008BB010008BB010008BB01000880
:10007000BB010008BB010008BB010008BB01000870
:10008000BB010008BB010008BB010008BB01000860
:10009000BB010008BB010008BB010008BB01000850
:1000A000BB010008BB010008BB010008BB01000840
:1000B000BB010008BB010008BB010008BB01000830
:1000C000BB010008BB010008BB010008BB01000820
:1000D000BB010008BB01000835510008BB01000846
:1000E000BB010008BB010008BB010008BB01000800
:1000F000BB010008BB010008BB010008BB010008F0
:10010000BB010008BB010008BB010008BB010008DF
:10011000BB010008BB010008754C0008BB010008CA
:10012000BB010008BB010008BB010008BB010008BF
:10013000BB010008BB010008BB010008BB010008AF
:10014000BB010008BB010008BB010008BB0100089F
:10015000BB010008BB010008BB010008BB0100088F
:10016000BB010008BB010008BB010008BB0100087F
:10017000BB010008BB010008BB0100080000000033
:10018000BB010008BB010008DFF810D000F03CFE06
:10019000004800473D750008AFF30080100D0020B7
:1001A0000648804706480047FEE7FEE7FEE7FEE711
:1001B000FEE7FEE7FEE7FEE7FEE7FEE7C54B0008C9
:1001C000890100082DE9F05F0546002092469B4614
:1001D00088460646814640241BE02846414647465D
:1001E000224600F014FB53465A46C01A914110D3E0
:1001F00011461846224600F0FBFA2D1A67EB01085B
:100200004F4622460120002100F0F2FA17EB0009C8
:100210004E41201EA4F10104DFDC484631462A4647
:100220004346BDE8F09FD2B201E000F8012B491E21
:10023000FBD270470022F6E710B513460A46044683
:100240001946FFF7F0FF204610BD30B505460020E7
:10025000034600E05B1C934205D2EC5CC85C201AAC
:1002600001D1002CF6D130BD0FB400B58DB010A96E
:1002700009900B9000914FF0FF300A9000200C90F5
:1002800005480690054807906A4609A80F9900F0AE
:10029000E3FA0DB05DF814FB750800089308000838
:1002A0002DE9FF5F1D464FF0FF3BD5E90146914622
:1002B0005F464FF00008A9697F1C01988847296AAA
:1002C000824688470028F6D1BAF1FF3F0CD024F4CB
:1002D000C064002E19DD600614D5BAF12B0F09D0C9
:1002E000BAF12D0F0ED103E0584604B0BDE8F09FDF
:1002F00044F48064A9697F1C01988847761E824671
:10030000002E02DDBAF1300F03D0B9F1000F26D074
:1003100032E0A969761E44F400747F1C0198884776
:100320008246002E05DDBAF1780F06D0BAF1580FDB
:1003300003D0B9F1000F10D01EE0B9F1000F02D0C8
:10034000B9F1100F18D1A969761E24F400747F1C2E
:10035000019888478246102002E0082000E00A2029
:10036000814609E008FB0908A969761E44F4007477
:100370007F1C019888478246002E05DD494650467D
:1003800000F055FA0028EDDAE96901988847A005E0
:1003900002D46FF00100A8E7E00725D1600613D56D
:1003A000600502D5C8F1000000E0404629680A1D3A
:1003B0002A600968220501D5087015E0220701D5D9
:1003C000088011E008600FE02868011D29600068BE
:1003D000210502D580F8008006E0210702D5A0F8AB
:1003E000008001E0C0F8008038467EE72DE9FF4F2D
:1003F000087883B09946FF2805D0491C2D2804D0E1
:100400000024002008E000200BE00124F9E700EBC5
:10041000800003EB4000491C0B78FF2BF7D104B19F
:10042000404200230293147819461D462D2C01D01A
:100430002B2C04D1521C2D2C13D000240294AA463C
:100440001478FF2C0FD00A25A3FB057801FB05814A
:100450004FF0000C03FB0C11521CE3194AEB010195
:10046000EEE70124EAE7814453EA010002D019F5DE
:10047000C87F06DA03980021C0E9001107B0BDE883
:10048000F08F0025AE4E2F46DFF8B882184600F0F8
:100490007FFCCDE90001B9F1000002DAC9F10004E6
:1004A00000E004460023A74A1AEB030B42EB045A70
:1004B00012E0E00707D02A4633463846414600F0AE
:1004C00086FB074688462A4633461046194600F002
:1004D0007EFB05460E466410002CEAD1DDE90001E2
:1004E000B9F1000F5A46534606DA00F0E2FB3A46ED
:1004F000434600F0DEFB05E000F069FB3A46434668
:1005000000F065FB029A0AB181F00041039AC2E94A
:100510000001B3E72DE9FF4F1F468DB0D7E9014633
:100520004FF0FF382E2045464FF000090B90B96977
:100530006D1C0E988847396A824688470028F6D194
:10054000BAF1FF3F0AD024F4D064002E11DDBAF1D5
:100550002B0F08D0BAF12D0F0BD102E0404611B09D
:100560008DE744F48064B9696D1C0E988847824613
:10057000761E6946600501D52D2000E02B208DF800
:10058000000001F1010B0DF1200809E0B9696D1CB3
:100590000E98884782460F9844F40074761E0560D2
:1005A000002E02DDBAF1300FF0D00B998A453ED112
:1005B00044F0800406E00F99681CA9F1010944F495
:1005C00000740860B9696D1C761E0E9888478246D3
:1005D0003028F0D02BE00B998A4505D1200603D4B2
:1005E00044F08004761E18E0504605F0BDF908B3CB
:1005F0000DF11301761E44F400748B4508D2AAF164
:1006000030000BF8010B200607D5A9F1010003E02B
:10061000200602D409F101008146A00502D50F99F8
:10062000681C0860B9696D1C0E9888478246002EC8
:10063000D1DC53E0002E51DDBAF1650F02D0BAF1E2
:10064000450F4BD1A00549D5B9696D1C24F4407400
:10065000761E0E9888478246002E0CDD2B2804D08B
:10066000BAF12D0F07D144F48074B9696D1C0E984E
:1006700088478246761EE00501D52D2100E02B211A
:1006800008F8011BCDF82C8021E00DF12901761E20
:1006900044F4007488450CD2AAF1300010F0FF0039
:1006A00088F8000002D10B99884509D908F10108A2
:1006B00006E0E00501D5244801E042F20F708146D2
:1006C000B9696D1C0E98884782460F980560002E08
:1006D00004DD504605F048F90028D6D1F9690E9896
:1006E0008847FF208BF8000088F800000020069063
:1006F00007904B466A4608A906A8FFF777FEA005B3
:1007000002D46FF001002AE714F0240F0AD0E007AA
:1007100014D1DDE906123868031D3B600068C0E9AA
:1007200000120BE0DDE9060100F030F80146E007B9
:1007300004D13868021D3A600068016028460EE75F
:10074000000014400000F03FF1D8FFFF70B50646EE
:1007500004F07EFD046805460A220021304600F0C0
:10076000F7F82C6070BD00F0004230F000400AD075
:10077000C10D01F56071C0F3160042EA0151C208D3
:1007800040071143704700200146704701F00043C5
:1007900030B421F0004150EA010206D00A0DA2F562
:1007A0006072C1F31301002A02DC30BC00207047E4
:1007B000440F44EAC104C100E01830BC00EBC25051
:1007C00000F0FEB830B50B4601460020202201247F
:1007D00009E021FA02F59D4205D303FA02F5491B0F
:1007E00004FA02F52844151EA2F10102F1DC30BD25
:1007F000202A04DB203A00FA02F1002070479140E1
:10080000C2F1200320FA03F3194390407047202AD5
:1008100004DB203A21FA02F00021704721FA02F3AA
:10082000D040C2F1200291400843194670473A284F
:1008300000D2303820F02002412A01D3A2F1370043
:10084000884201D34FF0FF30704700000268114426
:100850001378016018467047D1600449516104491A
:10086000116200211161114600F000BB4D08000823
:10087000590E0008426842B1016811F8013B23B1EA
:10088000521EC0E90012184670470121C160881E3F
:10089000704742685AB1C368016843B983688B42A4
:1008A00005D0491E521CC0E90012002070474FF0CD
:1008B000FF3070470FB4002300B589B00CA9009138
:1008C0000B996FF00042CB601E4B06931E4B0793B3
:1008D0000423CDE901321D4A089202466B460020EE
:1008E000FFF718FE09B05DF814FB70B586B0064638
:1008F0004FF0FF300091CDE90101002015460C4674
:1009000004903246694604A8FFF7D4FF02460498D3
:10091000211825B108B1084600E020462860049857
:1009200000280DD0002A02DD0098884208D0081B5C
:100930000094CDE901043246694604A8FFF7BAFFE6
:1009400006B070BD7508000893080008590E00082D
:100950002DE9F04791460F4680460446002614F8DC
:10096000015B2DB100F074FA0068405DC007F6D15C
:100970002B2D02D02D2D18D0641E4A463946204614
:1009800000F00CFC27B13968A14201D1C7F8008002
:1009900071054FF002040BD54042002803DD04F03E
:1009A00057FC0460A007BDE8F08746F48066E4E7E2
:1009B0000028F8DA04F04CFC04606FF00040F2E725
:1009C0000029A8BF7047401C490008BF20F0010063
:1009D000704710B4B0FA80FC00FA0CF050EA010441
:1009E00004BF10BC704749B1CCF1200421FA04F4D3
:1009F00011FA0CF118BF012121430843A3EB0C01AC
:100A0000CB1D4FEA00614FEA102042BF002010BC0E
:100A1000704700EBC35010440029A4BF10BC7047BE
:100A2000401C490008BF20F0010010BC7047F0B422
:100A300000F0004221F0004120F00040CE0DC30D37
:100A4000C1F3160141F40001C0F316004C421546F3
:100A500040F40000761E09E010EB440002D582F05D
:100A6000004240428842F7D840005B1EB342F9DAA8
:100A700018B1F0BC0021FFF7ACBF2846F0BC7047AE
:100A80002DE9FE4F804681EA0300C00F0C4600901E
:100A900021F0004123F00045B8EB0200A94105D246
:100AA0004046214690461C460B46024623F0004035
:100AB000104347D0270DC7F30A00C3F30A51029031
:100AC000401A019040286BDAC3F3130040F4801BF6
:100AD0000098924620B10023D2EB030A63EB0B0B84
:100AE00001985946C0F140025046FFF781FE064684
:100AF0000D4650465946019A00F098F910EB08004F
:100B00006141002487EA115284EAE7731A4340D016
:100B1000009A62B3019A012A4FEA075215DC001BC2
:100B200061EB02014FF0004202EA0752CDE90042B8
:100B3000001C41F5801132462B4600F08DFB03B0BE
:100B4000BDE8F08F40462146F9E7001B61EB02014A
:100B5000001C41F5801300185B412018A2F5001716
:100B600047EB030140EAD570B6196D4111E06D08FD
:100B70004FEA360645EAC0754FEA0752001B61EBA3
:100B80000201001C41F5801149084FEA30000019AC
:100B9000514132462B4603B0BDE8F04F00F04DBB4B
:100BA0000098012240000023D0EB020263EBE073C7
:100BB000009821464FEAE074B8EB000061EB0401B5
:100BC000E9E783F000435BE781F0004158E72DE956
:100BD000FE4F81EA030404F0004421F00041009438
:100BE0004FF0000B23F0004350EA01045ED052EABC
:100BF00003045BD0C3F30A54C1F30A552C44A4F296
:100C0000F3340194A0FB0254C1F3130141F48011A9
:100C1000C3F3130343F4801301FB024400FB034EB0
:100C2000840A970A44EA815447EA8357A4FB076879
:100C300002958D0A05FB07854FEA932C04FB0C54A3
:100C40002705029D4FEA065847EA1637B5EB080517
:100C50006EEB070C870E920E47EA811742EA831269
:100C6000A7FB0201B6EB0B0164EB00042B0D43EA7A
:100C70000C335E1844EB1C50DA465146E7FB020188
:100C8000C5F313044FEA0B3343EA14534FEA04321B
:100C9000019C43EA0603A4F10C040294009CCDE9F4
:100CA00000B400F0D9FA03B0BDE8F08F002001468F
:100CB000F9E72DE9F04D81EA030404F0004B21F03F
:100CC000004514464FF0000A23F0004150EA0502A7
:100CD00020D054EA01021DD0C5F30A570246C5F3DD
:100CE0001303C1F31300C1F30A5640F4801543F413
:100CF0008013A7EB0608101BD64608F2FD3873EBED
:100D0000050002D308F1010801E092185B41B8F137
:100D1000000F03DA00200146BDE8F08D00204FF4FB
:100D20008011064684460EE0171B73EB050705D3BA
:100D3000121B63EB050306434CEA010C49084FEA1A
:100D4000300092185B4150EA0107EDD152EA0300EE
:100D500012D082EA040083EA0501084305D0101B83
:100D6000AB4106D20122002306E000224FF00043EF
:100D700002E06FF0010253101AEB06004CEB085131
:100D800010EB0A0041EB0B01BDE8F04D00F055BA45
:100D90000EB540F2334202920022CDE90022134602
:100DA00000F05AFA03B000BDC1F30A52C1F31301B7
:100DB00040F2FF3341F480119A4202DA00200146EA
:100DC000704740F233439A42A2F2334202DC52426D
:100DD000FFF71DBDFFF70CBD30B5041E71F1000417
:100DE00004DB4FF00044404264EB0101141E73F138
:100DF000000405DB1C464FF00043524263EB040342
:100E0000994208BF904230BD064C074D06E0E068AD
:100E100040F0010394E8070098471034AC42F6D341
:100E2000FFF7B6F9BC940008DC940008202A06DB22
:100E3000CB17203A41FA02F043EAE07306E041FAA8
:100E400002F3D040C2F12002914008431946704796
:100E500000487047D087000810B50446FFF7F8FF38
:100E60000068005D00F0010010BD00002DE9F34FA7
:100E70008BB04FF0000801F10C000C464FF0010B55
:100E800046460DF1080A01906269012101989047D8
:100E9000051E2DD0252D2CD0216A8847C0B162694E
:100EA000012101989047216A88470028F7D1411E07
:100EB00062690198904700E0761CA1690B98884709
:100EC000216A88470028F7D1E1690B988847DBE75A
:100ED000A1690B9888470746A84201D1761CD3E741
:100EE000E1690B9888477F1C02D1B8F1000F6FD0E1
:100EF00047E1002762693D463946019890472A2814
:100F000004D162690121019890470125DFF8889298
:100F10006269012101989047A0F130010A290AD2A3
:100F20004F45E5DC07EB870100EB4107303FDFD49D
:100F300045F01005ECE7E90601D46FF000476C2896
:100F40000AD04C2814D0682815D06A280DD07428EF
:100F50001CD07A281AD01DE06269012101989047BF
:100F60006C2802D045F0040514E045F002050DE0C0
:100F700045F020050AE06269012101989047682840
:100F800002D045F0080505E045F4006562690121DD
:100F900001989047C4E9015765283DD019DC5828CD
:100FA0007AD00CDC452837D004DC252826D041280F
:100FB00031D131E046282FD047282CD12CE05B28B6
:100FC00077D0612828D063287CD0642823D15AE0C8
:100FD000D1E06F2848D008DC66281DD067281BD0D8
:100FE000692821D06E2816D127E0702845D07328B3
:100FF00068D0752847D078280DD14DE0A1690B98AD
:101000008847054625283FF469AFE1690B98884772
:101010006D1C3FF46AAFB4E023466A466FF00100EE
:101020000B99FFF777FA9FE045F040006060A80752
:1010300023464FF0000236D43EE0E8077FF447AF86
:101040002068011D21600068290501D506701BE795
:10105000290701D5068017E7A90703D5F117C0E9CD
:10106000006111E706600FE745F040006060A807E7
:1010700023464FF0080216D41EE040F60E0125EA82
:101080000100606016E045F040006060A80723465C
:101090004FF00A0207D40FE045F040006060A80757
:1010A00008D5234610226FF001000B99AFF30080A2
:1010B0005AE007E0234610226FF001000B99FFF77A
:1010C000EFF851E04FF000094F464B46632802D03D
:1010D0005B2807D041E02079C00601D40120A06040
:1010E00001273AE062690121019890475E2805D105
:1010F0004FF001096269494601989047216939B961
:1011000000210A46534643F82120491C0829FADBEE
:10111000B0B3216969B9C11700EBD16253110AEB71
:10112000830122F01F02821A01200B6890400343C2
:101130000B6062690121019890475D28E8D1B9F1FF
:10114000000F09D00020514651F82020D24341F829
:101150002020401C0828F7DB02AB224600976FF0E6
:1011600001000B99AFF3008000280CDA401C08D175
:10117000BBF1000F05D04FF0FF300DB0BDE8F08F90
:10118000FFE74046F9E7E90701D108F10108064405
:101190004FF0000B78E60000CCCCCC0C2DE9F05FD2
:1011A00082460078002715468B460AF10104B946AD
:1011B000302801D09DB113E014F8010B01277828E5
:1011C00003D0582801D045B10AE00DB1102D07D148
:1011D0000027102514F8010B02E0082500E00A257D
:1011E0000026B0460EE005FB080005FB06F10127CE
:1011F00001EB10461FFA80F8B6F5803F00D3B946E0
:1012000014F8010B2946FFF712FB0028EBDABBF1BB
:10121000000F05D00FB1641E00E05446CBF800402B
:10122000B9F1000F06D004F013F802210160C81EC6
:10123000BDE8F09F48EA0640FAE710B5141E73F1C6
:10124000000408DA401C41F1000192185B411A4386
:1012500001D120F0010010BD2DE9F04D92469B46D2
:1012600011B1B1FA81F202E0B0FA80F22032904678
:10127000FFF7BEFA04460F4640EA0A0041EA0B01B6
:1012800053465A46084313D0114653EA010019D079
:10129000C8F140025046FFF7BAFA05460E465046DE
:1012A00059464246FFF7A4FA084305D0012004E05E
:1012B00020463946BDE8F08D0020054346EAE07639
:1012C0002C4337430A986305E40AA0EB0800002288
:1012D000FD0A44EA47540A3002D500200146E9E7F6
:1012E000010510196941DDE9084500196941BDE8AA
:1012F000F04DA2E7FEE7704772B6FEE72DE9F04138
:101300000446876D00F060F9064694F83500002524
:10131000022806D08020606584F834500120BDE8A2
:10132000F0812068016821F01601016020684169A0
:1013300021F080014161206C08B9A06C20B12068C7
:10134000016821F0080101602068016821F00101B5
:1013500001600CE000F038F9801B052807D9202037
:101360006065032084F8350084F83450D7E720689E
:101370000068C007EED194F85C103F208840B86048
:10138000012084F8350084F834500020C7E790F835
:101390003510022903D080214165012070470521C5
:1013A00080F835100068016821F00101016000201B
:1013B000704700002DE9F84FDFF8BCA1002201259D
:1013C00003264FF00F090AF1040BAAF1040E00BF27
:1013D0000B6805FA02F42340A34270D10F7907F09D
:1013E0000307012F01D0022F16D187684FEA420868
:1013F00006FA08FC27EA0C07D1F80CC00CFA08FC26
:101400004CEA070CC0F808C04768A7430C79C4F33E
:10141000001494403C4344600C79E443A4070AD090
:10142000C4684FEA420C06FA0CF7BC438F6807FA0F
:101430000CF72743C7600C7904F00304022C12D187
:10144000D40800EB840CDCF820405707FF0E09FAA3
:1014500007F824EA0804D1F8108008FA07F848EAE7
:101460000408CCF8208004684FEA420C06FA0CF716
:10147000BC430F7907F0030707FA0CF7274307600F
:101480004C6814F4403F70D03C4C276847F48047C8
:101490002760246822F0030704F480440094384C49
:1014A00007EB040CDCF8084897074FEA177809FAAD
:1014B00008F7BC43334FB84202D1002724E054E080
:1014C000314FB84201D101271EE0304FB84201D15F
:1014D000022719E02E4FB84201D1032714E02D4F07
:1014E000B84201D104270FE02B4FB84201D10527A4
:1014F0000AE02A4FB84201D1062705E0284FB8423A
:1015000001D1072700E0082707FA08F72743CCF89E
:101510000878DAF800405746D1F804C09C435FEAE7
:10152000CC2C00D51C433C60DBF800405F46D1F872
:1015300004C09C435FEA8C2C00D51C433C60DEF861
:1015400000407746D1F804C09C435FEA8C3C00D54C
:101550001C433C60084F083F3C68D1F804C09C43E2
:101560005FEACC3C00D51C433C60521C102AFFF4BF
:101570002FAFBDE8F88F0000083C0140443802401E
:101580000030014000000240000402400008024018
:10159000000C0240001002400014024000180240FB
:1015A000001C02400069084000D0012070474269D9
:1015B00021EA02030A4043EA0241816170470AB10D
:1015C000816170470904FBE70148806870470000AB
:1015D0003C00002070B5040025D094F83D000025A3
:1015E00020B984F83C50204600F070FA242084F89A
:1015F0003D002068016821F0010101602068016858
:1016000041F4004101602068016821F4004101605B
:1016100000F022FC4D4A6168914201D84C4900E03B
:101620004C49884201D2012070BD4B492368B0FB70
:10163000F1F15E6826F03F060E435E6063689342F8
:1016400006D94FF4967359434FF47A73B1FBF3F113
:101650002368491C1E6A26F03F06314319626168FF
:10166000914210D84900401EB0FBF1F2521CC2F367
:101670000B02042A01D2042022E0B0FBF1F0401C4E
:10168000C0F30B001CE0A268F2B301EBC10303EB53
:101690000116431EB3FBF6F35B1C43F480431B05AA
:1016A00049D092B301EBC10202EB0111401EB0FB25
:1016B000F1F0401CC0F30B0040F4804040F40040C7
:1016C0002168CA694CF6FF739A431043C861D4E994
:1016D000071001432068026822F0C0021143016034
:1016E000D4E9030101432068826848F2FF339A433A
:1016F00011438160D4E9050108432168CA6822F0DA
:10170000FF021043C86001E00EE016E020680168A7
:1017100041F0010101602564202084F83D0025632B
:1017200084F83E50002070BD01EB4106431EB3FB20
:10173000F6F35B1CB3E70120C2E701EB4101401E59
:10174000B0FBF1F0401CC0F30B00B7E7A08601002E
:1017500080841E0000093D0040420F002DE9FF4F2C
:1017600081B089460446FFF72FFF054694F83D00F7
:101770004FF0000820287DD119230122504920462E
:10178000009501F0D5F9002874D194F83C000128A7
:1017900070D0012084F83C0020680168C90703D19B
:1017A000016841F0010101602068016821F40061D5
:1017B0000160242084F83D00002626644148E06250
:1017C0004FF0011B20272068016841F480710160FF
:1017D0000095002259462046049B01F0A9F950B11A
:1017E00020680068C00502D54FF400702064032013
:1017F00005B0BDE8F08F216809F0FE000861FFF731
:10180000E3FE2168054648694969C0F34000C1F319
:1018100080214FF0A00A0FE0FFF7D6FE411B04988D
:10182000814200D808B984F83DA021684869496917
:10183000C0F34000C1F3802194F83D20A02A02D0DB
:1018400008B90029E8D084F83D7020684169C9438F
:10185000890716D4016841F400710160206841696C
:1018600080691923012216492046009501F060F98C
:10187000B8B900E021E084F83D7084F83C600020B5
:10188000B6E7016841F40071016021686FF480607F
:101890004861192301220A492046009501F048F9C0
:1018A00008B10120A4E7039808F1010880458AD314
:1018B00084F83D7084F83C60F3E7022098E700006C
:1018C000020010000000FFFF2DE9FF4F83B09A4691
:1018D000DDE9118793460446DDF84090FFF774FE7A
:1018E000054694F83D00202870D11923012274493F
:1018F0002046009501F01CF90028F5D194F83C0031
:10190000012863D0012084F83C0020680168C907E1
:1019100003D1016841F0010101602068016821F4F0
:1019200000610160222084F83D00402084F83E00E0
:1019300000262664C4F82490A4F82A80608D2085AF
:101940006048E062CDE9007553465A462046049946
:1019500001F070F8002879D1208DD0B1012821D074
:101960000228206824D0416980690090208D0328D6
:1019700066D801282BD0544902283B464FF000027C
:10198000009557D08846204601F0D2F800285DD156
:101990003AE02068416981690091016841F4007171
:1019A00001607DE02068016821F480610160F0E75A
:1019B000016821F4806101602068016841F40061E0
:1019C0000160206841698069009069E075E02A46FD
:1019D0003946204601F052F988BB54E0206801687E
:1019E00041F40071016020680069616A0870606AF2
:1019F000401C6062218D491E2185618D491E6185D3
:101A000021680969017042E02068016821F4806161
:101A1000016020680069616A0870606A401C606249
:101A2000208D401E2085608D401E60853B46002233
:101A300041460095204601F07BF800B9CEE705E06D
:101A40002A463946204601F019F918B1012007B09D
:101A5000BDE8F08F20680069616A0870606A401C08
:101A60006062208D401E81B22185608D401E6085A0
:101A700020684269D243520712D4032903D1016876
:101A800021F48061016020680069616A0870606A01
:101A9000401C6062208D401E2085608D401E608548
:101AA000208D00287FF462AF202084F83D0084F868
:101AB0003E6084F83C600020C9E70220C7E70000D0
:101AC000020010000000FFFF040001002DE9F041BA
:101AD00086B0044614216846FEF7ACFB22683A4CF7
:101AE000384B3948122101260325042710349A4225
:101AF00018D1026842F002020260006800F00200A1
:101B00000590C0208DE84300CDE9035769462F4872
:101B1000FFF750FC206840F400102060206800F4BB
:101B200000101AE02A4B9A421BD1026842F02002B0
:101B300002600068CDE9005100F02000CDE904709A
:101B4000CDE9026569462348FFF734FC206840F47C
:101B500080002060206800F48000059006B0BDE899
:101B6000F0811D4B9A42F9D1026842F004020260F2
:101B7000026802F004020592026842F0010202606B
:101B80000068884600F0010005905815CDE900086E
:101B9000CDE90265694604971048FFF70BFC4FF446
:101BA0008070CDE90008CDE90265694604970C48CC
:101BB000FFF700FC206840F400002060206800F47B
:101BC0000000CAE7005400403038024000040240E0
:101BD0000058004000140240005C00400008024031
:101BE0000000024002488168027811448160704719
:101BF0003C0000200B4810B5016841F40071016001
:101C0000016841F480610160016841F48071016004
:101C1000032000F06FF80F2000F006F800F024F821
:101C2000002010BD003C024070B50D4D04464FF43D
:101C30007A712878B1FBF0F00A490968B1FBF0F03D
:101C400000F012FB48B9102C07D200222146501E8A
:101C500000F030F800206C6070BD012070BD000005
:101C60003C000020480000200A4808B5016841F403
:101C700080410160006800F4804000900548001F2A
:101C8000016841F080510160006800F080500090D0
:101C900008BD000044380240002809DB00F01F02A4
:101CA000012191404009800000F1E020C0F80011BE
:101CB00070470000F0B40E4B1B680C46C3F30223C0
:101CC000C3F10705042D00D90425191D072901D2E8
:101CD000002300E0DB1E012606FA05F1491E214023
:101CE00099409E40761E16403143F0BC03F09FBAE7
:101CF0000CED00E0064900F0070208684FF6FF030C
:101D0000184040EA0220034A104308607047000070
:101D10000CED00E00000FA052DE9F0470E46050045
:101D200065D0DFF81481D8F80000F7B200F00700A2
:101D3000B04207D288F80070D8F8000000F0070021
:101D4000B04254D128683D4C810712D5400703D5D5
:101D5000206840F4E05020602878000703D5206810
:101D600040F4604020602068A96820F0F00008433B
:101D700020602878C0072DD03049686808390128CC
:101D800012D0022813D0032811D00968890700292E
:101D90002DDA216821F0030101432160FFF714FCD3
:101DA000814641F2883A0EE009688903EFE7096845
:101DB0008901ECE7FFF708FCA0EB0901514502D9C6
:101DC0000320BDE8F0872068696800F00C00B0EBE4
:101DD000810FEFD1D8F80010404601F00701B14261
:101DE00007D90770006800F00700B04201D0012059
:101DF000E7E72878400705D52068E96820F4E05037
:101E0000084320602878000706D52068296920F457
:101E1000604040EAC100206000F03EF82168084AB6
:101E2000C1F30311515CC8400649086006480068C8
:101E3000FFF7FAFE0020C4E7003C024008380240E9
:101E40001487000848000020400000200148006876
:101E500070470000480000200448054900680968F0
:101E6000044AC1F38221515CC840704748000020F9
:101E700008380240248700080448054900680968BA
:101E8000044AC1F34231515CC84070474800002009
:101E90000838024024870008154810B5006810F083
:101EA0000C02144813D01449042A0FD0082A0ED16A
:101EB0000F4C241F2268236802F03F025B0207D503
:101EC0002068C0F38810A0FB010106E0084610BDA1
:101ED0002168C1F38811A1FB00010023FEF772F90C
:101EE0002168C1F30141491C4900B0FBF1F010BD6C
:101EF000083802400024F40040787D012DE9F84FB5
:101F000004006ED02078DFF84C93C007A9F10405D7
:101F10004AD009F104000168C1F38101012908D008
:101F20000068C0F3810002280AD1D9F800004002FD
:101F300006D52868800337D560680028E1D033E0F3
:101F40006068B0F5803F10D0B0F5A02F286810D0A1
:101F500020F480302860286820F4802028606068A1
:101F6000A8B1FFF731FB06460DE0286840F4803049
:101F7000F4E740F480202860F7E700BFFFF724FB78
:101F8000801B642873D828688003F7D50CE0FFF71E
:101F90001BFB064605E000BFFFF716FB801B64280D
:101FA000F0D828688003F7D42078DFF8AC82800767
:101FB0004FF0000A3ED5A748001D016811F00C0F34
:101FC00008D00068C0F3810002280BD1D9F80000C6
:101FD000400207D42868800716D5E068012800D1A0
:101FE00012E033E1E068B8B10120C8F80000FFF763
:101FF000EBFA064605E000BFFFF7E6FA801B022871
:10200000C0D828688007F7D52868216920F0F80033
:1020100040EAC10028600DE0C8F800A0FFF7D4FA3C
:10202000064604E0FFF7D0FA801B02281FD8286874
:102030008007F7D42078000722D5864F874861694A
:10204000703771B101210160FFF7BEFA064604E066
:10205000FFF7BAFA801B022809D838688007F7D53D
:102060000EE0C0F800A0FFF7AFFA064605E082E0F8
:10207000FFF7AAFA801B02287DD838688007F7D4BA
:102080002078400768D5DFF8CCB100270BF13C0B76
:10209000DBF80000C0000BD4DBF8001041F08051E9
:1020A000CBF80010DBF80000012700F08050009012
:1020B0006B4E3068C00510D4306840F480703060DA
:1020C000FFF782FA009005E0FFF77EFA0099401AC8
:1020D000022850D83068C005F6D55E4EA0686C3630
:1020E00001280FD00528306810D020F001003060A2
:1020F000306820F004003060A068B8B1FFF764FADF
:1021000000900FE0306840F00100F4E740F0040078
:102110003060F7E7FFF758FA0099411A41F288302A
:10212000814266D830688007F4D50EE0FFF74CFA9C
:10213000009007E0FFF748FA0099411A41F2883011
:10214000814256D830688007F4D42FB1DBF80010F4
:1021500021F08051CBF80010A069C8B33D49091D9A
:102160000968C1F3810102294AD00228504607D0EC
:10217000C8F8600000E03CE0FFF726FA04463BE0C8
:102180004746C8F86000FFF71FFA064605E000BFA3
:10219000FFF71AFA801B02282BD828688001F7D491
:1021A000D4E907010843A16A2E4A490802EB01411C
:1021B000626A41EA8211084394F82C1040EA0161F6
:1021C000C9F8001001203866FFF7FEF9044606E062
:1021D0003EE000BFFFF7F8F9001B022809D8286885
:1021E0008001F7D534E000BFFFF7EEF9001B0228AD
:1021F00002D90320BDE8F88F28688001F4D427E0D5
:102200000128F7D0D9F80000E26900F4800191427A
:102210001CD1226A00F03F01914217D147F6C071EC
:10222000626A0140B1EB821F10D1A26A4FF0FF3306
:1022300000F4403103EB5202B1EB024F06D194F8A7
:102240002C1000F07060B0EB016F01D00120D1E7DD
:102250000020CFE70438024000004742800E47428A
:10226000007000400000FFFF10B5401EB0F1807FFD
:1022700001D3012010BD4FF0E02460610F216017F1
:1022800002F0D5FF0020A06107202061002010BDD2
:1022900010B590F83C20012A22D0012280F83C2081
:1022A000CA688C6822F4407222434C6822F480622F
:1022B00022430C6822F4006222430C6922F480520B
:1022C00022434C6922F400522243C969002322F4BC
:1022D00080420A4301684A6480F83C30002010BD07
:1022E000022010BD70B590F83C20012A32D00124A4
:1022F00080F83C40022280F83D2003685A689D68BF
:1023000022F070060A6832435A60134B02689A4200
:1023100014D0B2F1804F11D0104B9A420ED0104B16
:102320009A420BD00F4B9A4208D00F4B9A4205D0DD
:102330000E4B9A4202D00E4B9A4204D1496825F0C6
:1023400080031943916080F83D40002180F83C10E3
:10235000084670BD022070BD00000140000400402E
:1023600000080040000C0040000401400040014013
:102370000018004070B586B0044614216846FDF789
:1023800059FF2B4A216800242A4802250126914240
:1023900011D1016841F0100101600068694600F048
:1023A000100005904FF428500090CDE90154CDE97C
:1023B0000346214822E0214A914223D1016841F09D
:1023C00001010160016801F001010591016841F01E
:1023D000020101600068694600F002000590C0201B
:1023E0000090CDE901541648CDE90345FEF7E2FF20
:1023F0000096CDE901546946124815E0FEF7DAFF70
:1024000006B070BD104A9142FAD1016841F008014E
:1024100001600068694600F0080005904FF4E04054
:102420000090CDE901540948CDE90345E6E70000F5
:10243000000001403038024000100240000400401B
:10244000000002400004024000080040000C02406E
:1024500070B5044690F83C0000260D4601280FD0C8
:10246000012084F83C006AB1042A1DD0082A2FD02C
:102470000C2A3FD00126002084F83C00304670BD75
:10248000022070BD206802F07DFC2068816941F067
:10249000080181612068816921F00401816120685F
:1024A00081692A69114311E0206802F09BFC2068D1
:1024B000816941F4006181612068816921F4806152
:1024C0008161206881692A6941EA02218161D2E73C
:1024D000206802F0BDFC2068C16941F00801C161BB
:1024E0002068C16921F00401C1612068C1692A69BD
:1024F000114311E0206802F0DFFC2068C16941F45B
:102500000061C1612068C16921F48061C1612068F6
:10251000C1692A6941EA0221C161ACE710B5040032
:1025200003D094F83D0010B107E0012010BD002059
:1025300084F83C00204600F01FF8022084F83D009B
:10254000211D206802F0A8FB012084F8460084F8D1
:102550003E0084F83F0084F8400084F8410084F88D
:10256000420084F8430084F8440084F8450084F86D
:102570003D00002010BD000008B5016812488142EE
:1025800008D11248016841F001010160006800F0C3
:1025900001000BE00D480E4A001F914208D101686E
:1025A00041F002010160006800F00200009008BDE7
:1025B000084A9142FBD1016841F0040101600068C2
:1025C00000F00400F2E7000000000140443802403F
:1025D000000400400008004010B50446022249B142
:1025E00004290ED0082913D094F84100012816D0F0
:1025F000012010BD94F83E000128F9D184F83E2056
:102600000FE094F83F000128F2D184F83F2008E061
:1026100094F840000128EBD184F8402001E084F8D0
:1026200041200122206802F09FFB16492068164ACB
:10263000884201D0904203D1436C43F40043436489
:102640002068884213D0B0F1804F10D00F498842E3
:102650000DD00F4988420AD00E49884207D09042D7
:1026600005D00D49884202D00C49884204D18168C6
:1026700001F00701062903D0016841F00101016062
:10268000002010BD00000140000401400004004093
:1026900000080040000C00400040014000180040CD
:1026A00070477047F8B5016804460868CA684B6906
:1026B00010F00F0F4FF0000559D003F0010602F49F
:1026C0009077374365D0C10705D0D10503D5616C3C
:1026D00041F001016164410705D5D90703D0616C60
:1026E00041F002016164810705D5D90703D0616C0F
:1026F00041F004016164010707D502F02001314374
:1027000003D0616C41F008016164616C00293AD02A
:10271000800604D5900602D5204602F023FC2068EE
:102720004069616CC0F38010090700D460B3204693
:1027300002F0F1FB20684069400621D52068143082
:1027400050E8001F21F0400140E80012002AF5D1B6
:10275000E06BA8B172490165E06BFEF718FE002836
:1027600011D0E06B016D01B0BDE8F0400847830671
:102770000FD593060DD52046BDE8F84002F0F2BB18
:102780002046FFF78EFFF8BD2046FFF78AFF6564FD
:10279000F8BD266B2023012E7ED1C6067CD5D60639
:1027A0007AD508684868009048694FF002064006EC
:1027B0004DD5E26B106840684FF480770004000C40
:1027C0003AD0A18D814237D9E085D069B8422DD069
:1027D00020680C3050E8001F21F4807140E800129E
:1027E000002AF5D12068143050E8001F21F00101C3
:1027F00040E80012002AF5D12068143050E8001F8C
:1028000021F0400140E80012002AF5D184F842305E
:10281000256320680C3050E8001F21F0100140E8CB
:102820000012002AF5D1E06BFEF768FD6663A08D0B
:10283000E18D401A81B206E0A18D8142A8D1D06914
:10284000B842A5D166632046FFF72AFFF8BDA08DE8
:10285000E18D401A81B2E08D0028F7D00029F5D033
:1028600020680C3050E8002F22F4907240E80027D6
:10287000002FF5D12068143050E8002F22F001021B
:1028800040E80027002FF5D184F842302563206806
:102890000C3050E8002F00E006E022F0100240E883
:1028A0000023002BF3D1CDE705062BD5150629D53E
:1028B00094F841002128C9D1A068B0F5805F01D10A
:1028C0002069B0B1206A411C21622168007848600B
:1028D000E08C401E0004000CE084B7D12068C16881
:1028E00021F08001C1602068C16841F04001C160F1
:1028F000F8BD206A0088C0F308004860206A801C88
:102900002062E5E74006F3D55006F1D5CA682046B7
:1029100022F04002CA6084F8413000F072F8F8BD3D
:10292000094F000870B5040004D094F84100002558
:1029300010B106E0012070BD84F84050204600F040
:1029400023F8242084F841002068C16821F4005154
:10295000C160204602F068FB2068016921F49041C3
:1029600001612068416921F02A0141612068C16844
:1029700041F40051C1606564202084F8410084F86E
:1029800042006563002070BD10B586B00446142176
:102990006846FDF74FFC17492068884228D1164841
:1029A0000021026842F400320260006800F4003046
:1029B000059011481038026842F008020260006871
:1029C00000F008000590602000900220CDE9010190
:1029D000032003900720049069460848FEF7EAFCAC
:1029E000002211462620FFF765F92620FFF754F94B
:1029F00006B010BD0044004040380240000C0240C8
:102A000070477047FEE701684A69D24352050FD408
:102A10006FF480624A61002140F8301F2022427327
:102A20008173026942F00402026101730120704760
:102A3000002070472DE9F84F0446006889460B9D39
:102A400001689846174641F480610160206801687A
:102A500041F48071016000954FF0011B002259463E
:102A600020460A9B00F064F84FF4007A40B12068D9
:102A70000068C00501D5C4F840A00320BDE8F88F68
:102A8000216809F0FE0008612B46284920460A9A71
:102A900000F096F8F0BB20684169806900902A46F2
:102AA00020460A9900F022F940B1206C04283AD15E
:102AB0002068016841F40071016034E0FEB2B8F1B1
:102AC000010F09D02168380A08612A4620460A9970
:102AD00000F00CF90028E8D1206806612A4620465B
:102AE0000A9900F003F90028DFD12068016841F459
:102AF0008071016000950022594620460A9B00F033
:102B000017F80028B3D1216809F0FF0040F0010058
:102B1000086100E007E02B46044920460A9A00F0CD
:102B20004FF80028AAD00120A8E700000200010009
:102B30002DE9F047984617460D460446C1F307466F
:102B4000DDF820902AE000BFB8F1FF3F26D0FEF765
:102B50003BFDA0EB0901414502D8B8F1000F1DD1A2
:102B60002068012E16D0806925EA00000004000CC0
:102B700012D00020B84211D1002044F8300F20219B
:102B80006173A073216941F020012161207301204C
:102B9000BDE8F0874069E7E70120EBE72068012EF8
:102BA0000AD0806925EA00000004000C06D000204D
:102BB000B842C9D00020EBE74069F3E70120F7E70E
:102BC0002DE9F047984616460D4604464FF0000999
:102BD0004FF0200AC1F3074723E020684069C04353
:102BE000400515D42068016841F400710160216836
:102BF0006FF480604861C4F8309084F83DA084F898
:102C00003E90216C41F00401216484F83C9021E065
:102C1000701C06D0FEF7D8FCA0EB0800B04203D829
:102C200016B1012F1FD021E02068012F15D0806937
:102C300025EA00000004000C18D000BF44F8309FC3
:102C400084F80DA084F80E90216941F020012161E3
:102C500084F80C900120BDE8F087406925EA000067
:102C60000004000CEAD12068406901E02068806916
:102C700025EA00000004000CAFD1ECE72DE9F0419B
:102C8000002590460E460446202728E04069C043B0
:102C9000C0060CD454F8301B6FF01000486144F8A3
:102CA00010596777A577206A2062257714E0FEF730
:102CB0008BFCA0EB0800B04200D886B920684069C0
:102CC000C04340060BD544F8305F6773A573206995
:102CD00040F02000206125730120BDE8F0812068CC
:102CE0004169C9434906D1D40020F6E770B51646BC
:102CF0000D4604461EE02046FFF785FE08B1012080
:102D000070BD681C16D0FEF75FFC801BA84200D87F
:102D100085B920684069C04300060BD5002044F8FF
:102D2000300F20216173A073216941F020012161DE
:102D30002073E4E720684069C0430006DBD400202C
:102D400070BD000010B504462DED028BB0EE408A38
:102D500004F0DEFFDFED1D0AA16811B3411A00EE99
:102D6000101A9FED1B1AB8EE400A20EE010A00BFB0
:102D7000B5EEC00AF1EE10FA04D910EE101AB1F156
:102D80007C5F01DDB0EE600AA060D4ED000AF5EED4
:102D9000C00AF1EE10FA07D8B0EE480ABDEC028B7B
:102DA00010BDB0EE600AE3E730EE800A80EE801AD4
:102DB00094ED010AF7EE000A20EE010A70EEC10A56
:102DC00000EE880A84ED010AE8E700000AD7A33B79
:102DD000BD3786357FB5054600200C460090019032
:102DE0000290039002A9684600F076F8BDF9000051
:102DF00000EE100AF8EEC00A9FED1D0A60EE800A90
:102E0000C5ED000ABDF9020000EE900AF8EEE00AF6
:102E100060EE800AC5ED010ABDF9040000EE900ADB
:102E2000F8EEE00A20EE800A85ED020ABDF90800FE
:102E300000EE100AF8EEC00A9FED0E0A60EE800A5E
:102E4000C4ED000ABDF90A0000EE900AF8EEE00AAF
:102E500060EE800AC4ED010ABDF90C0000EE900A94
:102E6000F8EEE00A20EE800A84ED020A7FBD000041
:102E700040DA7F38295C8F3D10B501F06DFD1420DC
:102E800004F0B4F80121122001F000FE322004F019
:102E9000ADF800F015F86B2801D0012010BD4421D9
:102EA000122001F0F3FD4021102001F0EFFD4C2134
:102EB000112001F0EBFD0A2004F098F8002010BD6D
:102EC00008B500208DF80000012269460F2001F0AE
:102ED000A5FD9DF8000008BD3EB50D4604460C2238
:102EE0006946222001F09AFDBDF800002880BDF857
:102EF00002006880BDF80400A880BDF806002080AC
:102F0000BDF808006080BDF80A00A08000203EBD2A
:102F10007FB5054600200C4600900190029003907A
:102F200002A9684600F0ACF8BDF9000000EE100AF6
:102F3000F8EEC00A9FED1D0A60EE800AC5ED000A9A
:102F4000BDF9020000EE900AF8EEE00A60EE800A99
:102F5000C5ED010ABDF9040000EE900AF8EEE00AA2
:102F600020EE800A85ED020ABDF9080000EE100A85
:102F7000F8EEC00A9FED0E0A80EE801A84ED001A6A
:102F8000BDF90A0000EE900AF8EEE00A80EE801A21
:102F900084ED011ABDF90C0000EE900AF8EEE00A8B
:102FA00080EE801A84ED021A7FBD00000000803898
:102FB0003333834110B52A4888B00024016841F0BA
:102FC000020101600068142100F0020006906846CA
:102FD000FDF730F94FF4406000901120019001207E
:102FE00002900320039069461E48FEF7E3F91D484E
:102FF0004FF4806118300160C1140160142003F0A7
:10300000F5FF80216B2005F042F8322003F0EEFF3F
:1030100000216B2005F03BF8142003F0E7FF8DF84A
:103020001440012205A9752005F004F89DF814004C
:10303000682802D0012008B010BD0721192005F032
:1030400026F806211A2005F022F818211B2005F089
:103050001EF800211C2005F01AF80020EBE7000004
:10306000303802400004024008B500208DF800000E
:1030700001226946752004F0DDFF9DF8000008BDBF
:103080007FB50C4605460E2269463B2004F0D2FF70
:1030900010B1012004B070BDBDF8000040BA288016
:1030A000BDF8020040BA6880BDF8040040BAA880AC
:1030B000BDF8080040BA2080BDF80A0040BA608020
:1030C000BDF80C0040BAA0800020E3E7F0B587B05F
:1030D00014216846FDF7AEF835480024016841F038
:1030E00020010160016801F020010591016841F0B3
:1030F00080010160016801F080010591016841F0E3
:1031000001010160016801F001010591016841F0D0
:1031100002010160016801F002010591016841F0BE
:1031200040010160016801F040010591016841F032
:1031300010010160016801F010010591016841F082
:1031400008010160016801F008010591016841F082
:10315000040101600068174E00F0040040F2FF1502
:103160000590002229463046FEF729FA124F002228
:1031700007213846FEF723FA00950125CDE90154D1
:10318000694630460394FEF715F907200090CDE913
:103190000154694638460394FEF70CF98020CDE9C6
:1031A0000004694638460294FEF704F907B0F0BD02
:1031B0003038024000180240000C02400D4810B5A3
:1031C0000B4901600C49416000214FF4804281604D
:1031D000C0E9031241618161C1610162FEF7FAF940
:1031E000002803D0BDE81040FEF786B810BD0000EF
:1031F00000540040A4000020801A06000D4810B5BD
:103200000B4901600C49416000214FF4804281600C
:10321000C0E9031241618161C1610162FEF7DAF91F
:10322000002803D0BDE81040FEF766B810BD0000CE
:1032300000580040F8000020801A06000D4810B524
:103240000B4901600C49416000214FF480428160CC
:10325000C0E9031241618161C1610162FEF7BAF9FF
:10326000002803D0BDE81040FEF746B810BD0000AE
:10327000005C00404C010020801A060030B591B07F
:1032800000240F941C2168461094FCF7D3FF2021E2
:1032900007A8FCF7CFFF3248304D20210560C0E978
:1032A00001414FF45261C0E903148021C0E9054196
:1032B000FFF734F908B1FEF71FF80F940FA928485B
:1032C0001094FFF70FF808B1FEF716F86020CDE96B
:1032D0000004029403940494059400226946204853
:1032E0000694FFF7B5F808B1FEF706F80422694620
:1032F0001B48FFF7ADF808B1FDF7FEFF082269464D
:103300001748FFF7A5F808B1FDF7F6FF07940894F2
:1033100009944FF400500A94CDE90B4007A91048D6
:103320000E94FEF7B5FF08B1FDF7E6FF0C48FFF776
:1033300021F800210A48FFF74FF904210848FFF758
:103340004BF908210648FFF747F9686C40F4004044
:1033500068640348FFF70EF811B030BD000001406B
:10336000A001002010B58AB0002407941C216846F3
:103370000894FCF75FFF1F481D49C0E90014202195
:10338000816040F28F61C0E9031480218161FFF701
:10339000C5F808B1FDF7B0FF079407A915480894D0
:1033A000FEF7A0FF08B1FDF7A7FF6020CDE90004FC
:1033B0000294002269460F480494FFF749F808B1C7
:1033C000FDF79AFF042269460A48FFF741F808B161
:1033D000FDF792FF082269460648FFF739F808B161
:1033E000FDF78AFF0348FEF7C5FF0AB010BD0000D5
:1033F00000040040E801002010B58AB000240794C2
:103400001C2168460894FCF715FF1F481D49C0E9B8
:1034100000142021816040F28F61C0E903148021F3
:103420008161FFF77BF808B1FDF766FF079407A9F4
:1034300015480894FEF756FF08B1FDF75DFF6020C0
:10344000CDE900040294002269460F480494FEF777
:10345000FFFF08B1FDF750FF042269460A48FEF756
:10346000F7FF08B1FDF748FF082269460648FEF756
:10347000EFFF08B1FDF740FF0348FEF77BFF0AB0FE
:1034800010BD000000080040300200200E4810B5BA
:103490000C4901604FF4E1314160002181600C2250
:1034A000C160C0E904128161C161FFF73BFA08B154
:1034B000FDF722FF03480C30016841F02001016054
:1034C00010BD00000044004078070020FEE7000027
:1034D0002DE9F04F2DED068BB1B0F54DF54895ED8A
:1034E000009A01F081FEF44801F07EFEF34801F0FD
:1034F0007BFEF3A001F078FEFE4E00241021FD4873
:10350000FEF755F8642003F071FD641C0A2CF5DB0E
:10351000002210213046FEF752F8F74801F064FE11
:10352000E348B0EE080AF54980ED000A0320087070
:1035300004F0A2FF0CA900240DF1280BDFEDF09A96
:103540009FEDF08AB0EE00AA2B9193E0002C7AD088
:10355000012C79D004202D900020289029900A90E9
:103560000B900C90269027901E9004EB84012590E0
:103570001D901F9023900D900EAF229024902090CC
:103580000591219007F8210007EB8105002668804E
:10359000A88085ED028A85ED038A85ED048A611C89
:1035A000D9A001F021FE0094002C69D0012C69D033
:1035B0000423DA48611C621C01F016FE0AA928A83F
:1035C00003F03CFEF0B300208DF83400D8460BF138
:1035D00004010DF1A0090DF1A20003F077FEA0B3E4
:1035E0005FF000008DF8350009F104002B9903F01D
:1035F000AFFE58B35FF000008DF83600002025AA1A
:103600004FEA080101EB8003904693ED000A02EBBC
:103610008003401C83ED000A0328F3DB01EB8400E8
:103620002F908B4690ED000A002185ED020A084696
:1036300004F0A6FE601C2E90C0B2012104F0A0FE92
:10364000142004E020E015E018E01FE020E003F083
:10365000CDFC4FF0E0208169B14840F82410B1481A
:1036600000EB840080ED008AFDF7AEFF0746BA4606
:1036700007908FE00120F0EE4A8A6CE702206AE7AB
:10368000012396E7032394E701209DE70120A9E7A2
:103690000120B1E7B0EE680A04F0E4FFFDF794FF03
:1036A000A0EB0A00642806D3FDF78EFF82469148FE
:1036B0002D99FDF77CFFFDF787FF0799401A142825
:1036C00068D3FDF781FF761C0790B6B20AA928A837
:1036D00003F0B4FD98B300208DF834000BF1040121
:1036E00009F1020003F0F2FD50B300208DF835001F
:1036F00009F104002B9903F02BFE30B35FF00000BA
:103700008DF8360000200DAA115CE9B320A9DFF87E
:1037100018C231F810305B1C21F810300BEB80011F
:1037200008EB8003D1ED000A93ED000A30EEC00AE9
:1037300010EE101A61450ADD30EE690A0FE000E074
:1037400001E00120C8E70120D0E70120D8E710EE12
:10375000101ADFF8D8C1614501D930EE290A1DA938
:1037600001EB8001D1ED001AB0EEC01A31EE211A42
:1037700081ED001A22A901EB800191ED001A31EED2
:10378000000A81ED000A00E001E0C3ED000A401CE0
:103790000328B9DBFDF718FFC01BB0F5FA6F204610
:1037A000FFF478AFB0EE480AB0EE401AF0EE400AEF
:1037B00004F0E6FC2E980021C0B204F0E1FD0022E6
:1037C0004C482D99FDF7FBFE36B1BDF8840064210D
:1037D0004843B0FBF6F000E0002008901F98FCF78B
:1037E000C2FF8846074636B1BDF8820064214843CF
:1037F000B0FBF6F000E0002004901E98FCF7B3FF49
:103800008A46814636B1BDF8800064214843B0FB4A
:10381000F6F000E0002000901D98FCF7A4FFCDE931
:10382000067841EC100BCDE9029A53EC102B611C89
:103830003F4801F0D9FC20A86E8030F81410A98010
:1038400088462F9900273B4B91ED000A1DA901EBFB
:10385000840285ED030A92ED000AF2000DF13809A9
:1038600085ED040A4FF0FF3E0A268C464FEA000A17
:103870005CF82700984271DBB2FBF6F13AF81700CA
:1038800081426BD8002F6CDB2B480755059A00202E
:1038900009F822005CF8270028613AF81710A9807F
:1038A0000BEB870191ED000A22A985ED030A45E0A3
:1038B0006C000020389100085C8800087C910008AA
:1038C0005B544553545D20506861736520313A2044
:1038D000504734204C454420626C696E6B696E67BA
:1038E00020666F722031207365636F6E642E2E2EFA
:1038F0000D0A000000180240089000084C0000204B
:103900000000B4430000000024544553545F535456
:1039100045502C4D2564230D0A000000708F0008CF
:1039200004090020C007002000003443000034C315
:10393000908900080000A0415000002001EB8701A1
:1039400091ED000AB5EEC00AF1EE10FA27DDFD4A4E
:10395000012142F8241025E000E002E07F1C032F43
:1039600086DBB8F1000F7CD00598022209F82020F0
:10397000642003F03BFB641C032CFFF6E7AD002141
:103980004FF0010A08464D4600EB800215F8222050
:10399000002A67D0012A66D0022A64D084E0E94A6E
:1039A00042F824E0FCF7DFFECDE90201E54850F8DB
:1039B000240001286BD0E4A000907B1C621C611CD9
:1039C000E34801F011FC2E980121C0B204F0D8FCAC
:1039D000142003F00BFB20469FEDDE1ADE49F0EECB
:1039E000480A91ED000A04F0CBFBDC4E002530467E
:1039F0002D99FDF7DCFD642003F0F8FA6D1C082D0D
:103A0000F5DB204604F03AFDD54800EB840520465E
:103A100085ED008A03F002FB85ED000A2046B0EE3A
:103A2000481AF0EE480AB0EE480A04F0A9FB2E98B6
:103A30000021C0B204F0A4FCCA49012000220855AC
:103A400030462D99FDF7BBFDD5ED00AA9FEDC60AC6
:103A50006AEE800A9FEDC51A80EE810A10EE100A08
:103A600002E016E01FE025E0FCF77DFE05460E466D
:103A70001AEE900AFCF777FE41EC100BCDE90056E8
:103A800053EC102B611CBA4801F0AEFB70E7B9A0F3
:103A900092E705990320621C09F82100611CB7A078
:103AA00001F0A2FB64E7491C401C0328FFF66CAF41
:103AB00019B104E04FF0000AFAE74FF0000ABF48DE
:103AC00080ED009A04F0D8FCAFF2DC1001F08CFB22
:103AD000BB4801F089FBBB4801F086FBB84801F008
:103AE00083FBB94801F080FBB84801F07DFB00245E
:103AF0000FF2DC2B04EB84020EA810F8221001292F
:103B000004D0022904D0032904D005E0B2A102E0C8
:103B1000B4A100E0B6A18B4600EB82052869FCF752
:103B200022FE06460F46E868FCF71DFE80468946E1
:103B3000A868FCF718FE6A883AB1AB884FF0640CAD
:103B400003FB0CF3B3FBF2F300E000230DF1080CD0
:103B50008CE80303CDE90667A888CDE900020DF1E2
:103B600038085A46611CA54801F03EFB641C032C32
:103B7000BEDB964801F038FB1C98FCF7F4FD0446C8
:103B8000BDF862000D4628B1BDF8641064225143AF
:103B9000B1FBF0F081461798FCF7E5FD0646BDF84D
:103BA0004E000F4628B1BDF8501064225143B1FBBE
:103BB000F0F083461298FCF7D6FDBDF83A3043B1D9
:103BC000BDF83C204FF0640C02FB0CF2B2FBF3F2A8
:103BD00000E00022BAF1000F01D07DA300E088A32D
:103BE0000894CDE909539DF86030EBB3032B6CD0FA
:103BF000012B6CD084A300BFCDF81C900496CDE9B6
:103C000005739DF84C3083B3032B64D0012B64D033
:103C10007DA300BF8DE80B089DF8380030B3032862
:103C20005FD001285FD078A17A4801F0DDFABAF1BF
:103C3000000F5CD0784801F0D7FA784801F0D4FA48
:103C4000464D012210212846FDF7B9FC4FF47A7049
:103C500003F0CCF9002410212846FDF7A8FC96209B
:103C600003F0C4F9641C02E02DE032E037E0062CDA
:103C7000F1DB002210212846FDF7A1FC684880ED09
:103C8000038A80ED048A80ED058A80ED068A4FF074
:103C9000FF3004F015FA63490120002408704546FE
:103CA00004EB840015F82000002804F10100C0B2E4
:103CB0001BD0002104F064FB641C032CF0DB5AA031
:103CC00001F092FA34E042A396E767A394E768A371
:103CD00092E73FA39EE764A39CE765A39AE73CA114
:103CE000A2E761A1A0E762A19EE70121E2E76348A4
:103CF00001F07AFA62A001F077FA704801F074FAE4
:103D0000464801F071FA154D002410212846FDF7B0
:103D10004EFC3C2003F06AF9641C142CF5DB0022F5
:103D200010212846FDF74BFC0021084604F028FB33
:103D300004F0A2FB62A001F057FA31B0BDEC068B93
:103D4000BDE8F08F54000020434357282D3129004F
:103D500030940008E4CB9640640000200018024034
:103D6000D80700206000002000003443DB0F4940EA
:103D7000C09100084357282B3129000020205B4DBB
:103D80002564204E6F746963655D204D6F746F729A
:103D9000202564202F20456E636F6465722069734F
:103DA000206E6F7420696E7374616C6C656420287A
:103DB000736B6970292E0D0A000000006C00002052
:103DC0007C91000818880008E8930008448E0008D9
:103DD00050415353000000004641494C28493243AA
:103DE000290000004641494C285354414C4C2900BD
:103DF000534B4950284E4F4E45290000008E000875
:103E00004641494C000000004641494C5F53544133
:103E10004C4C00004C890008F4900008D48700083E
:103E2000000000204C000020436F6E74726F6C2005
:103E30006D6F646520737769746368656420746F5F
:103E400020434C4F5345445F4C4F4F5020666F7298
:103E50002063616C69627261746564206D6F746F58
:103E600072732E0D0A000000534B495000000000F1
:103E70004641494C5F49324300000000B0900008C1
:103E8000546970733A204641494C284932432920ED
:103E90002D3E20436865636B204932432077697269
:103EA000696E672C20332E33562F474E442C2070DA
:103EB000756C6C2D7570732E0D0A000054900008FF
:103EC0004F4B20544553540D0A00000030B587B0C5
:103ED00014216846FCF7AEF90D480024016841F052
:103EE0000801016000680B4D00F0080005902246B3
:103EF00007212846FDF763FB072000900120CDE94C
:103F00000104694628460394FDF754FA07B030BD12
:103F100030380240000C02402DE9F04F2DED088BA7
:103F200085B04FF000090546B0EE08BA0B2640F602
:103F30009808ADF80C909FEDAB8A02288DED028AAF
:103F4000F0EE488A00D90025A748445DA7A001F0FB
:103F50004BF9691CB2A001F047F9BCA001F044F98B
:103F60000021084604F00CFA05F1010A0AF0FF00EE
:103F7000012104F005FA322003F038F89FEDBF0B61
:103F8000C0A053EC102B01F02FF928469FEDCAAAD0
:103F9000F0EE480AB0EE4B0AB0EE4A1A04F0F0F820
:103FA00040F2DC5003F022F824B1012C07D0022C9F
:103FB0000AD00DE002A903A803F040F908E002A925
:103FC00003A803F083F903E002A903A803F0C0F9F2
:103FD0000298FCF7C8FB41EC100BBDF90C000090F7
:103FE00053EC102BB5A001F0FFF8F2EE06AADFEDBE
:103FF000C0BA32469DED029A1146BE4801F0F4F86F
:10400000DFF8F4B20027DFEDBD9A00BF3AEE2BAA2D
:104010002846F0EE480AB0EE4B0AB0EE4A1A04F019
:10402000AFF840F2DC5002F0EDFF322097FBF0F1E8
:1040300000FB117068BBADF804908DED008A24B1CF
:10404000012C07D0022C0AD00DE0694601A803F02C
:10405000F5F808E0694601A803F038F903E069467D
:1040600001A803F075F99DED000A70EE490A10EE03
:10407000900A584502DD70EEE90A06E010EE900A5B
:104080009F49884201D970EEA90AB0EE409A78EEB5
:10409000A08A7F1C4745B9DB4FF4FA7002F0A6FFF7
:1040A000ADF804908DED008A24B1012C07D0022CCC
:1040B0000AD00DE0694601A803F0C0F808E069469F
:1040C00001A803F003F903E0694601A803F040F9F1
:1040D0009DED000A30EE490A10EE100A584502DD47
:1040E00030EE690A06E010EE100A8549884201D9CF
:1040F00030EE290A284678EE808AB0EE480AB0EE03
:10410000401AF0EE400A04F03BF80AF0FF000021EC
:1041100004F036F900EE906AB0EEE80A10EE100AEC
:10412000F8EEE00AB0F17E5F20EEA99A01DD89EE9B
:10413000008A74A001F058F819EE100AFCF713FB7E
:1041400041EC100B76A053EC102B009601F04CF8CC
:1041500018EE900AFCF707FB41EC100B7FA053EC24
:10416000102B01F041F818EE100AFCF7FCFAB6EE3D
:10417000001A41EC100B38EE011A53EC102B82A000
:10418000FDEEC18ACDED008A01F02EF8B1EE0C0AE9
:104190008C4838EE400AB0EEC00A10EE101A814288
:1041A00001DA89A008E038EE6A0AB0EEC00A10EE23
:1041B000101A814203DA93A001F016F804E018EE19
:1041C000901A9FA001F010F8A9A001F00DF804F0DA
:1041D00053F9B4A001F008F805B0BDEC088BBDE8B8
:1041E000F08F000000000000500000200D0A3D3D4F
:1041F0003D3D3D3D3D3D3D3D3D3D3D3D3D3D3D3DEF
:104200003D3D3D3D3D3D3D3D3D3D3D3D3D3D3D3DDE
:104210003D3D3D3D3D3D3D3D3D3D0D0A0000000025
:1042200020204D4F544F5220256420504F4C4520A4
:104230005041495253204D4541535552454D454EED
:104240005420285050290D0A000000003D3D3D3DFE
:104250003D3D3D3D3D3D3D3D3D3D3D3D3D3D3D3D8E
:104260003D3D3D3D3D3D3D3D3D3D3D3D3D3D3D3D7E
:104270003D3D3D3D3D3D3D3D0D0A0000000000003F
:1042800000000840312E20416C69676E696E67201E
:10429000726F746F7220746F20656C6563747269DD
:1042A00063616C207A65726F2028553D252E31663A
:1042B00056292E2E2E0D0A00E4CB964020202049B0
:1042C0006E697469616C204D656368616E696361D4
:1042D0006C20416E676C653A20252E32662064653D
:1042E0006720285261773A202564290D0A000000D2
:1042F000FDAD003DB88F0008000034430000B4431A
:10430000000034C3332E204D6561737572656D6591
:104310006E742046696E69736865643A0D0A000020
:10432000202020546F74616C20456C656374726941
:1043300063616C20526F746174696F6E3A20252E30
:10434000316620646567202825642066756C6C20C2
:104350006379636C6573290D0A00000020202054E6
:104360006F74616C204D656368616E6963616C2078
:10437000526F746174696F6E3A20252E3266206424
:1043800065670D0A0000000020202043616C637502
:104390006C6174656420506F6C6520506169727344
:1043A0003A2020202020252E33662028436C6F736E
:1043B00065737420496E74656765723A20256429B7
:1043C0000D0A0000CDCC4C3F2020203E3E20434F24
:1043D0004E434C5553494F4E3A204D6F746F7220E7
:1043E000686173203720504F4C452050414952534B
:1043F00020283134206D61676E65747329203C3C40
:104400000D0A00002020203E3E20434F4E434C55D5
:1044100053494F4E3A204D6F746F7220686173207C
:10442000313120504F4C45205041495253202832C1
:1044300032206D61676E65747329203C3C0D0A0063
:104440002020203E3E20434F4E434C5553494F4E73
:104450003A204D6F746F722068617320256420507C
:104460004F4C45205041495253203C3C0D0A00001E
:104470003D3D3D3D3D3D3D3D3D3D3D3D3D3D3D3D6C
:104480003D3D3D3D3D3D3D3D3D3D3D3D3D3D3D3D5C
:104490003D3D3D3D3D3D3D3D3D3D3D3D0D0A0D0A12
:1044A000000000004F4B2050500D0A0010B50AA02C
:1044B00000F09AFE002000F03DF8012000F03AF8EC
:1044C000022000F037F84FF0FF3003F0F9FDBDE8AF
:1044D00010400DA000F088BE0D0A3D3D3D205374F4
:1044E000617274696E6720332D41786973204D5471
:1044F000363730312053656E736F7220416C6967B7
:104500006E203D3D3D0D0A003D3D3D20332D41785F
:1045100069732053656E736F7220416C69676E20FA
:1045200046696E6973686564203D3D3D0D0A0D0A5C
:10453000000000002DE9F0472DED088B86B0044601
:104540009FED868A8648032C90ED00BA05D30120A2
:1045500006B0BDEC088BBDE8F08782480026DFF886
:104560000892055DADF810608DED058A25B1012D2D
:1045700007D0022D0AD00EE005A904A802F05EFEC5
:1045800008E005A904A802F0A1FE03E005A904A81B
:1045900002F0DEFE38B16A1C611C74A000F024FE3B
:1045A00009F80460D5E0601CC0B2012103F0E8FE08
:1045B000322002F01BFD2046DFED7AAAF0EE480A19
:1045C000B0EE4B0AB0EE6A1A03F0DAFD4FF42F7A20
:1045D000504602F00BFD204603F050FF204603F04A
:1045E0003BFFB0EE40AA0026F0EE489A9FED6E9A8F
:1045F000DFED6E8A4FF4FA6700EE106AB0EE6A8A59
:104600002046F8EEC00AB0EE481A80EE890AF0EEB5
:10461000690A00EE281AB0EE4B0A03F0B1FD2046FD
:1046200003F02CFF384602F0EDFC761CC82EE3DDCB
:10463000204603F023FF204603F00EFFF0EE40AAD1
:104640005FF0C80600EE106AB0EE481A2046F8EE99
:10465000C00A80EE890AF0EE690A00EE281AB0EE70
:104660004B0A03F08DFD204603F008FF384602F0A8
:10467000C9FC761EE6D5204603F000FFC82002F0F4
:10468000B5FC3AEECA0A4A4910EE100A884202DD29
:1046900030EE680A06E010EE100A4649884201D959
:1046A00030EE280A0127DFF81081B5EEC00AF1EEDE
:1046B00010FA02DD48F8247003E04FF0FF3148F8AB
:1046C0002410B0EE481AB0EE698A2046F0EE480A8F
:1046D000B0EE4B0A03F054FD504602F087FC204632
:1046E00003F0CCFE354800EB8406204686ED008AB8
:1046F00002F094FC86ED000A2046B0EE481AF0EE77
:10470000480AB0EE480A03F03BFD09F8047096ED44
:10471000008A9FED2B0A9FED2B1A68EE000A80EEAF
:10472000810A10EE100AFCF71EF806460F4618EE36
:10473000100AFCF718F80B4602468DE8CC0058F832
:104740002400012807D020A36A1C611C204800F027
:104750004BFD0020FCE61FA3F6E700000000000070
:10476000640000205000002060000020416C696758
:104770006E204D25643A20456E636F646572206F2C
:104780006E204932432564206973206E6F7420695E
:104790006E7374616C6C65642028736B6970292E6C
:1047A0000D0A0000E4CB964000004843DB0FC940EF
:1047B000DB0F4940DB0F49C054000020D807002020
:1047C00000003443DB0F4940434357282D31290073
:1047D000789400084357282B31290000FEE7000099
:1047E00010B504462DED028BB0EE408A03F090FA2E
:1047F0009FED530A216A79B3411A00EE901AF8EE40
:10480000600A9FED501A20EE811A00BFB5EEC01A63
:104810004FF07C52F1EE10FA03D911EE101A9142CA
:1048200001DDB0EE401A206294ED000AD4ED070AD3
:1048300094ED042A20EE083A94ED010AF1EE422AA2
:1048400020EE080A40EE010AF4EEE02AF1EE10FA3A
:1048500006DDF0EE620A0AE0FFE7B0EE401AD5E7A7
:10486000B4EEE02AF1EE10FA01D2F0EE420AC4ED05
:10487000070A94ED020AB5EEC00AF1EE10FA1BDD4C
:1048800011EE100A3049884216DDD4ED051A78EE93
:10489000611A20EE210AC0EE011A11EE900AB0F161
:1048A0003F4F02D9FEEE001A08E011EE900A904246
:1048B00004DDF6EE001A01E0DFED241A33EE200AE3
:1048C00084ED058A30EE210AF4EEC02AF1EE10FAEA
:1048D00002DDB0EE620A06E0B4EEC02AF1EE10FA94
:1048E00001D2B0EE420AD4ED031AF5EEC01AF1EE91
:1048F00010FA1FDD11EE100A154988421ADDD4EDB9
:10490000060A70EE602A82EE812AF4EEC21AF1EEF7
:1049100010FA04D2B0EE600A01EE810A0AE0F1EE6C
:10492000612AF4EEC22AF1EE10FA03DDB0EE600A5D
:1049300001EEC10A84ED060ABDEC028B10BD000039
:104940006F12833ABD3786356F12033B00000000BB
:104950006F12033A704700002DE9F0412C4886B0F1
:104960004FF00008016841F002010160006800F0AA
:104970000200059026481030016841F48041016032
:104980000068142100F4804005906846FBF752FC53
:1049900001244FF480550326CDE900541D4FCDE985
:1049A000024669463846FCF705FD1A48183005608E
:1049B0004FF46040009001A9022081E851000520D9
:1049C000049069463846FCF7F5FC1348C0F80080AF
:1049D000016841F004010160016841F010010160CB
:1049E000016841F002010160016841F001010160CC
:1049F000016841F400710160016841F48071016057
:104A0000016841F04001016006B0BDE8F08100009E
:104A1000303802400004024000380040F0B50C4E2F
:104A20000F464FF080511546316040F0800000F095
:104A300011F8002405E0FF2000F00CF83855641C44
:104A4000A4B2AC42F7D34FF480503060F0BD000008
:104A50001804024010B54CF2503319460A4A01E0DE
:104A6000491E0ED01468A407FAD50749091D08602D
:104A700001E05B1E05D01068C007FAD00868C0B21C
:104A800010BDFF2010BD00000838004030B5074CB5
:104A90000D464FF08051216000F07F00FFF7DAFFF4
:104AA0002846FFF7D7FFA014206030BD180402404D
:104AB0007047000010B5194B0021DFED171A9FED6C
:104AC000180A9FED182A0A46F7EE080AB1EE081AEE
:104AD00003F16C0401EBC10003EB8000C0ED001A90
:104AE000C0ED010A80ED020A80ED030A80ED041A90
:104AF00080ED050A80ED060A80ED070A026201EBEF
:104B0000410004EB8000491C80ED002A80ED010A81
:104B100082600329DEDB10BDCDCC4C3E2C0800208A
:104B200000000000A69B443CFDF75CB830B593B094
:104B300030216846FBF77EFB14210CA8FBF77AFBBB
:104B40001E480025016841F080510160006800F0B6
:104B5000805011901A48016841F48041016000685A
:104B6000022400F480401190012000900004019084
:104B70008001CDE90640192008904FF4A870CDE9D6
:104B8000090404200B906846FDF7B8F908B172B625
:104B9000FEE70CA90F2081E831004FF4A0500F90E0
:104BA0004FF48050109005210CA8FDF7B5F80028AF
:104BB00001D072B6FEE713B030BD000040380240AD
:104BC000007000400248016841F4700101607047C4
:104BD00088ED00E0104808B50268002142F00802A4
:104BE0000260006800F0080000900C4801600B4B68
:104BF000532228331A604A1E1B1D1A60074A2432AA
:104C00001160064914310A6842F001020A60016825
:104C100041F00101016008BD40380240000C004035
:104C200038B512480024016841F0100101600068A5
:104C3000224600F01000009001213620FDF73AF8DE
:104C40003620FDF729F80A4804605321816240F2BA
:104C5000E731C1620121C160416941F00101416157
:104C6000016841F00101016038BD00004038024098
:104C70000010004006480169C90708D06FF0010123
:104C8000016104480168491C0160FCF7ABBF704733
:104C90000010004038000020F0B50268274B284D76
:104CA000284E294F294C4FF0804C984209D060453E
:104CB00007D0A84205D0B04203D0B84201D0A042EC
:104CC00004D122F0700E4A6842EA0E0298421BD0CC
:104CD000604519D0A84217D0B04215D0B84213D0C1
:104CE000A04211D01A4DA8420ED01A4DA8420BD0A6
:104CF000194DA84208D0194DA84205D0184DA84218
:104D000002D0184DA84203D122F44075CA682A4344
:104D10004D6922F080022A438D68C5620D68856264
:104D2000984201D0A04201D109690163016841F0B4
:104D300004010160012141610260F0BD00000140F9
:104D40000004004000080040000C00400004014046
:104D5000004001400044014000480140001800406C
:104D6000001C00400020004010B501F01F0301218D
:104D7000046A99408C430462016A9A4011430162BB
:104D800010BD0000F0B5036A026A22F0010202625F
:104D900042688469124E24F073050C682C4323F09A
:104DA00002058B682B430D4DA84201D0B04205D1BE
:104DB00023F00807CB683B4323F00403A84201D04B
:104DC000B04205D14D6922F4407215438A692A43E5
:104DD00042608461496841630362F0BD00000140A4
:104DE00000040140F0B5026A036A23F01003036275
:104DF000436884690D6824F4E64444EA05248D6818
:104E000022F0200242EA05120F4D104EA84201D0B6
:104E1000B04206D1CF6822F0800242EA071222F0A7
:104E20004002A84201D0B04207D14D6923F440634B
:104E300043EA85038D6943EA8503436084614968D9
:104E400081630262F0BD00000000014000040140E7
:104E5000F0B5026A036A23F4807303624368C4698D
:104E600022F4007224F073050C68124E2C438D68F6
:104E700042EA05220E4DA84201D0B04206D1CF68C9
:104E800022F4006242EA072222F48062A84201D0A2
:104E9000B04207D14D6923F4405343EA05138D69AD
:104EA00043EA05134360C4614968C1630262F0BD0F
:104EB000000001400004014030B5046A026A22F497
:104EC000805202624268C3690D6823F4E64343EAF4
:104ED00005238D6824F4005444EA0534084DA842A3
:104EE00002D0084DA84204D14D6922F4804242EA22
:104EF00085124260C36149680164046230BD0000EC
:104F0000000001400004014010B5806B0021C18504
:104F1000FDF7C7FB10BD01680C3151E8002F22F4EA
:104F2000907241E80023002BF5D10168143151E85B
:104F3000002F22F0010241E80023002BF5D1016B84
:104F4000012909D101680C3151E8002F22F010022B
:104F500041E80023002BF5D1202180F842100021E8
:104F60000163704708B590F84210222901D0022051
:104F700008BD82684FF480539A4201D1016921B182
:104F8000816A9A421BD04AB10AE00268816A52687B
:104F9000C2F308020A80816A891C08E0026972B1C2
:104FA0000268526802F07F020A70816A491C8162BD
:104FB000C18D491E0904090CC18503D01BE002689C
:104FC0005268F1E70168CA6822F02002CA600168ED
:104FD000CA6822F48072CA6001684A6922F001023C
:104FE0004A61202180F8421000214163026B012AAE
:104FF00003D0FDF705FD002008BD016301680C31F9
:1050000051E8002F22F0100241E80023002BF5D1D7
:1050100001680A68D20602D50A6849680091818D44
:10502000FDF73EFBE7E7000070B504460068016944
:10503000E26821F44051114301612169A068E269ED
:1050400008436169114308432168CA6849F20C6347
:105050009A430243CA6020684169A26921F4407101
:105060001143416131492068884202D03049884269
:1050700002D1FCF701FF01E0FCF7EEFEE26900233C
:10508000192164253226B2F5004F626828D0A0FBB2
:105090000101930F9200FBF795F80146B0FBF5F084
:1050A0006FF01802504301EB800006EB0010B0FBDC
:1050B000F5F000F0F002B1FBF5F002EB0012B1FBED
:1050C000F5F06FF01803584301EB800006EB001079
:1050D000B0FBF5F000F00F0021681044886070BD4F
:1050E000A0FB010192185B41FBF76CF80146B0FB95
:1050F000F5F00201B1FBF5F06FF01803584301EB36
:10510000800006EBC000B0FBF5F000F0F80002EB09
:105110004002B1FBF5F0584301EB800006EBC00004
:10512000B0FBF5F000F00700D6E7000000100140EA
:105130000014014010B500F007F8BDE81040014828
:10514000FDF7B0BA7807002030B521490868214B37
:105150000406214803F1040214D51C68240611D565
:1051600044888588AC4209D01C498488095D116057
:105170008188491CC1F30901818003E00C6824F097
:1051800080040C601968890616D511680288CBB2B4
:10519000110411D40D2B10D00F490024104D098893
:1051A0000A2BC1F30D010BD0FF290ED26B5402F470
:1051B0008042491C0A43028030BD42F4804102E033
:1051C0006C5442F40041018030BD048030BD0000C9
:1051D0000C440040004400403000002078030020D0
:1051E00078020020FEE700000FB4054B10B503A9BC
:1051F000044A029800F0D6FB10BC5DF814FB0000D6
:1052000071700008780000204100080218BF0420D7
:105210000A0E18BF40F001004FF07F4232EA010150
:1052200008BF40F00200012808BF052070470907A9
:10523000090E002804DB00F1E02080F8001470471C
:1052400000F00F0000F1E02080F8141D704700000E
:10525000004870477C00002030B583B0044600F061
:105260009DFA9FED090B05468DED000B00222146AE
:105270006846FBF73AFB284600F0A6FA9DED000BC6
:1052800003B030BD0000000000000000000000007E
:1052900010EE101A08B5444A6846B2EB410F28D9FF
:1052A0004FF0E640B0EB410F94BF00204FF0FF30CD
:1052B00000900098002861DB60EE000A10F0010FFA
:1052C00045D010F0020FDFED391A9FED391A00EECC
:1052D000E11ADFED381A40EE811A21EEA01AF0EE45
:1052E000400A40EE010A08BFF1EE600AB0EE600A23
:1052F00008BD314B21F0004293423CD911F0004FE0
:10530000DFED2E0A20EE201ADFED2D0A19BF31EE57
:10531000601A71EE200A31EE201A71EE600ABDEEBD
:10532000E01A11EE100A9FED271A00F0030000EEBC
:10533000C10A9FED251A009000EEC10A9FED231AC5
:1053400000EEC10A9FED221A00EEC10AB1E79FEDFF
:10535000211A9FED210A10F0020F00EE810A9FED45
:105360001F1A00EE801AB7EE000A00EE810A18BF7D
:10537000B1EE400A08BD00F067F99AE710EE100A96
:105380004000B0F17F4F3CBFB7EE000A08BD07D127
:105390004FF0010000F018FABDE8084000F044B9F1
:1053A000BDE8084000F03CB9B61F927E336D4C3921
:1053B000DA82083CA0AA2ABE490E494683F9223F58
:1053C0000000004B0000C93F00A0FD390020A233BF
:1053D0001A61342CB93AB2BACA9F2A3DDDFFFFBE2A
:1053E00010B52DED028BF0EE408A18EE900AB0EE6B
:1053F000608A20F00040C0F1FF40C00F07D118EED6
:10540000100A20F00040C0F1FF40C00F2BD018EE72
:10541000101A18EE900AFBF70AFB00EE100A10EEC5
:10542000100A6FEAD05010F0FF0F04BFBDEC028BE2
:1054300010BD18EE900A00F0004110EE100A00F0C6
:105440000040814204BFBDEC028B10BD18EE101A63
:1054500010EE100ABDEC028B61F31E0000EE900A04
:1054600030EE600A10BD18EE900A4FF07F41B1EBAC
:10547000400F1CBF18EE100A5FEA4000C7D10120A0
:1054800000F0A2F9BDEC028BBDE8104000F0CCB8F2
:1054900000B510EE101A2DED028B81B0524A68460D
:1054A000B2EB410F2ED94FF0E640B0EB410F94BF65
:1054B00000204FF0FF3000900098B0EE408A0028A6
:1054C0006ADB10F0010F4BD068EE080A9FED471A17
:1054D0009FED470A00EE810A9FED461A10F0020F79
:1054E00000EE801AB7EE000A00EE810A02BF01B09A
:1054F000BDEC028B00BD00BF01B0B1EE400ABDECB7
:10550000028B00BD3C4B21F00042934241D911F087
:10551000004FDFED3A0A20EE201ADFED390A19BFFD
:1055200031EE601A71EE200A31EE201A71EE600A37
:10553000BDEEE01A11EE100A9FED321A00F00300E2
:1055400000EEC10A9FED301A009000EEC10A9FEDF7
:105550002F1A00EEC10A9FED2E1A00EEC10AABE72A
:1055600028EE080A9FED2B1ADFED2B0A10F0020F30
:1055700040EE410A9FED291A00EE201A61EE000A62
:10558000B0EE480A08EE200AB6D101B0BDEC028B9D
:1055900000BD00F059F88FE718EE100A4000B0F196
:1055A0007F4F0DD218EE100AFFF72EFE042808BF19
:1055B00000F042F8B0EE480A01B0BDEC028B00BD2D
:1055C00009D1012000F000F901B0BDEC028B5DF8BB
:1055D00004EB00F029B801B0B0EE480ABDEC028B34
:1055E0005DF804EB00F01CB8B61F927EB93AB2BA6F
:1055F000CA9F2A3DDDFFFFBE490E494683F9223F7F
:105600000000004B0000C93F00A0FD390020A2337C
:105610001A61342C336D4C39DA82083CA0AA2ABEB8
:1056200030EE000A70470000DFED020A80EEA00AAB
:1056300070470000000000009FED020A20EE000A03
:1056400070470000000000102DE9F0014FF07F428C
:10565000B2EB410F9FBF4FF0FF310160BDE8F00199
:1056600070474FF0004242EA0123C1F3C752783A33
:10567000551112F01F0C434CCCF120067C44C1F3B1
:10568000C752A2F178024FEA621204EB820254F888
:10569000254008BFD2E9015612D0556804FA0CF42F
:1056A00025FA06F73C43976805FA0CF527FA06F841
:1056B000D26807FA0CFCF24045EA08054CEA0206FB
:1056C000A4FB034CA5FB0352A6FB03631D449D42B0
:1056D00034BF012600261319334416B1934202D970
:1056E00003E0934201D2012200E00022624402F171
:1056F000200C9206DC0C42EA443200EE102A5B03D6
:10570000DFED210AF8EEC01A00EE103A4FEA9C1CB9
:1057100011F0004FB8EE400AC0F800C020EE201A89
:1057200000EE105ADFED190AB8EE400A20EE200A0A
:1057300071EE810A70EE800A10EE902A02F5006286
:105740006FF30B0200EE902A70EEE11A31EEC11AEF
:10575000DFED101A30EE411A9FED0D0A20EE800A9F
:1057600001EE210A9FED0C1A00EE810A04BFBDE88C
:10577000F0017047CCF180510160BDE8F001B1EE5D
:10578000400A7047AC300000000000360000802C5A
:1057900022AAFD29DB0FC92F0000C92F014800688C
:1057A000704700007C00002002E008C8121F08C1FA
:1057B000002AFAD170477047002001E001C1121F92
:1057C000002AFBD1704700000149086070470000C3
:1057D0007C00002000EE900AF8EEE00A20EE200A9D
:1057E000704700002DE9FF5F82B00021DDE9043041
:1057F000020DDDF840B0034318D044F61050A2F279
:10580000FF3242431514119801281FD0A5EB0B005D
:10581000401C5FEA000A4FF000064E4FDFF8389157
:10582000B046504615D5CAF1000413E01198012482
:105830004AA3012801D16FEA0B010298119AC0E92D
:105840000031C0E9024206B0BDE8F09FCBF1000094
:10585000DFE704460021404A491842EB0450CDE9F5
:10586000001012E0E00707D032463B46404649466A
:10587000FBF7ADF98046894632463B46104619464D
:10588000FBF7A5F906460F466410002CEAD1DDE9C6
:105890000401DDE90023BAF1000F06DAFBF797F9FE
:1058A00042464B46FBF793F905E0FBF702FA424606
:1058B0004B46FBF7FEF904460E460022284BFBF749
:1058C0008BFA03D84FF0FF30014607E00022254B4A
:1058D00020463146FBF7D4F8FBF766FA102409E0BE
:1058E000002C0ADB0A220023FAF76CFC039B3032FF
:1058F0001A55641E50EA0102F2D1641C039AC4F1E5
:1059000011031444119A012A03D0012208430DD136
:105910000AE0084304D000204FF0110B119072E709
:10592000A3EB0B056D1E0DE05B4504DD4FF000029F
:1059300005F1010504E003DA4FF00002A5F10105CD
:10594000002AECD002981199C0E90231C0E9004563
:1059500079E70000000014400000F03F3000000034
:105960000000F0430000E03F30380A2801D2012057
:10597000704700207047000010B52DED028B9FEDA1
:10598000088AF0EE480AFFF72BFDB5EEC00AF1EEEB
:1059900010FA01DA30EE080ABDEC028B10BD0000EF
:1059A000DB0FC9402DE9FF4F95B09A468846064661
:1059B0000025EEE1252877D100242746F94A012168
:1059C000039400E0044316F8013F203B01FA03F082
:1059D0001042F7D130782A2811D06FF02F03307899
:1059E000A0F13002092A16D8039A44F0020402EB0F
:1059F000820203EB42021044761C0390EFE758F852
:105A0000042B0392002A03DA504244F4005403901A
:105A100044F00204761C30782E2816D116F8010FB7
:105A200044F004042A280DD06FF02F023078A0F142
:105A30003003092B09D807EB870302EB4303C71890
:105A4000761CF3E758F8047B761C30786C280FD06E
:105A500006DC4C2817D068280DD06A2814D104E041
:105A6000742810D07A280FD10DE044F400140AE015
:105A700044F4801401E044F440147278824202D16C
:105A800004F58014761C761C307866280BD013DC65
:105A9000582877D009DC002875D04528F6D046284C
:105AA000F4D047281AD193E118E0632835D0642850
:105AB00079D0652812D18BE1702873D008DC672873
:105AC000F1D069286FD06E280DD06F2806D1ACE0D8
:105AD00073282CD0752874D0782853D05246179943
:105AE00090476D1C54E1C4F30250022809D00328EA
:105AF0000DD0D8F8001004280DD00D6008F104086E
:105B000046E1D8F80010EA17C1E90052F6E7D8F8E4
:105B100000100D80F2E70D70F0E718F8041B8DF807
:105B2000001000208DF80100EB46012003E058F83A
:105B300004BB4FF0FF3061074FF0000102D40DE0CD
:105B400009F101018946B9420FDA8145F8DB1BF8FA
:105B500009100029F4D108E009F1010189468142C8
:105B6000FADB1BF809100029F6D103985346A0EB85
:105B7000090721463846179A00F080FA284400EBBE
:105B8000090507E044E008E10DE01BF8010B52466F
:105B900017999047B9F10109F7D253462146384683
:105BA000179AF2E039E00A21C4F302524FF0000BD9
:105BB0000091022A06D058F8040BC117032A09D015
:105BC0000AE023E008F1070020F00702F2E80201F2
:105BD000904605E000B2C117042A01D140B2C117B6
:105BE000002906DA0A460021404261EB02012D221B
:105BF00002E0220504D52B228DF80420012203E0C7
:105C0000E20701D02022F7E7914657E00A2100E0A1
:105C100010214FF0000B00910BE010214FF0000B12
:105C200044F004040827009103E008204FF0000B23
:105C30000090C4F30252022A05D058F8040B002148
:105C4000032A08D008E008F1070020F00702F2E874
:105C50000201904603E080B2042A00D1C0B24FF0A6
:105C6000000922072AD53278702A07D0DDF800C053
:105C70008CF0100C5CEA0B0C05D00EE040228DF885
:105C80000420012208E050EA010306D030238DF8F9
:105C900004308DF8052002229146009B83F0080312
:105CA00053EA0B030AD150EA010201D1620705D57C
:105CB00030228DF804204FF001097F1E3278582AD7
:105CC00004D039A20C920CAA02920BE03BA2F9E795
:105CD0005B46009AFAF776FA0C9B9B5C029A521E7E
:105CE0000292137050EA0102F2D1029804A9081A34
:105CF00000F1200B600702D524F4803400E0012776
:105D00005F4502DDA7EB0B0000E0002000EB0B017C
:105D1000009003984944401A0390E00306D4534688
:105D20002146179A039800F0A9F90544002706E0D8
:105D300001A85246C05D179990476D1C7F1C4F45C6
:105D4000F6DBE0030CD553462146179A039800F082
:105D500095F9054404E030205246179990476D1C90
:105D60000099481E00900029F5DC08E0029802998D
:105D700052460078491C0291179990476D1CBBF15F
:105D80000001ABF1010BF1DC5BE100F065F90544CA
:105D9000761C307800287FF40DAE19B02846BDE897
:105DA000F08F0000092801003031323334353637A6
:105DB0003839616263646566000000003031323357
:105DC00034353637383941424344454600000000F7
:105DD000600700D4062708F1070020F00700F0E86C
:105DE0000223804603F0004C5FEA0C0001D097A02C
:105DF00009E0200501D596A005E0E00701D095A0B7
:105E000001E0AFF24C001390307823F00043652896
:105E10000CD006DC452809D046281DD047287FD164
:105E20003BE0662818D067287AD136E00021112F90
:105E300001DB112000E0781CCDE9000104A90CA8C9
:105E4000FFF7D0FCDDE90D010C9A4FF0000B07F1D4
:105E50000109109200914EE04FF000400097CDE90B
:105E6000011004A90CA8FFF7BDFCDDE90D020C9B95
:105E70000F994FF0000B91461093009211B9791CC5
:105E800000EB0109B7EB090003D4C0F1FF3B07F1B8
:105E90000109A9EB0700019042E0012F00DA012778
:105EA0000021112F01DD112000E03846CDE900016D
:105EB00004A90CA8FFF796FCDDE90D010C9A0091EE
:105EC0004FF0000BB946109221070FD4009A4A45B3
:105ED00003DA914601E0A9F10109B9F1010F05DDED
:105EE000109AA9F10101515C3029F4D0B84202DACC
:105EF00010F1040F03DA0121CDE9011010E00028B0
:105F000003DC8344A9EB000102E0411C494500DDAC
:105F10008946A0EB0B00401C01904FF0004002901E
:105F2000200705D40198484502DB4FF0FF3001906F
:105F300000208DF84B0002980DF14B07B0F1004F97
:105F400025D002200C902B200D90029800280CDA0E
:105F5000404202902D200D9007E00A210298FAF7A6
:105F600031FC3031029007F8011D0C99481E0C904D
:105F70000029F2DC02980028EFD1791E0D980870F4
:105F8000307800F0200040F0450007F8020D11A81D
:105F9000C01BC01D02901398007800B1012000EBD7
:105FA0000901019801EBE071029801440398401A3D
:105FB000401E0390E00306D453462146179A0398E7
:105FC00000F05CF805441398007818B15246179910
:105FD00090476D1CE00323D553462146179A03983A
:105FE00000F04CF805441BE0BBF1000F07DB009804
:105FF000584504DD1098179910F80B0001E0179927
:1060000030205246904701980BF1010B401E05F1DC
:106010000105019004D12E205246179990476D1C1E
:10602000B9F10001A9F10109DEDC05E017F8010B67
:106030005246179990476D1C0299481E02900029FC
:10604000F4DC53462146179A03989EE62D00000083
:106050002B000000200000002DE9F041044600253F
:106060001E461746880404D405E039462020B04770
:106070006D1C641EF9D52846BDE8F0812DE9F0417C
:10608000044600251E469046C80301D5302700E08F
:106090002027880404D505E041463846B0476D1CEA
:1060A000641EF9D52846BDE8F081000010B504460D
:1060B0002DED028BB0EE408A01F02AFE334ADFED6F
:1060C000340A52F8241091B3411A00EE101A9FEDD1
:1060D000311AB8EE400A20EE010A00BFB5EEC00A40
:1060E00042F82400F1EE10FA04D910EE100AB0F1D3
:1060F0007C5F01DDB0EE600A2748284900EB840090
:1061000090ED001AD1ED041A78EE410A61EE802A72
:10611000B0EEE02AB4EEE22AF1EE10FA1EDDF5EE62
:10612000C00AF1EE10FA06D24FF0FF320BE0FFE7A3
:10613000B0EE600AD2E7F5EEC00AF1EE10FA01DD2A
:10614000012200E0002200EE902AF8EEE00A60EE64
:10615000A10A00EE801A80ED001A01E080ED008AAD
:1061600090ED000A91ED028AC868FFF733FBB0EEAC
:10617000401A2046DFED0A0AB0EE480A02F000F8A5
:10618000B0EE480ABDEC028B10BD000004090020EF
:106190006F12833ABD378635C007002064000020A7
:1061A000000000002DE9F04FFF482DED028B9BB061
:1061B0000088000476D5FD4D00E06D1C287820286D
:1061C000FBD00928F9D010F0FF0F62D00422F8A10B
:1061D0002846FAF73AF8002856D00422F6A12846B5
:1061E000FAF733F800284FD00522F5A12846FAF730
:1061F0002CF8002848D00522F3A12846FAF725F804
:10620000002841D00222F2A12846FAF71EF8002801
:1062100040D00222EFA12846FAF717F8002839D01B
:106220000422EDA12846FAF710F8ED4C002847D0DB
:106230000422ECA12846FAF708F8002840D00422EE
:10624000EAA12846FAF701F80127002842D00422E3
:10625000E8A12846F9F7F9FF00283BD00422E7A17E
:106260002846F9F7F2FF9FEDE78A00287DD0042247
:10627000E5A12846F9F7E9FF0028F7D02878532848
:106280003DD073283BD041E0E1A0FEF7ADFFFDF724
:106290001FF95FE2A97800200A463139022902D8A5
:1062A000084609E0FDE3202A06D1E978312903D325
:1062B000332901D8A1F13100C0B2FDF72DFEFEE374
:1062C000281DFAF743FA08B1012100E00021E1702E
:1062D000DCA0F2E3281DFAF739FA012802D048B110
:1062E000DC487DE34FF0FF3001F0EAFEDA4807704A
:1062F000DAA075E3D84803210170E0A070E3687864
:106300000028B3D02028B1D00928AFD00622E3A1BD
:106310002846F9F79AFF00287AD00622E1A12846FC
:10632000F9F793FF00287FD00422E0A12846F9F76F
:106330008CFFE04E00286CD00422DFA12846F9F73C
:1063400084FF0028F7D00322DDA12846F9F77DFF5E
:1063500000285ED00322DBA12846F9F776FF00284B
:1063600057D00322D8A1284600E053E0F9F76DFF8B
:1063700000286ED00322D5A12846F9F766FF002831
:10638000F7D00422D2A12846F9F75FFF00287DD07C
:106390000422D1A12846F9F758FF0028F7D005229A
:1063A000CFA12846F9F751FF002870D00522CEA1D1
:1063B0002846F9F74AFF0028F7D00522CCA1284645
:1063C000F9F743FF0028F0D00522CBA12846F9F7C2
:1063D0003CFF0028E9D00322C9A12846F9F735FF80
:1063E00000287DD00322C7A12846F9F72EFF0028F8
:1063F000F7D00222C4A12846F9F727FF002872D05F
:106400000222C2A12846F9F720FF0028F7D06DE24A
:106410000AE027E084ED038A84ED048A84ED058A8E
:1064200084ED068ABAA0DBE2A81DFAF78FF90128ED
:1064300003D0022801D0B948D2E2C0B2607101286D
:1064400004D0FCF7B7FD28B1002004E0FCF714FDF0
:10645000F9E76BE001202071C2B26179B0A0FEF7CC
:10646000C3FE2CE315A918A800F0E8FEC8B300206D
:1064700018AC049016A9A01C00F028FF90B30020CF
:10648000059017A9201D00F063FF01E065E1A4E17C
:1064900050B300200E90B068FAF765F904460D4637
:1064A0001798FAF760F9CDE90C017068FAF75BF913
:1064B00082468B461698FAF756F980468946306828
:1064C000FAF751F906460F461598FAF74CF90A46BD
:1064D00001460E981294CDE91350DDE90C3404E026
:1064E00082E11DE01EE0F6E11EE0CDE91034BDF8CA
:1064F0006400059C03B2CDE90D30CDE90BB408ABC7
:1065000083E80007BDF862308DE8C60018B2CDE917
:106510000503BDF86020894811B2FEF765FECEE2A2
:106520000120A5E70120ABE70120B3E72C484FF09D
:10653000000B4079012802D0022803D005E0FCF7C7
:10654000BFFC01E0FCF790FD83467D4CA068FAF7A4
:106550000AF9074688466068FAF705F905460E46C7
:106560002068FAF700F90C34CDE90401A068FAF7C5
:10657000FAF8CDE900016068FAF7F5F881468A4635
:106580002068FAF7F0F80A4608A981E8E001DDE999
:106590000434CDE90634DDE900348DE80506104801
:1065A000CDE904344179CDE03000002078020020AC
:1065B00054455354000000007465737400000000DB
:1065C000434845434B000000636865636B0000006F
:1065D000505000007070000054454C450000000011
:1065E0000000002074656C65000000004D4F4445BC
:1065F000000000006D6F64650000000053544F50B0
:10660000000000000000000073746F7000000000C4
:106610000D0A5B434D445D2054726967676572697A
:106620006E67204D6F746F72202620456E636F6415
:1066300065722053656C662D546573742E2E2E0D75
:106640000A0000004F4B2054454C453A25640D0A82
:1066500000000000B88D00084C0000204F4B204D7A
:106660004F44453A312028436C6F7365642D6C6F3D
:106670006F70205370656564290D0A004F4B204DE3
:106680004F44453A3020284F70656E2D6C6F6F7007
:10669000205370656564290D0A00000053454E5370
:1066A0004F52000073656E736F72000048414C4C8E
:1066B00000000000CC07002068616C6C0000000046
:1066C000454E4300656E6300494D5500696D750088
:1066D0005343414E000000007363616E00000000F0
:1066E000414C49474E000000616C69676E00000034
:1066F00043414C494200000063616C696200000044
:106700005049440070696400454E0000656E000009
:106710004F4B2053544F500D0A000000008A0008D0
:106720004F4B2053454E534F523A2564206F6E6CA9
:10673000696E653D25640D0A0000000004920008A2
:1067400080000020012906D0EEA102795B46F248C4
:10675000FEF74AFDB3E1F1A1F7E7F5A0FEF744FD2E
:1067600001254FF6FF7400BF04EA4501052302220C
:10677000F948FAF7F3FF18B92946F8A0FEF734FDF7
:106780006D1C802DF0DBF7A0FEF72EFD5FF00105FC
:1067900004EA450105230222F548FAF7DFFF18B99C
:1067A0002946EEA0FEF720FD6D1C802DF0DBF1A048
:1067B000FEF71AFD5FF0010504EA450105230222F8
:1067C000EF48FAF7CBFF18B92946E4A0FEF70CFD15
:1067D0006D1C802DF0DBEBA002E1F0A0FEF704FDC4
:1067E000FDF764FEF5A0FBE08DED058A8DED068AD0
:1067F0008DED048AEC78F44E04A8312C1BD0322C99
:1068000019D0332C17D0009006AB05AAEFA1E81CD5
:10681000F9F72AFD014602285BDB04AB002093E870
:10682000340000BF00EBC00306EB83030329C3E978
:10683000004535D035E0009006AB05AAE3A1281D40
:10684000313CF9F711FD0146022826DB04EBC400B8
:1068500006EB8000059A0260069D9146456003297B
:1068600003D19DED040A80ED020A8068F9F77BFFF1
:10687000074688462846F9F776FF05460E464846FD
:10688000F9F771FF41EC100B8DE8E00153EC102B90
:10689000611CD1A0FEF7A8FC11E1611CD7A00CE19E
:1068A0009A60401C0328BDDB1046F9F75CFF0746E1
:1068B00088462846F9F757FF05460E462046F9F761
:1068C00052FF8DE8E00141EC100BD7A053EC102BE8
:1068D000A5E0DFA084E0A87820282BD0092829D0C3
:1068E000312809D0322811D0332819D028784D28E2
:1068F0004BD06D2849D053E0E81CF9F727FFC1B20F
:10690000012001F03DFD2178DCA0D6E0E81CF9F77C
:106910001DFFC1B2022001F033FD6178DAA0CCE0A6
:10692000E81CF9F713FFC1B2032001F029FDA1789B
:10693000D8A0C2E004A800900297039703AB02AA74
:10694000D7A10497A81CF9F78FFC032803D00128CE
:106950000FD0D6A044E00298C1B2012001F010FD92
:106960000398C1B2022001F00BFD0498C1B20320CC
:1069700002E00298C1B2002001F002FDA378627823
:106980002178D5A0FEF730FC99E06978202912D053
:10699000092910D0312908D0322908D0332908D04C
:1069A000542856D0742854D061E0A81C40E2A81C9A
:1069B0004EE2A81C5CE28DED048A8DED058A8DED1A
:1069C000068A06A8009005AB04AA80A1681CF9F706
:1069D0004BFC032807D0012824D0022824D0C2A0D1
:1069E000FEF702FC6BE004982061059E804666611C
:1069F0000698A061F9F7B7FE04460D463046F9F750
:106A0000B2FE06460F464046F9F7ADFE41EC100BCC
:106A1000C3A053EC102BCDE90245CDE90067FEF78A
:106A2000E3FB4CE004985AE0049D25610598606101
:106A3000F9F799FE06460F462846F9F794FE41EC11
:106A4000100BBFA053EC102BCDE90067FEF7CCFB79
:106A500035E0697820293BD0092939D02B2937D056
:106A60002D2935D0A1F13002092A31D979B3552821
:106A700042D0752840D0DFF8E0924C283DD06C28F9
:106A80003BD031283AD0322839D0332838D0482862
:106A900031D068282FD03F282DD00422AFA128461E
:106AA00000E00FE0F9F7D1FB28B30422ADA128469E
:106AB000F9F7CBFBF8B12946ACA0FEF795FBB2483D
:106AC000002101801BB0BDEC028BBDE8F08FFFE719
:106AD000681CFEF7C1FB51EC100BF9F757FEE060A4
:106AE00020616061A061F9F73EFE41EC100BA7A0A8
:106AF00053EC102BCAE1CCE150E174E197E1A6E13F
:106B0000B5E100004D50552D363035302028536FFB
:106B100066742D4932432900549300084C534D3676
:106B20004453525452202853504932290000000047
:106B30002D2D2D2049324320427573205363616E01
:106B40002028312D31323729202D2D2D0D0A4932A3
:106B500043313A2000000000A400002030782530A6
:106B6000325820000D0A493243323A20000000001A
:106B7000F80000200D0A493243333A20000000009B
:106B80004C0100200D0A2D2D2D20456E64205363ED
:106B9000616E202D2D2D0D0A0000000053746172CE
:106BA00074696E67204D6F746F7220416C69676EF7
:106BB0006D656E742E2E2E0D0A0000004F4B204185
:106BC0004C49474E0D0A00002C0800202566202560
:106BD00066202566000000004F4B20504944256484
:106BE0003A20503D252E33662C20493D252E336614
:106BF0002C20443D252E34660D0A000045525220BB
:106C000050494420666F726D617420285573616726
:106C1000653A205049442564203C503E203C493E82
:106C2000205B445D290D0A004F4B20414C4C205005
:106C300049443A20503D252E33662C20493D252ECF
:106C400033662C20443D252E34660D0A00000000DA
:106C50004552522050494420666F726D617420285D
:106C600055736167653A20504944203C503E203CB2
:106C7000493E205B445D290D0A0000004F4B204532
:106C80004E313A25640D0A004F4B20454E323A25CD
:106C9000640D0A004F4B20454E333A25640D0A001F
:106CA0002564202564202564000000004552522000
:106CB000454E20666F726D6174202855736167655B
:106CC0003A20454E203C65313E203C65323E203C1A
:106CD00065333E290D0A00004F4B20454E3A25648E
:106CE000256425640D0A0000455252204D20666F30
:106CF000726D6174202855736167653A204D203CA0
:106D000076313E203C76323E203C76333E206F7218
:106D1000204D31203C76616C3E290D0A00000000B8
:106D20004F4B204D313A252E32662C4D323A252ECE
:106D300032662C4D333A252E32660D0A00000000D3
:106D40004F4B204D313A252E32662C4D323A252EAE
:106D500032660D0A000000007400002048454C50C7
:106D60000000000068656C70000000004552522071
:106D7000556E6B6E6F776E20636F6D6D616E643AEA
:106D80002025730D0A000000300000204F4B2041E9
:106D90004C4C3A252E32660D0A000000681CFEF7A6
:106DA0005BFA51EC100BF9F7F1FC00EE100A6B4A9C
:106DB00010EE100A6A49904202DA9FED6A0A05E075
:106DC00010EE100A884201DD9FED670A674880EDEA
:106DD000000A10EE100AF9F7C6FC41EC100B64A093
:106DE00053EC102B52E0681CFEF736FA51EC100BF6
:106DF000F9F7CCFC00EE100A614910EE100AB0F170
:106E00007E5F02DAB7EE000A05E010EE100A884253
:106E100001DD9FED5C0A89ED000A10EE100AF9F71A
:106E2000A2FC41EC100B58A053EC102B2EE0681C78
:106E3000FEF712FA51EC100BF9F7A8FC2061F9F7F4
:106E400092FC41EC100B54A053EC102B1EE0681C7C
:106E5000FEF702FA51EC100BF9F798FC6061F9F7B4
:106E600082FC41EC100B50A053EC102B0EE0681C80
:106E7000FEF7F2F951EC100BF9F788FCA061F9F775
:106E800072FC41EC100B4CA053EC102BFEF7ACF94C
:106E900015E6B046B068F9F766FC06464A480F4664
:106EA0008069F9F760FC04460D46D8F80400F9F74C
:106EB0005AFCCDE9060144484069F9F754FCCDE994
:106EC0000401D8F80000F9F74EFCCDE918013E485E
:106ED0000069F9F748FC82468B46D9F80000F9F7BB
:106EE00042FC8046214889460068F9F73CFC41ECA9
:106EF000100B3548CDE9166780781294CDE9135010
:106F0000DDE90601CDE910012F4840780E90DDE95A
:106F10000401CDE90C01DDE91801CDE90A012A4897
:106F20000078CDF818A0CDE907B0284800780128EE
:106F30000BD027A124484279C078CDE90202049100
:106F4000CDE9008903D125A102E024A1F2E720A127
:106F500053EC102B2448FEF747F9B0E5CDCCCC3DDF
:106F60009A99D940CDCCCC3D9A99D9406C0000205B
:106F70004F4B2056713A252E32660D0A0000000054
:106F80000000A0420000A0424F4B20566C696D3AB1
:106F9000252E32660D0A00004F4B204D313A252E2A
:106FA00032660D0A000000004F4B204D323A252E6C
:106FB00032660D0A000000004F4B204D333A252E5B
:106FC00032660D0A00000000000000204C00002086
:106FD0004F50454E5F4C4F4F50000000434C4F53B5
:106FE00045445F4C4F4F5000488A000870B5054635
:106FF000FAF7EAFA4FEA0004FAF7E6FA001BA842A9
:10700000FAD370BD70B5054600F082FE4FEA000469
:1070100000F07EFE001BA842FAD370BD032802D305
:107020009FED0F0A70470F4901EB800191ED000AB7
:107030000D4951F8201000EE901A0A490C3101EB6D
:107040008000B8EEE01AD0ED001A0848D0ED000A32
:10705000F8EEE00A61EEA00A11EE200AFEF78CBC01
:1070600000000000D807002054000020700000201D
:1070700030B50B4A5188491CC1F30903094903E0A3
:107080000C6844F080040C609488A342F8D0064C4D
:107090005588605553800A6842F080020A6030BD0E
:1070A000300000200C440040780300202DE9F04F10
:1070B00006460068564985B0884205D155484025A6
:1070C0008246D146802411E05349884205D1534875
:1070D00002258246D146012408E0514988427CD1EC
:1070E00085155148DFF83CA1814644150427214607
:1070F000FAF758FA18B13068806980076DD53068A2
:10710000016841F4004101600520FFF77BFF306812
:10711000016821F4004101603068016821F001013B
:10712000016014216846F9F785F84FF00108032043
:107130004FF0110BCDE90280CDE9005B6946504666
:10714000FAF738F90020CDE900406946CDF808800B
:107150004846FAF72FF94FF000080022294650461A
:10716000FAF72DFA0520FFF74DFF01222946504678
:10717000FAF725FA0520FFF745FF21464846FAF7BA
:1071800011FA012804D008F10108B8F1090FE4DB75
:10719000CDE9004B69464846FAF70CF90022214632
:1071A0004846FAF70CFA0520FFF72CFF0122294682
:1071B0005046FAF704FA0520FFF724FF0122214682
:1071C0004846FAF7FCF90520FFF71CFF4FF00108CD
:1071D0004FF0120BCDF8088000E015E0CDE9005B20
:1071E0000325CDE9035769465046FAF7E3F8CDE9A0
:1071F000004BCDF80880CDE9035769464846FAF7B9
:10720000D9F83046FAF7E6F905B0BDE8F08F00008E
:1072100000540040000402400058004000140240A6
:10722000005C0040000002400008024008B5002059
:107230000090401C00901928FBDB08BD7FB5064676
:107240001E4C0020039020680D4628B180698007FD
:1072500002D52046FFF72AFF0A22022103A88DE863
:107260000700012303220C211448FAF72DFB60B11B
:1072700013490870206C48601048FFF717FF202062
:1072800084F83D00012004B070BD9DF80C009DF80D
:107290000D10800140EA910000EE100ADFED090AAE
:1072A0003080B8EEC00A002020EE200ADFED060A8A
:1072B00020EE200A85ED000AE5E70000A40000208A
:1072C000280000200000B443000080387FB5054648
:1072D0001C4E0020039030680C4628B1806980075E
:1072E00002D53046FFF7E2FE0A22022103A88DE80C
:1072F0000700012303220C211248FAF7E5FA40B1F6
:107300001048FFF7D3FE202086F83D00012004B08E
:1073100070BD9DF80C009DF80D10800140EA9102AF
:1073200000EE102ADFED080A2A80B8EEC00A00201D
:1073300020EE200ADFED050A20EE200A84ED000A87
:10734000E5E70000F80000200000B44300008038AA
:107350007FB505461C4E0020039030680C4628B1CE
:107360008069800702D53046FFF7A0FE0A2202217D
:1073700003A88DE80700012303220C211248FAF725
:10738000A3FA40B11048FFF791FE202086F83D0097
:10739000012004B070BD9DF80C009DF80D10800117
:1073A00040EA910200EE102ADFED080A2A80B8EECA
:1073B000C00A002020EE200ADFED050A20EE200A98
:1073C00084ED000AE5E700004C0100200000B44312
:1073D000000080382DE9F05F1C4C4FF400678346B5
:1073E00000252760DFF864A02E464FF48068AAF1DC
:1073F000080A4FF080696806050EC4F80080FFF7A0
:1074000015FFDAF80000000501D545F00105C4F8C4
:107410000090FFF70BFF761CF6B2082EEBD3BBF102
:10742000000F03D04FF00060206000E02760FFF7FE
:10743000FDFEC4F80080FFF7F9FEC4F80090276055
:10744000FFF7F4FE2846BDE8F09F00001804024054
:1074500010B50A4C4FF40060206040102060FFF728
:10746000E5FE4FF000602060FFF7E0FE4FF0806027
:107470002060BDE81040FFF7D9BE000018040240AC
:1074800010B5074C4FF00060206040142060FFF7FB
:10749000CDFEE0142060BDE81040FFF7C7BE00003D
:1074A000180402402DE9F0471A4C002506464FF417
:1074B00000694FF0006A27154FF08068300601D54B
:1074C000484600E0504620607006060EFFF7AEFE0C
:1074D0002760FFF7ABFEC4F80080FFF7A7FE6D1C26
:1074E000EDB2082DEAD3C4F80090FFF79FFE2760A5
:1074F000FFF79CFE074808380068C4F80080C0F316
:10750000C025FFF793FE15B10120BDE8F0870020EC
:10751000FBE700001804024010B50446032809D216
:1075200000F0ACFF2046FFF779FD034800EB840034
:1075300080ED000A10BD0000BC0800202DED048B7A
:10754000A8B0FAF757FBFDF7F1FAFBF7BFFDFBF721
:107550009DFFFBF753FEFBF731FEFBF76FFEFBF7DA
:1075600001FFFBF749FFFBF789FEFAF76FFC0146C5
:10757000D5A0FDF739FEFAF76FFC4100DDA0FDF75D
:1075800033FEFAF779FC4100E3A0FDF72DFEFCF78E
:107590009DFCFDF71FFBFDF743FBE84C012210218A
:1075A0002046FAF70CF8C820FFF720FD0022102132
:1075B0002046FAF704F8E248B2EE080A80ED000A25
:1075C000E048B1EE080A80ED000A9FEDDF0ADF48CF
:1075D000DF4980ED000A03200870DE4907200860BB
:1075E000FDF768FA4FF0FF3000F06AFD0021084611
:1075F00000F0C6FED8A0FDF7F7FDDFF89083012567
:107600004FF0000998F80500012803D044460228ED
:1076100014D022E0DE48FDF7E7FDFBF72DFC30B18A
:1076200088F80490FBF74CFC0146DAA013E088F8D8
:107630000450FBF745FC0146E5A00CE0EDA0FDF78A
:10764000D3FDFBF7B7FC002843D084F80490FBF788
:107650000BFD0146F4A0FDF7C7FDFE48FDF7C4FD94
:10766000CA48FD492030FFF7E9FD88B30020C74C28
:10767000F94EA41D04F11A052070311DA81CFFF756
:1076800025FE70B30020F44960700831281DFFF713
:107690005FFE38B30020BD498346891DB24688701D
:1076A000B068F9F760F806460F46DAF80400F9F713
:1076B0005AF804460D46DAF80000F9F754F841ECA0
:1076C000100BBBF1000FCDE9066710D0E3A00FE06F
:1076D00005E02571FBF7C8FC0146E2A0BBE70120ED
:1076E000C5E700E001E00120CDE70120D3E7E6A0F7
:1076F0000294CDE90350A548801D417809B1D7A176
:1077000000E0E1A10091007808B1D4A100E0DEA181
:1077100053EC102BDEA0FDF767FD0021EB48FAF7D4
:107720005BFF0421E948FAF757FF0821E748FAF719
:1077300053FF0021E648FAF74FFF0421E448FAF727
:107740004BFF0821E248FAF747FF00F095FEE148B9
:10775000FDF74AFD9FEDE00A444688ED030A88EDF7
:10776000040A88ED050A88ED060ADC49086828281D
:107770007ED3C1F80090E069401CE061207990B1AF
:107780006079012802D0022807D00CE0B2490C39F8
:10779000A1F10C00FBF71EFB05E0AF490C39A1F18C
:1077A0000C00FBF7B5FBCE4890ED000ADFEDCD0AEB
:1077B00020EE201A9FEDCC0A81EE008A90ED011A8E
:1077C00021EE201AC1EE008A90ED021AE07861EEF7
:1077D000200A002880EE809A74D0DFF810A3DAF82F
:1077E0000800F8F7C0FF07468846DAF80400F8F703
:1077F000BAFF05460E46DAF80000F8F7B4FFCDE907
:107800001C0119EE100AF8F7AEFFCDE91A0118EEC7
:10781000900AF8F7A8FFCDE9180118EE100AF8F75A
:10782000A2FFDFF834A2CDE91601AAF1180ADAF8AE
:107830000800F8F798FFCDE91401DAF80400F8F72A
:1078400092FFCDE91201DAF80000F8F78CFF0AF197
:107850000C0ACDE91001DAF80800F8F784FFCDE949
:107860000E01DAF80400F8F77EFFCDE90C0100E024
:1078700004E2DAF80000F8F776FFDFF874A2CDE949
:107880000A01DAF80800F8F76EFFCDE90801DAF826
:107890000400F8F768FFCDE90601DAF80000F8F710
:1078A00062FFCDE9040127480068F8F75CFFCDE9E5
:1078B0000201A069F8F757FFCDE900016069F8F708
:1078C00052FF17E169E100000D0A2D2D2D205354C0
:1078D0004D3332463430372053797374656D20430D
:1078E0006C6F636B3A20256C6420487A202D2D2D17
:1078F0000D0A00002D2D2D20415042312054696D7C
:10790000657220436C6F636B3A20256C6420487A63
:10791000202D2D2D0D0A00002D2D2D2041504232FD
:107920002054696D657220436C6F636B3A20256C3F
:107930006420487A202D2D2D0D0A000000180240E9
:10794000680000206C0000200000704274000020DD
:107950004C0000207000002033206D6F746F727334
:1079600020696E697469616C697A656420616E640E
:107970002049444C45202853616665204C6F636B59
:10798000204D6F6465292E0D0A00000000000020C4
:10799000D48E00084C534D36445352545220696ED5
:1079A0006974206661696C6564206F72206E6F7403
:1079B00020726573706F6E64696E67202857484F38
:1079C0005F414D5F493D307825303258290D0A001E
:1079D0004C534D36445352545220726561647921A0
:1079E0002057484F5F414D5F493D30782530325830
:1079F0000D0A0000496E6974204D50552D36303502
:107A000030206F6E20736F667420493243202850F7
:107A10004231303D53434C2C20504231313D534490
:107A200041292E2E2E0D0A004D50552D3630353061
:107A300020696E6974206661696C65642028574806
:107A40004F5F414D5F493D307825303258290D0A4E
:107A500000000000888E0008980000204F4E4C491E
:107A60004E4500004D50552D363035302072656141
:107A70006479212057484F5F414D5F493D3078255B
:107A80003032580D0A0000004F46464C494E450022
:107A90004D54363730313A204D313D257328252E4F
:107AA000316620646567292C204D323D25732825D9
:107AB0002E316620646567292C204D333D257328BF
:107AC000252E316620646567290D0A00E801002033
:107AD000300200201C8F0008000000003800002049
:107AE000E407002000003443DB0F4940CC070020AE
:107AF000C007002082468B462069F8F734FE41EC2F
:107B0000100B24A806AB80E8E001DDE91C01CDE9FB
:107B10002201DDE91A01CDE92001DDE91801CDE9F5
:107B20001E01DDE91601CDE91C01DDE91401CDE9F5
:107B30001A01DDE91201CDE91801DDE91001CDE9F5
:107B40001601DDE90E01CDE91401DDE90C01CDE9F5
:107B50001201DDE90A01CDE91001DDE90801CDE9F5
:107B60000E01DDE90601CDE90C01DDE90401CDE9F5
:107B70000A012078A278617883E80700DDE9020134
:107B8000CDE90401DDE90001CDE9020153EC102B40
:107B90005748CDE900ABFDF727FBE1690522B1FBB2
:107BA000F2F002FB101018BB207820B101215148DF
:107BB000F9F7FDFC04E0002201214E48F9F7FFFC33
:107BC000607820B102214B48F9F7F1FC04E0002273
:107BD00002214848F9F7F3FCA07820B10421454878
:107BE000F9F7E5FC04E0002204214248F9F7E7FC3C
:107BF000E069192846D3C4F81C90E078F0BB3E48F1
:107C00000068F8F7B0FD05463C480E468068F8F776
:107C1000AAFD0746394888464068F8F7A4FD824621
:107C200036488B460068F8F79EFD41EC100B34484F
:107C3000CDE9105600683249091F0968304A083AF0
:107C400012680A97CDE90D102E48CDE90B82006825
:107C50002C49091F09682B4A083A1268CDF810A070
:107C6000CDE907102848CDE905B2C16B826B406BA6
:107C7000CDE90002029153EC102B00E002E0234812
:107C8000FDF7B2FA207828B1002094ED040A00F044
:107C900045F806E01C49C1F83490C1F83890C1F8A5
:107CA0003C90607828B1012094ED050A00F036F888
:107CB00009E014490839C1F80090091DC1F8009085
:107CC000091DC1F80090A07828B1022094ED060AA1
:107CD00000F024F809E00A490839C1F80090091DAC
:107CE000C1F80090091DC1F80090FEF75BFA3CE571
:107CF000A0880008001802406C000020C007002087
:107D00003C0800403C04004000000140089300088B
:107D10000148006870470000240C00402DE9F05F26
:107D200004462DED048BF0EE408A032820D2A848AB
:107D3000A8490278A8489FEDA98A01EB840600EBC8
:107D4000C405012A18D0032A7DD0042A10D1204668
:107D500000F094FBA248B0EE680A00EB8400C0ED8E
:107D6000008A2046FEF7A2F985ED010A85ED008A1A
:107D7000BDEC048BBDE8F09F2046FFF7CDFB9A4990
:107D80009C4A01EB840A994902EB840BF0EEE89AD5
:107D90009A4A19EE900A01EB8409924B944902EB3E
:107DA0008407C6ED008ADFF8508204EBC40201EBC1
:107DB0008206984229DA9248DAED000A50F8240047
:107DC00000EE100A8F48B8EEC00A20EE201AD0ED5F
:107DD000030A99ED000AF8EEE00A11EE200A87ED99
:107DE000000AFFF795FF48F82400B0EE480A86ED38
:107DF000070A86ED050A85ED010A85ED000A9BED6F
:107E0000001A2046F0EE400AD0E0FFF781FF58F854
:107E10002420DFED7D0AEAB3821A00EE102AB8EEC4
:107E2000400A9FED7A1A20EE010A00BFB5EEC00AA3
:107E3000F1EE10FA04D910EE102AB2F17C5F01DDE8
:107E4000B0EE600A00E0B7E048F82400DFF8B48143
:107E500097ED001A6A48D8ED030AF8EEE01AF8EE3A
:107E6000E00A68EEA11A01EE801A87ED001A50F8B8
:107E70002400DAED001A00EE100AB8EEC00A60EE37
:107E8000211A99ED000A11EEA00A31EE400ADFED49
:107E9000600A00E001E05F4908E0B0EE600AC5E773
:107EA00031EE601A30EE600A87ED001A10EE100A0B
:107EB0008842F5DC584900BF10EE100A884206D906
:107EC00031EE201A30EE200A87ED001AF4E710EEAA
:107ED000100A5249884202DD98ED029A0FE010EE36
:107EE000100A4F49884204D998ED020AB1EE409A2F
:107EF00005E0FDF7CDFAD8ED020A20EE209A4948B8
:107F000000EB840090ED000A38EEC00ADFED460A6F
:107F10004746304600EE209AD8ED020AC6ED040A24
:107F2000FCF75EFCDFED410A19EE900A404908EECD
:107F3000A00AF7EE000A8842B0EE401A04DCB0EE68
:107F4000600AF0EE480A11E019EE900AB0F1824F93
:107F500002DBB0EE480A09E0B2EE000AB1EE042AF4
:107F600070EE691A81EE820A70EEC00A20EE090AEC
:107F700000EE810AD7ED020AB1EE601AB4EEC10A32
:107F8000F1EE10FA02D2B0EE410A06E0B4EEE00AD9
:107F9000F1EE10FA01DDB0EE600A85ED010AF0EEB7
:107FA000480AC5ED000A9BED001A2046BDEC048B83
:107FB000BDE8F05F00F0E4B8204600F05FFAC6EDDF
:107FC000008AB0EE680A204600F04CFBCCE60000C8
:107FD0004C000020C8080020E0080020000000003D
:107FE000D40800200AD7233CC0070020D80700206F
:107FF0002C080020BC0800202008002014080020C5
:1080000054000020640000206F12833ABD3786358B
:10801000DB0FC940DB0F4940DB0F49C0DB0FC93F15
:10802000DB0FC9BFCC0700209A99993ECDCC4C3DBF
:10803000000040402DE9F04115460E460446FFF78A
:1080400007FAD020FFF72EFA48B92046FFF72AFAA0
:1080500028B9FFF7FDF9D120FFF724FA20B1FFF787
:108060000FFA0120BDE8F08100246F1E09E0BC4238
:1080700001D0012000E00020FFF7ACF93055641C6E
:10808000E4B2AC42F3D3FFF7FBF90020EAE770B5A6
:108090000C460546FFF7DCF9D020FFF703FA38B9A4
:1080A0002846FFF7FFF918B92046FFF7FBF918B18A
:1080B000FFF7E6F9012070BDFFF7E2F9002070BD7F
:1080C00070B5032801D2044601E04FF0000401D34B
:1080D0004FF00200054648E0254850F8240000EE25
:1080E000100A244800EB8400B8EEC00AD0ED000A64
:1080F000204800F1180000EB840020EE201A90EDDB
:10810000000A1D48D0ED000A1A48F8EEE00A00F116
:10811000540000EB840011EE200A80ED000AFFF706
:10812000F7FD14499FED150A603104EB440241F854
:108130002400104804EBC4016C3000EB81000021E6
:1081400080ED050A80ED060A80ED070A0162094804
:10815000D83000EB820080ED010A816005480C30C8
:1081600000EB8400641C80ED000AAC42B4DD70BDFD
:1081700054000020C0070020700000200000000014
:1081800010B504462DED048BF0EE419AB0EE408A16
:10819000F0EE608AB0EE690AFDF77AF8B0EE409A28
:1081A000B0EE690AFDF774F929EE281AF0EE401ACC
:1081B000BEEE000A01EEC81A61EEA81A49EE081ACE
:1081C00061EE000AB0EE600A9FED652A41EE820A78
:1081D00001EEC20AB4EEE01AF1EE10FA07D2B4EEE4
:1081E000C01AF1EE10FA0AD2B0EE413A09E0F4EE0C
:1081F000C00AF1EE10FA02D2B0EE603A01E0B0EE41
:10820000403AB4EEE01AF1EE10FA07DDB4EEC01A0F
:10821000F1EE10FA0ADDF0EE412A09E0F4EEC00AB0
:10822000F1EE10FA02DDF0EE602A01E0F0EE402AF5
:108230004C48F6EE003A72EE832A90ED012A62EE87
:10824000231A42EEE31A31EE211A70EEA12A70EEE3
:10825000210AC1EE021A9FED443A4FF07E51F5EE2D
:10826000C01AF1EE10FA02D2F0EE431A05E011EE58
:10827000900A884201DDF7EE001A82EE821AB5EE0E
:10828000C01AF1EE10FA02D2B0EE431A05E011EE78
:10829000100A884201DDB7EE001A80EE820AB5EEC0
:1082A000C00AF1EE10FA02D2B0EE430A05E010EE79
:1082B000100A884201DDB7EE000A04B3DFED2B0A95
:1082C000012C35D0022C17D161EEA01A2849FCEE02
:1082D000E11A11EE900A086021EE201A091DBCEE89
:1082E000C11A11EE100A086020EE200A091DBCEE2A
:1082F000C00A10EE100A0860BDEC048B10BDDFED63
:108300001D0A1D4861EEA01AFCEEE11A11EE901A4A
:10831000416321EE201ABCEEC11A11EE101A8163DE
:1083200020EE200ABCEEC00A10EE101AC163E3E78B
:1083300061EEA01A1149FCEEE11A11EE900A0860F4
:1083400021EE201A091DBCEEC11A11EE100A0860B8
:1083500020EE200A091DBCEEC00A10EE100ACAE782
:10836000D7B35D3F64000020000000000000D2444D
:108370003408004000005245000001403404004031
:108380002DE9F0412F4EDFF8C0800F4605004FF079
:10839000000401D0012D18D10FB1012000E0002010
:1083A000307040B10020FFF78BFE0122114640469D
:1083B000F9F705F908E0002201214046F9F7FFF836
:1083C000224844638463C4630DB1022D1AD10FB1F6
:1083D000012000E00020707040B10120FFF770FE26
:1083E000012202214046F9F7EAF80AE000220221C0
:1083F0004046F9F7E4F816480460001D0460001DCB
:1084000004600DB1032D1AD10FB1012000E000204E
:10841000B07048B10220FFF753FE4046BDE8F0417E
:1084200001220421F9F7CBB8002204214046F9F7D4
:10843000C6F808480460001D0460001D0460BDE823
:10844000F081000000000020000C0240000001400C
:108450003404004034080040032805D2044901EBED
:10846000800090ED000A70479FED020A70470000FF
:10847000C007002000000000704700002DE9F04315
:1084800004462DED028B83B00020ADF800009FED77
:10849000688A8DED018AFFF73BFC0546032C53D219
:1084A0006448005DC8B301283DD002284CD101A921
:1084B0006846FEF74DFF002846D1BDF9000000EEEA
:1084C000100AB8EEC00ADFED5C1A20EE210ADFEDDB
:1084D0005B0A5B4BA3F1300000F10C0101EB840659
:1084E000183120EE201A01EB840253F8247000F1B9
:1084F0004809183101EB840100EB8400C7B192ED0B
:10850000000A504FDFF840C171EE400A10EE908A29
:10851000B8451EDD70EEE10A21E0FFE701A96846DB
:10852000FEF78CFEC7E701A96846FEF7CFFEC2E75B
:1085300082ED001A81ED001A43F8245049F82450C6
:1085400080ED001A86ED008A03B0BDEC028BBDE819
:10855000F08310EE908AE04501D970EEA10A82ED19
:10856000001A43F8245090ED000A30EE200A80ED06
:10857000000A59F824002A1AB2F57A7FE4D391ED63
:10858000000A71EE400A10EE900AB84202DD70EE69
:10859000E10A05E010EE900A604501D970EEA10AEB
:1085A000DFF89C80DFF8A4C004EB4400B0EEE00AE2
:1085B00010EE107A08F1A80808EB800067452BDB65
:1085C00000EE102ADFED221A1A4AB8EE400A121DF8
:1085D00052F8242020EE210A81ED001A49F8245097
:1085E000C0EE801A00EE102A1A4AB8EEC00A21EE38
:1085F000800A10EE101A914202DD9FED170A06E084
:1086000010EE101A154A914201D99FED150AFAF79A
:1086100099FB86ED000A97E74CF25037BA4293D3A4
:1086200081ED001A49F82450B0EE480AEFE7000047
:108630000000000050000020DB0FC940000080381F
:10864000F0070020DB0F4940DB0F49C052499D393C
:10865000BD3786350000C8420000C8420000C8C2CD
:108660000000C8C270B504462DED028BB0EE408A02
:10867000FFF74EFB22499FED230A51F82420D2B385
:10868000821A00EE902A9FED201AF8EE600A60EE42
:10869000810A00BFF5EEC00A41F82400F1EE10FA9D
:1086A00004D910EE900AB0F17C5F01DDF0EE400AD3
:1086B00013480C3800EB840595ED000A08EE200AFB
:1086C000FDF75AF985ED000A104DD5ED030AF8EED5
:1086D000E00A20EE200AFDF74FF9B0EE401A2046DE
:1086E000DFED0B0A95ED020AFFF74AFD95ED020A50
:1086F000BDEC028B70BDFFE7F0EE400ACAE7000058
:10870000040900206F12833ABD37863564000020CB
:10871000000000000000000000000000010203044F
:108720000607080900000000010203040000000021
:108730006E83F9A22915444ED15727FCC0DD34F5CC
:10874000999562DB4190433CAB6351FE0040404051
:108750004040404040404141414141404040404014
:1087600040404040404040404040404040050202C0
:10877000020202020202020202020202022020207F
:1087800020202020202020020202020202029090DB
:1087900090909090101010101010101010101010D9
:1087A000101010101010101002020202020288882D
:1087B0008888888808080808080808080808080839
:1087C0000808080808080808020202024000000021
:1087D0004D8700083D3D3D3D3D3D3D3D3D3D3D3DE1
:1087E0003D3D3D3D3D3D3D3D3D3D3D3D3D3D3D3DB9
:1087F0003D3D3D3D3D3D3D3D3D3D3D3D3D3D3D3DA9
:108800003D3D3D3D3D3D3D3D3D3D3D3D3D3D3D3D98
:108810003D3D0D0A0D0A00002020202020202020B0
:10882000202020202020204D4F544F52202620452C
:108830004E434F44455220444941474E4F535449BB
:108840004353205245504F525420202020202020B6
:108850002020202020200D0A0000000020202020C1
:108860002020205354415254494E4720332D415823
:108870004953204D4F544F52202620454E434F44DC
:108880004552204F50454E2D4C4F4F50205445538C
:10889000542020202020202020200D0A000000004D
:1088A0002454454C452C4D313A252E32662C4D3200
:1088B0003A252E32662C4D333A252E32662C5671CF
:1088C0003A252E32662C454E3A2564256425642CC3
:1088D00041313A252E32662C41323A252E32662C11
:1088E00041333A252E32662C47783A252E31662CB4
:1088F00047793A252E31662C477A3A252E31662C57
:1089000041783A252E32662C41793A252E32662C52
:10891000417A3A252E32662C48313A252E31662C82
:1089200048323A252E31662C48333A252E31662CB2
:1089300053313A252E32662C53323A252E32662C8C
:1089400053333A252E3266230D0A00002454455332
:10895000545F5245504F52542C4D313A25733A25AD
:10896000643A252E31662C4D323A25733A25643A05
:10897000252E31662C4D333A25733A25643A252E3F
:1089800031662C414C4C3A2573230D0A000000003F
:1089900020205B4D2564205370696E20446F6E6506
:1089A0005D20456E6331206D6F7665643A20252E1B
:1089B00031662A2028636F6D6D2025642525292CBA
:1089C00020456E6332206D6F7665643A20252E3126
:1089D000662A2028636F6D6D2025642525292C20AB
:1089E000456E6333206D6F7665643A20252E3166BF
:1089F0002A2028636F6D6D2025642525290D0A0026
:108A00004552522053454E534F5220666F726D614E
:108A100074202855736167653A2053454E534F5271
:108A2000203120666F72204C534D364453522C2017
:108A300053454E534F52203220666F72204D505591
:108A400036303530290D0A002D2D2D204375626CEE
:108A50006920332D4D6F746F7220436F6E74726F87
:108A60006C6C65722028436C6F7365642D6C6F6F3E
:108A70007020537065656429202D2D2D0D0A4D2021
:108A80003C76313E203C76323E203C76333E202000
:108A90005365742033206D6F746F72207370656539
:108AA000647320287261642F73290D0A4D312F4D94
:108AB000322F4D33203C76616C3E2020205365746C
:108AC000204D312F4D322F4D332073706565640D6D
:108AD0000A53544F502020202020202020202020E6
:108AE0002020456D657267656E63792073746F70C1
:108AF0002028616C6C2030290D0A454E203C6531E0
:108B00003E203C65323E203C65333E20456E61622E
:108B10006C652F64697361626C652044525638330A
:108B200031332028312F30290D0A4D4F4445203C48
:108B3000302F313E2020202020202053776974637D
:108B400068204F70656E2D6C6F6F70283029202F54
:108B500020436C6F7365642D6C6F6F702831292012
:108B60005B637572723D25735D0D0A414C49474E3A
:108B7000202F2043414C49422020202052652D6166
:108B80006C69676E20656C656374726963616C20E3
:108B90007A65726F20616E676C650D0A5445535497
:108BA000202F20434845434B202020202052756E23
:108BB00020332D61786973206F70656E2D6C6F6F37
:108BC00070206D6F746F72202620656E636F646510
:108BD0007220746573740D0A504944203C503E2045
:108BE0003C493E205B445D20205365742076656CD3
:108BF0006F63697479206C6F6F70205049442067EF
:108C000061696E730D0A553C76616C3E2020202010
:108C10002020202020202053657420766F6C746102
:108C20006765206C696D69742028302E317E362E80
:108C3000305629205B637572723D252E32665D0DBC
:108C40000A4C3C76616C3E202020202020202020F1
:108C500020205365742076656C6F63697479206C8D
:108C6000696D6974205B637572723D252E32665D95
:108C70000D0A54454C45203C302F313E2020202009
:108C8000202020546F67676C652074656C656D6586
:108C90007472792073747265616D205B6375727292
:108CA0003D25645D0D0A494D5520202020202020BF
:108CB00020202020202020517565727920362D61DA
:108CC000786973206779726F73636F706520616E66
:108CD0006420616363656C65726F6D657465720DA8
:108CE0000A48414C4C202F20454E43202020202074
:108CF000202051756572792033206D6F746F72205A
:108D000048616C6C2F656E636F64657220616E677D
:108D10006C657320284D5436373031290D0A534580
:108D20004E534F52203C312F323E202020202053E2
:108D300077697463682073656E736F722028313AA7
:108D40004C534D364453522C20323A4D5055363008
:108D5000353029205B637572723D25645D0D0A53C1
:108D6000746174653A204D6F64653D2573204D3103
:108D70003D252E326628656E3D25642C6163743D69
:108D8000252E326629204D323D252E326628656E0D
:108D90003D25642C6163743D252E326629204D33B8
:108DA0003D252E326628656E3D25642C6163743D39
:108DB000252E3266290D0A00455252204D4F44455A
:108DC00020666F726D6174202855736167653A2063
:108DD0004D4F4445203120666F7220436C6F7365A0
:108DE000642D6C6F6F702C204D4F444520302066F1
:108DF0006F72204F70656E2D6C6F6F70290D0A00B9
:108E0000204D25642020207C20252D3130737C20AE
:108E1000253364252520282532642F253264292016
:108E2000207C202025362E31662A20207C202536E5
:108E30002E31662A20207C202025362E31662A0DF0
:108E40000A0000002D2D2D2D2D2D2D2D2D2D2D2DFC
:108E50002D2D2D2D2D2D2D2D2D2D2D2D2D2D2D2D42
:108E60002D2D2D2D2D2D2D2D2D2D2D2D2D2D2D2D32
:108E70002D2D2D2D2D2D2D2D2D2D2D2D2D2D2D2D22
:108E80002D2D0D0A00000000496E6974204D5436E6
:108E900037303120656E636F64657273206F6E20AA
:108EA0004932433120285042362F504237292C2056
:108EB0004932433220285046312F504630292C2049
:108EC0004932433320285041382F504339292E2E20
:108ED0002E0D0A00496E6974204C534D364453528E
:108EE0005452206F6E205350493220285042313264
:108EF0003D43532C20504231333D53434B2C2050A3
:108F00004231343D4D49534F2C20504231353D4D77
:108F10004F5349292E2E2E0D0A00000053797374E9
:108F2000656D20696E697469616C697A65642E206B
:108F30004D6F746F72732069646C652C2077616962
:108F400074696E6720666F72205570706572436F2A
:108F50006D70757465722053656C662D54657374FD
:108F6000202854455354292E2E2E0D0A00000000AF
:108F70005B544553545D2054657374696E67204D8E
:108F80006F746F7220256420284452563833313371
:108F9000202325642C2050574D2054696D65722084
:108FA00054494D25642C204C45443A2050472564B3
:108FB000292E2E2E0D0A0000322E20526F7461745D
:108FC000696E6720737461746F72206669656C6482
:108FD00020736D6F6F74686C7920666F72202564E2
:108FE00020656C656374726963616C206379636C7E
:108FF0006573202825642A33363020646567292E5E
:109000002E2E0D0A000000005B544553545D205085
:109010006861736520323A205374617274696E67B7
:1090200020332D617869732073657175656E74697D
:10903000616C206D6F746F72206F70656E2D6C6F38
:109040006F7020726F746174696F6E2E2E2E0D0A10
:10905000000000002020202020204641494C2853B9
:1090600054414C4C29202D3E20436865636B206D94
:1090700061676E65742064697374616E63652F70D7
:109080006F6C61726974792C206D6F746F722077C8
:109090006972696E67206F72206D656368616E69C1
:1090A00063616C207374616C6C2E0D0A000000000B
:1090B000526573756C743A203E3E3E205741524EC5
:1090C000494E473A20454E434F4445522F4D4F5449
:1090D0004F5220414E4F4D414C5920444554454339
:1090E00054454420284641494C29203C3C3C0D0A2B
:1090F00000000000526573756C743A203E3E3E20BD
:10910000414C4C20494E5354414C4C4544204D4F0A
:10911000544F52532043414C4942524154454420FC
:1091200026204845414C5448592028504153532942
:10913000203C3C3C0D0A00000D0A3D3D3D3D3D3DBF
:109140003D3D3D3D3D3D3D3D3D3D3D3D3D3D3D3D4F
:109150003D3D3D3D3D3D3D3D3D3D3D3D3D3D3D3D3F
:109160003D3D3D3D3D3D3D3D3D3D3D3D3D3D3D3D2F
:109170003D3D3D3D3D3D3D3D0D0A00003D3D3D3DFC
:109180003D3D3D3D3D3D3D3D3D3D3D3D3D3D3D3D0F
:109190003D3D3D3D3D3D3D3D3D3D3D3D3D3D3D3DFF
:1091A0003D3D3D3D3D3D3D3D3D3D3D3D3D3D3D3DEF
:1091B0003D3D3D3D3D3D3D3D3D3D0D0A0000000036
:1091C00020205B4D25642043616C69625D205A65F7
:1091D000726F20456C656320416E676C653A20258F
:1091E0002E3266207261642028252E316620646547
:1091F0006729205B43414C494252415445445D0D2F
:109200000A0000002D2D2D204D6F746F72204861D3
:109210006C6C2F456E636F6465722053656E736F5F
:10922000727320284D543637303129202D2D2D0DC5
:109230000A4D31202849324331293A205261773D85
:1092400025642028307825303458292C20416E6739
:109250006C653D252E3266206465672C2053706452
:109260003D252E3266207261642F732C204F6E6C68
:10927000696E653D25640D0A4D322028493243321E
:10928000293A205261773D256420283078253034F2
:1092900058292C20416E676C653D252E326620646E
:1092A00065672C205370643D252E32662072616400
:1092B0002F732C204F6E6C696E653D25640D0A4D31
:1092C00033202849324333293A205261773D2564BF
:1092D0002028307825303458292C20416E676C6561
:1092E0003D252E3266206465672C205370643D2531
:1092F0002E3266207261642F732C204F6E6C696E63
:10930000653D25640D0A00004D313A252E33665B1C
:10931000256C7520256C7520256C755D20204D32DF
:109320003A252E33665B256C7520256C7520256CDF
:10933000755D20204D333A252E33665B256C7520F4
:10934000256C7520256C755D202056713D252E32CB
:10935000660D0A002D2D2D20494D552053656E7345
:109360006F7220537461747573202D2D2D0D0A5466
:109370007970653A2025732C204F6E6C696E653AC2
:109380002025642C2057484F5F414D5F493A2030DB
:1093900078253032580D0A4779726F20286470732F
:1093A000293A202047783D252E32662C2047793DEA
:1093B000252E32662C20477A3D252E32660D0A4135
:1093C0006363656C202867293A20202041783D2579
:1093D0002E33662C2041793D252E33662C20417A90
:1093E0003D252E33660D0A004D6F746F72207C2070
:1093F000526573756C74207C202049324320436F82
:109400006D6D205261746520207C205374617274EC
:1094100020446567207C20456E6420446567207C7D
:109420002054726176656C204465670D0A00000067
:1094300020205B4D25642043616C69625D2044728D
:1094400069766572202564202D3E20456E636F6429
:109450006572202564207C204469723A202573209F
:109460007C2054726176656C3A20252E316620642A
:1094700065670D0A00000000416C69676E204D258C
:1094800064204F4B20287573696E6720493243254D
:1094900064293A204469723D25732C205A65726F05
:1094A0005F456C65633D252E32662072616420281D
:1094B000252E316620646567290D0A00DC940008BA
:1094C0000000002080000000A85700085C950008FC
:1094D00080000020900C0000B85700080101010135
:1094E000000100000000000000000000000000007B
:1094F000000000000000000000000000000000006C
:10950000000000000000000000000000000000005B
:10951000000000000000000001000000100000003A
:10952000000000000024F40001000000000102001F
:109530000100000001000000010000000000000028
:109540003333334000000000000000000000000042
:0C9550000000000000000000000000000F
:040000050800018965
:00000001FF
